GeoFIPS,GeoName,median_owner_occupied_home_value
1001,"Autauga, AL",164900.0
1003,"Baldwin, AL",226600.0
1005,"Barbour, AL",89500.0
1007,"Bibb, AL",102900.0
1009,"Blount, AL",138100.0
1011,"Bullock, AL",72600.0
1013,"Butler, AL",93500.0
1015,"Calhoun, AL",123200.0
1017,"Chambers, AL",107000.0
1019,"Cherokee, AL",141000.0
1021,"Chilton, AL",117300.0
1023,"Choctaw, AL",79800.0
1025,"Clarke, AL",113700.0
1027,"Clay, AL",122400.0
1029,"Cleburne, AL",116500.0
1031,"Coffee, AL",157700.0
1033,"Colbert, AL",129700.0
1035,"Conecuh, AL",82800.0
1037,"Coosa, AL",95900.0
1039,"Covington, AL",111900.0
1041,"Crenshaw, AL",85800.0
1043,"Cullman, AL",143700.0
1045,"Dale, AL",112900.0
1047,"Dallas, AL",85400.0
1049,"DeKalb, AL",115100.0
1051,"Elmore, AL",174800.0
1053,"Escambia, AL",108200.0
1055,"Etowah, AL",129600.0
1057,"Fayette, AL",98400.0
1059,"Franklin, AL",107200.0
1061,"Geneva, AL",115300.0
1063,"Greene, AL",80300.0
1065,"Hale, AL",89700.0
1067,"Henry, AL",122800.0
1069,"Houston, AL",146300.0
1071,"Jackson, AL",114200.0
1073,"Jefferson, AL",176900.0
1075,"Lamar, AL",102100.0
1077,"Lauderdale, AL",154800.0
1079,"Lawrence, AL",124300.0
1081,"Lee, AL",186600.0
1083,"Limestone, AL",185300.0
1085,"Lowndes, AL",77700.0
1087,"Macon, AL",84300.0
1089,"Madison, AL",202500.0
1091,"Marengo, AL",89500.0
1093,"Marion, AL",89100.0
1095,"Marshall, AL",147600.0
1097,"Mobile, AL",144100.0
1099,"Monroe, AL",103700.0
1101,"Montgomery, AL",134700.0
1103,"Morgan, AL",152400.0
1105,"Perry, AL",74400.0
1107,"Pickens, AL",105100.0
1109,"Pike, AL",130900.0
1111,"Randolph, AL",124200.0
1113,"Russell, AL",130400.0
1115,"St. Clair, AL",170900.0
1117,"Shelby, AL",235500.0
1119,"Sumter, AL",69800.0
1121,"Talladega, AL",114800.0
1123,"Tallapoosa, AL",111900.0
1125,"Tuscaloosa, AL",183800.0
1127,"Walker, AL",116200.0
1129,"Washington, AL",111600.0
1131,"Wilcox, AL",72800.0
1133,"Winston, AL",105000.0
2013,"Aleutians East Borough, AK",144100.0
2016,"Aleutians West Census Area, AK",325500.0
2020,"Anchorage Municipality, AK",327500.0
2050,"Bethel Census Area, AK",102300.0
2060,"Bristol Bay Borough, AK",234000.0
2068,"Denali Borough, AK",203600.0
2070,"Dillingham Census Area, AK",155900.0
2090,"Fairbanks North Star Borough, AK",245700.0
2100,"Haines Borough, AK",256300.0
2110,"Juneau City and Borough, AK",358200.0
2122,"Kenai Peninsula Borough, AK",249100.0
2130,"Ketchikan Gateway Borough, AK*",315200.0
2150,"Kodiak Island Borough, AK",311100.0
2164,"Lake and Peninsula Borough, AK",116400.0
2170,"Matanuska-Susitna Borough, AK",265200.0
2180,"Nome Census Area, AK",151900.0
2185,"North Slope Borough, AK",173500.0
2188,"Northwest Arctic Borough, AK",130700.0
2220,"Sitka City and Borough, AK",367800.0
2240,"Southeast Fairbanks Census Area, AK",192300.0
2290,"Yukon-Koyukuk Census Area, AK",77400.0
4001,"Apache, AZ",57300.0
4003,"Cochise, AZ",159500.0
4005,"Coconino, AZ",320400.0
4007,"Gila, AZ",190700.0
4009,"Graham, AZ",150400.0
4011,"Greenlee, AZ",92600.0
4012,"La Paz, AZ",104300.0
4013,"Maricopa, AZ",304700.0
4015,"Mohave, AZ",192300.0
4017,"Navajo, AZ",145700.0
4019,"Pima, AZ",217700.0
4021,"Pinal, AZ",218400.0
4023,"Santa Cruz, AZ",165500.0
4025,"Yavapai, AZ",295400.0
4027,"Yuma, AZ",148900.0
5001,"Arkansas, AR",114200.0
5003,"Ashley, AR",78100.0
5005,"Baxter, AR",138500.0
5007,"Benton, AR",211100.0
5009,"Boone, AR",133500.0
5011,"Bradley, AR",78600.0
5013,"Calhoun, AR",75900.0
5015,"Carroll, AR",154400.0
5017,"Chicot, AR",70900.0
5019,"Clark, AR",120600.0
5021,"Clay, AR",75800.0
5023,"Cleburne, AR",139200.0
5025,"Cleveland, AR",96200.0
5027,"Columbia, AR",106300.0
5029,"Conway, AR",116800.0
5031,"Craighead, AR",157100.0
5033,"Crawford, AR",131600.0
5035,"Crittenden, AR",131400.0
5037,"Cross, AR",85300.0
5039,"Dallas, AR",78100.0
5041,"Desha, AR",84800.0
5043,"Drew, AR",103900.0
5045,"Faulkner, AR",171800.0
5047,"Franklin, AR",99900.0
5049,"Fulton, AR",88100.0
5051,"Garland, AR",145900.0
5053,"Grant, AR",124900.0
5055,"Greene, AR",136700.0
5057,"Hempstead, AR",93000.0
5059,"Hot Spring, AR",102300.0
5061,"Howard, AR",107600.0
5063,"Independence, AR",100100.0
5065,"Izard, AR",87900.0
5067,"Jackson, AR",75300.0
5069,"Jefferson, AR",90500.0
5071,"Johnson, AR",108300.0
5073,"Lafayette, AR",60800.0
5075,"Lawrence, AR",75900.0
5077,"Lee, AR",75300.0
5079,"Lincoln, AR",91800.0
5081,"Little River, AR",86700.0
5083,"Logan, AR",106400.0
5085,"Lonoke, AR",153600.0
5087,"Madison, AR",121500.0
5089,"Marion, AR",139200.0
5091,"Miller, AR",114100.0
5093,"Mississippi, AR",96200.0
5095,"Monroe, AR",74600.0
5097,"Montgomery, AR",116800.0
5099,"Nevada, AR",71100.0
5101,"Newton, AR",147200.0
5103,"Ouachita, AR",78800.0
5105,"Perry, AR",117600.0
5107,"Phillips, AR",73400.0
5109,"Pike, AR",86900.0
5111,"Poinsett, AR",82000.0
5113,"Polk, AR",108100.0
5115,"Pope, AR",132400.0
5117,"Prairie, AR",80200.0
5119,"Pulaski, AR",166300.0
5121,"Randolph, AR",96500.0
5123,"St. Francis, AR",68100.0
5125,"Saline, AR",168100.0
5127,"Scott, AR",82200.0
5129,"Searcy, AR",101500.0
5131,"Sebastian, AR",136600.0
5133,"Sevier, AR",94200.0
5135,"Sharp, AR",77000.0
5137,"Stone, AR",121600.0
5139,"Union, AR",89200.0
5141,"Van Buren, AR",106600.0
5143,"Washington, AR",201800.0
5145,"White, AR",129600.0
5147,"Woodruff, AR",76800.0
5149,"Yell, AR",112100.0
6001,"Alameda, CA",870100.0
6003,"Alpine, CA",378200.0
6005,"Amador, CA",349500.0
6007,"Butte, CA",325600.0
6009,"Calaveras, CA",354600.0
6011,"Colusa, CA",300500.0
6013,"Contra Costa, CA",689000.0
6015,"Del Norte, CA",237700.0
6017,"El Dorado, CA",510200.0
6019,"Fresno, CA",288100.0
6021,"Glenn, CA",262600.0
6023,"Humboldt, CA",344800.0
6025,"Imperial, CA",219800.0
6027,"Inyo, CA",291400.0
6029,"Kern, CA",241400.0
6031,"Kings, CA",243300.0
6033,"Lake, CA",260600.0
6035,"Lassen, CA",211300.0
6037,"Los Angeles, CA",647000.0
6039,"Madera, CA",284800.0
6041,"Marin, CA",1118300.0
6043,"Mariposa, CA",302600.0
6045,"Mendocino, CA",417100.0
6047,"Merced, CA",288400.0
6049,"Modoc, CA",152400.0
6051,"Mono, CA",390100.0
6053,"Monterey, CA",596400.0
6055,"Napa, CA",685500.0
6057,"Nevada, CA",474100.0
6059,"Orange, CA",738100.0
6061,"Placer, CA",539400.0
6063,"Plumas, CA",268900.0
6065,"Riverside, CA",390400.0
6067,"Sacramento, CA",398300.0
6069,"San Benito, CA",623000.0
6071,"San Bernardino, CA",370700.0
6073,"San Diego, CA",627200.0
6075,"San Francisco, CA",1194500.0
6077,"San Joaquin, CA",391500.0
6079,"San Luis Obispo, CA",630600.0
6081,"San Mateo, CA",1225900.0
6083,"Santa Barbara, CA",625200.0
6085,"Santa Clara, CA",1134400.0
6087,"Santa Cruz, CA",826500.0
6089,"Shasta, CA",281600.0
6091,"Sierra, CA",231400.0
6093,"Siskiyou, CA",229600.0
6095,"Solano, CA",464000.0
6097,"Sonoma, CA",665800.0
6099,"Stanislaus, CA",338300.0
6101,"Sutter, CA",326300.0
6103,"Tehama, CA",243600.0
6105,"Trinity, CA",300800.0
6107,"Tulare, CA",240600.0
6109,"Tuolumne, CA",333500.0
6111,"Ventura, CA",633900.0
6113,"Yolo, CA",476000.0
6115,"Yuba, CA",286000.0
8001,"Adams, CO*",360600.0
8003,"Alamosa, CO",160400.0
8005,"Arapahoe, CO",415500.0
8007,"Archuleta, CO",356400.0
8009,"Baca, CO",117900.0
8011,"Bent, CO",88900.0
8013,"Boulder, CO*",575700.0
8015,"Chaffee, CO",416100.0
8017,"Cheyenne, CO",157500.0
8019,"Clear Creek, CO",471400.0
8021,"Conejos, CO",129600.0
8023,"Costilla, CO",123000.0
8025,"Crowley, CO",71200.0
8027,"Custer, CO",262700.0
8029,"Delta, CO",268400.0
8031,"Denver, CO",459100.0
8033,"Dolores, CO",181400.0
8035,"Douglas, CO",540400.0
8037,"Eagle, CO",640400.0
8039,"Elbert, CO",538800.0
8041,"El Paso, CO",331400.0
8043,"Fremont, CO",217500.0
8045,"Garfield, CO",383600.0
8047,"Gilpin, CO",411500.0
8049,"Grand, CO",374800.0
8051,"Gunnison, CO",435800.0
8053,"Hinsdale, CO",338600.0
8055,"Huerfano, CO",193200.0
8057,"Jackson, CO",239100.0
8059,"Jefferson, CO*",463400.0
8061,"Kiowa, CO",105500.0
8063,"Kit Carson, CO",161100.0
8065,"Lake, CO",262800.0
8067,"La Plata, CO",430200.0
8069,"Larimer, CO",420200.0
8071,"Las Animas, CO",168100.0
8073,"Lincoln, CO",163900.0
8075,"Logan, CO",177100.0
8077,"Mesa, CO",264100.0
8079,"Mineral, CO",354400.0
8081,"Moffat, CO",201700.0
8083,"Montezuma, CO",243500.0
8085,"Montrose, CO",264900.0
8087,"Morgan, CO",239800.0
8089,"Otero, CO",107500.0
8091,"Ouray, CO",528000.0
8093,"Park, CO",395800.0
8095,"Phillips, CO",213400.0
8097,"Pitkin, CO",730300.0
8099,"Prowers, CO",108400.0
8101,"Pueblo, CO",190000.0
8103,"Rio Blanco, CO",220100.0
8105,"Rio Grande, CO",180600.0
8107,"Routt, CO",570600.0
8109,"Saguache, CO",161000.0
8111,"San Juan, CO",330000.0
8113,"San Miguel, CO",479500.0
8115,"Sedgwick, CO",116700.0
8117,"Summit, CO",641900.0
8119,"Teller, CO",328900.0
8121,"Washington, CO",173000.0
8123,"Weld, CO*",352000.0
8125,"Yuma, CO",184400.0
9001,"Fairfield, CT",443100.0
9003,"Hartford, CT",249000.0
9005,"Litchfield, CT",270000.0
9007,"Middlesex, CT",298300.0
9009,"New Haven, CT",259400.0
9011,"New London, CT",257600.0
9013,"Tolland, CT",264500.0
9015,"Windham, CT",217300.0
10001,"Kent, DE",238700.0
10003,"New Castle, DE",275600.0
10005,"Sussex, DE",285100.0
11001,"District of Columbia, DC",635900.0
12001,"Alachua, FL",210800.0
12003,"Baker, FL",172300.0
12005,"Bay, FL",209900.0
12007,"Bradford, FL",127400.0
12009,"Brevard, FL",235500.0
12011,"Broward, FL",299700.0
12013,"Calhoun, FL",103100.0
12015,"Charlotte, FL",226700.0
12017,"Citrus, FL",158800.0
12019,"Clay, FL",212200.0
12021,"Collier, FL",374700.0
12023,"Columbia, FL",151400.0
12027,"DeSoto, FL",112600.0
12029,"Dixie, FL",84600.0
12031,"Duval, FL",211200.0
12033,"Escambia, FL",171900.0
12035,"Flagler, FL",247000.0
12037,"Franklin, FL",198500.0
12039,"Gadsden, FL",105600.0
12041,"Gilchrist, FL",137900.0
12043,"Glades, FL",79000.0
12045,"Gulf, FL",190700.0
12047,"Hamilton, FL",87000.0
12049,"Hardee, FL",101100.0
12051,"Hendry, FL",116900.0
12053,"Hernando, FL",173700.0
12055,"Highlands, FL",131900.0
12057,"Hillsborough, FL",251200.0
12059,"Holmes, FL",85000.0
12061,"Indian River, FL",242100.0
12063,"Jackson, FL",104800.0
12065,"Jefferson, FL",153400.0
12067,"Lafayette, FL",102400.0
12069,"Lake, FL",223000.0
12071,"Lee, FL",248300.0
12073,"Leon, FL",223400.0
12075,"Levy, FL",130200.0
12077,"Liberty, FL",102500.0
12079,"Madison, FL",89000.0
12081,"Manatee, FL",267300.0
12083,"Marion, FL",160300.0
12085,"Martin, FL",306700.0
12086,"Miami-Dade, FL",332800.0
12087,"Monroe, FL",613400.0
12089,"Nassau, FL",264100.0
12091,"Okaloosa, FL",248400.0
12093,"Okeechobee, FL",125700.0
12095,"Orange, FL",276900.0
12097,"Osceola, FL",238700.0
12099,"Palm Beach, FL",316600.0
12101,"Pasco, FL",193000.0
12103,"Pinellas, FL",238400.0
12105,"Polk, FL",177900.0
12107,"Putnam, FL",111200.0
12109,"St. Johns, FL",348100.0
12111,"St. Lucie, FL",231000.0
12113,"Santa Rosa, FL",231800.0
12115,"Sarasota, FL",286000.0
12117,"Seminole, FL",280100.0
12119,"Sumter, FL",280100.0
12121,"Suwannee, FL",118100.0
12123,"Taylor, FL",80200.0
12125,"Union, FL",122000.0
12127,"Volusia, FL",212900.0
12129,"Wakulla, FL",182400.0
12131,"Walton, FL",274500.0
12133,"Washington, FL",124900.0
13001,"Appling, GA",83200.0
13003,"Atkinson, GA",62400.0
13005,"Bacon, GA",88200.0
13007,"Baker, GA",103200.0
13009,"Baldwin, GA",130100.0
13011,"Banks, GA",176300.0
13013,"Barrow, GA",183200.0
13015,"Bartow, GA",191800.0
13017,"Ben Hill, GA",86100.0
13019,"Berrien, GA",103700.0
13021,"Bibb, GA",131400.0
13023,"Bleckley, GA",106500.0
13025,"Brantley, GA",84700.0
13027,"Brooks, GA",105700.0
13029,"Bryan, GA",243800.0
13031,"Bulloch, GA",152600.0
13033,"Burke, GA",90300.0
13035,"Butts, GA",168600.0
13037,"Calhoun, GA",57800.0
13039,"Camden, GA",182500.0
13043,"Candler, GA",94700.0
13045,"Carroll, GA",162300.0
13047,"Catoosa, GA",162500.0
13049,"Charlton, GA",95600.0
13051,"Chatham, GA",214900.0
13053,"Chattahoochee, GA",111600.0
13055,"Chattooga, GA",73300.0
13057,"Cherokee, GA",292300.0
13059,"Clarke, GA",199400.0
13061,"Clay, GA",60900.0
13063,"Clayton, GA",136600.0
13065,"Clinch, GA",71500.0
13067,"Cobb, GA",293800.0
13069,"Coffee, GA",107900.0
13071,"Colquitt, GA",96700.0
13073,"Columbia, GA",228300.0
13075,"Cook, GA",109600.0
13077,"Coweta, GA",242800.0
13079,"Crawford, GA",146100.0
13081,"Crisp, GA",97300.0
13083,"Dade, GA",132500.0
13085,"Dawson, GA",266000.0
13087,"Decatur, GA",120900.0
13089,"DeKalb, GA",255600.0
13091,"Dodge, GA",95400.0
13093,"Dooly, GA",80200.0
13095,"Dougherty, GA",107400.0
13097,"Douglas, GA",182300.0
13099,"Early, GA",118600.0
13101,"Echols, GA",77800.0
13103,"Effingham, GA",178800.0
13105,"Elbert, GA",92000.0
13107,"Emanuel, GA",77100.0
13109,"Evans, GA",110700.0
13111,"Fannin, GA",217600.0
13113,"Fayette, GA",309300.0
13115,"Floyd, GA",148400.0
13117,"Forsyth, GA",385600.0
13119,"Franklin, GA",130700.0
13121,"Fulton, GA",345100.0
13123,"Gilmer, GA",216600.0
13125,"Glascock, GA",100200.0
13127,"Glynn, GA",204900.0
13129,"Gordon, GA",155600.0
13131,"Grady, GA",129000.0
13133,"Greene, GA",250700.0
13135,"Gwinnett, GA",256700.0
13137,"Habersham, GA",160300.0
13139,"Hall, GA",233600.0
13141,"Hancock, GA",83500.0
13143,"Haralson, GA",153600.0
13145,"Harris, GA",238200.0
13147,"Hart, GA",157600.0
13149,"Heard, GA",116200.0
13151,"Henry, GA",202300.0
13153,"Houston, GA",161200.0
13155,"Irwin, GA",85300.0
13157,"Jackson, GA",235100.0
13159,"Jasper, GA",153800.0
13161,"Jeff Davis, GA",89500.0
13163,"Jefferson, GA",88800.0
13165,"Jenkins, GA",76600.0
13167,"Johnson, GA",76400.0
13169,"Jones, GA",142700.0
13171,"Lamar, GA",156800.0
13173,"Lanier, GA",125800.0
13175,"Laurens, GA",109500.0
13177,"Lee, GA",178500.0
13179,"Liberty, GA",138400.0
13181,"Lincoln, GA",143900.0
13183,"Long, GA",138000.0
13185,"Lowndes, GA",154200.0
13187,"Lumpkin, GA",216500.0
13189,"McDuffie, GA",121900.0
13191,"McIntosh, GA",153600.0
13193,"Macon, GA",67400.0
13195,"Madison, GA",156200.0
13197,"Marion, GA",96400.0
13199,"Meriwether, GA",112200.0
13201,"Miller, GA",106100.0
13205,"Mitchell, GA",88800.0
13207,"Monroe, GA",178800.0
13209,"Montgomery, GA",93500.0
13211,"Morgan, GA",240300.0
13213,"Murray, GA",130300.0
13215,"Muscogee, GA",146000.0
13217,"Newton, GA",167300.0
13219,"Oconee, GA",329700.0
13221,"Oglethorpe, GA",145700.0
13223,"Paulding, GA",204700.0
13225,"Peach, GA",147600.0
13227,"Pickens, GA",220100.0
13229,"Pierce, GA",103200.0
13231,"Pike, GA",202200.0
13233,"Polk, GA",132400.0
13235,"Pulaski, GA",104900.0
13237,"Putnam, GA",173700.0
13239,"Quitman, GA",59600.0
13241,"Rabun, GA",190800.0
13243,"Randolph, GA",79300.0
13245,"Richmond, GA",123400.0
13247,"Rockdale, GA",174600.0
13249,"Schley, GA",132400.0
13251,"Screven, GA",99200.0
13253,"Seminole, GA",94600.0
13255,"Spalding, GA",149600.0
13257,"Stephens, GA",127200.0
13259,"Stewart, GA",48400.0
13261,"Sumter, GA",116900.0
13263,"Talbot, GA",99200.0
13265,"Taliaferro, GA",65300.0
13267,"Tattnall, GA",93600.0
13269,"Taylor, GA",87300.0
13271,"Telfair, GA",69100.0
13273,"Terrell, GA",93300.0
13275,"Thomas, GA",158900.0
13277,"Tift, GA",131400.0
13279,"Toombs, GA",102600.0
13281,"Towns, GA",243000.0
13283,"Treutlen, GA",75900.0
13285,"Troup, GA",144900.0
13287,"Turner, GA",76700.0
13289,"Twiggs, GA",73100.0
13291,"Union, GA",215800.0
13293,"Upson, GA",115100.0
13295,"Walker, GA",127500.0
13297,"Walton, GA",231900.0
13299,"Ware, GA",87700.0
13301,"Warren, GA",70500.0
13303,"Washington, GA",98400.0
13305,"Wayne, GA",121700.0
13307,"Webster, GA",73000.0
13309,"Wheeler, GA",67600.0
13311,"White, GA",198900.0
13313,"Whitfield, GA",150700.0
13315,"Wilcox, GA",63400.0
13317,"Wilkes, GA",79800.0
13319,"Wilkinson, GA",77000.0
13321,"Worth, GA",94600.0
15001,"Hawaii, HI",385900.0
15003,"Honolulu, HI",726800.0
15007,"Kauai, HI",632900.0
16001,"Ada, ID",342500.0
16003,"Adams, ID",244800.0
16005,"Bannock, ID",184600.0
16007,"Bear Lake, ID",160200.0
16009,"Benewah, ID",196800.0
16011,"Bingham, ID",190600.0
16013,"Blaine, ID",507400.0
16015,"Boise, ID",278300.0
16017,"Bonner, ID",308900.0
16019,"Bonneville, ID",231100.0
16021,"Boundary, ID",262300.0
16023,"Butte, ID",162300.0
16025,"Camas, ID",173200.0
16027,"Canyon, ID",242000.0
16029,"Caribou, ID",160800.0
16031,"Cassia, ID",183900.0
16033,"Clark, ID",119900.0
16035,"Clearwater, ID",177700.0
16037,"Custer, ID",221200.0
16039,"Elmore, ID",177300.0
16041,"Franklin, ID",232500.0
16043,"Fremont (includes Yellowstone Park), ID",208200.0
16045,"Gem, ID",229000.0
16047,"Gooding, ID",163400.0
16049,"Idaho, ID",213000.0
16051,"Jefferson, ID",245100.0
16053,"Jerome, ID",207100.0
16055,"Kootenai, ID",328700.0
16057,"Latah, ID",261500.0
16059,"Lemhi, ID",217900.0
16061,"Lewis, ID",157000.0
16063,"Lincoln, ID",156700.0
16065,"Madison, ID",260600.0
16067,"Minidoka, ID",170500.0
16069,"Nez Perce, ID",221100.0
16071,"Oneida, ID",192800.0
16073,"Owyhee, ID",199000.0
16075,"Payette, ID",201600.0
16077,"Power, ID",160000.0
16079,"Shoshone, ID",141800.0
16081,"Teton, ID",385500.0
16083,"Twin Falls, ID",206800.0
16085,"Valley, ID",355600.0
16087,"Washington, ID",171300.0
17001,"Adams, IL",134500.0
17003,"Alexander, IL",60800.0
17005,"Bond, IL",119000.0
17007,"Boone, IL",163200.0
17009,"Brown, IL",106200.0
17011,"Bureau, IL",108700.0
17013,"Calhoun, IL",149200.0
17015,"Carroll, IL",100700.0
17017,"Cass, IL",83400.0
17019,"Champaign, IL",170600.0
17021,"Christian, IL",96100.0
17023,"Clark, IL",102200.0
17025,"Clay, IL",93700.0
17027,"Clinton, IL",152900.0
17029,"Coles, IL",103200.0
17031,"Cook, IL",266800.0
17033,"Crawford, IL",96400.0
17035,"Cumberland, IL",107900.0
17037,"DeKalb, IL",190600.0
17039,"De Witt, IL",109800.0
17041,"Douglas, IL",119800.0
17043,"DuPage, IL",324900.0
17045,"Edgar, IL",83600.0
17047,"Edwards, IL",84800.0
17049,"Effingham, IL",158000.0
17051,"Fayette, IL",95600.0
17053,"Ford, IL",101200.0
17055,"Franklin, IL",79200.0
17057,"Fulton, IL",90800.0
17059,"Gallatin, IL",76600.0
17061,"Greene, IL",84200.0
17063,"Grundy, IL",212300.0
17065,"Hamilton, IL",93700.0
17067,"Hancock, IL",93300.0
17069,"Hardin, IL",77700.0
17071,"Henderson, IL",88100.0
17073,"Henry, IL",125500.0
17075,"Iroquois, IL",111700.0
17077,"Jackson, IL",112700.0
17079,"Jasper, IL",100400.0
17081,"Jefferson, IL",102200.0
17083,"Jersey, IL",146900.0
17085,"Jo Daviess, IL",159300.0
17087,"Johnson, IL",122300.0
17089,"Kane, IL",255900.0
17091,"Kankakee, IL",158100.0
17093,"Kendall, IL",255400.0
17095,"Knox, IL",86300.0
17097,"Lake, IL",279500.0
17099,"LaSalle, IL",133200.0
17101,"Lawrence, IL",81500.0
17103,"Lee, IL",127700.0
17105,"Livingston, IL",114900.0
17107,"Logan, IL",111500.0
17109,"McDonough, IL",89000.0
17111,"McHenry, IL",241500.0
17113,"McLean, IL",170100.0
17115,"Macon, IL",105900.0
17117,"Macoupin, IL",103800.0
17119,"Madison, IL",142100.0
17121,"Marion, IL",83700.0
17123,"Marshall, IL",111300.0
17125,"Mason, IL",86200.0
17127,"Massac, IL",94000.0
17129,"Menard, IL",154300.0
17131,"Mercer, IL",116300.0
17133,"Monroe, IL",226300.0
17135,"Montgomery, IL",92300.0
17137,"Morgan, IL",110000.0
17139,"Moultrie, IL",108100.0
17141,"Ogle, IL",156200.0
17143,"Peoria, IL",133000.0
17145,"Perry, IL",85800.0
17147,"Piatt, IL",152000.0
17149,"Pike, IL",88600.0
17151,"Pope, IL",114400.0
17153,"Pulaski, IL",65500.0
17155,"Putnam, IL",138600.0
17157,"Randolph, IL",114400.0
17159,"Richland, IL",90000.0
17161,"Rock Island, IL",125200.0
17163,"St. Clair, IL",140600.0
17165,"Saline, IL",81000.0
17167,"Sangamon, IL",147600.0
17169,"Schuyler, IL",101600.0
17171,"Scott, IL",91500.0
17173,"Shelby, IL",106800.0
17175,"Stark, IL",86900.0
17177,"Stephenson, IL",103900.0
17179,"Tazewell, IL",145500.0
17181,"Union, IL",109500.0
17183,"Vermilion, IL",81700.0
17185,"Wabash, IL",83300.0
17187,"Warren, IL",87400.0
17189,"Washington, IL",123500.0
17191,"Wayne, IL",94100.0
17193,"White, IL",83100.0
17195,"Whiteside, IL",109600.0
17197,"Will, IL",249400.0
17199,"Williamson, IL",125800.0
17201,"Winnebago, IL",125900.0
17203,"Woodford, IL",172000.0
18001,"Adams, IN",145000.0
18003,"Allen, IN",149000.0
18005,"Bartholomew, IN",172900.0
18007,"Benton, IN",107000.0
18009,"Blackford, IN",80800.0
18011,"Boone, IN",270600.0
18013,"Brown, IN",205200.0
18015,"Carroll, IN",138300.0
18017,"Cass, IN",95600.0
18019,"Clark, IN",162800.0
18021,"Clay, IN",108900.0
18023,"Clinton, IN",126400.0
18025,"Crawford, IN",95600.0
18027,"Daviess, IN",156000.0
18029,"Dearborn, IN",179100.0
18031,"Decatur, IN",148600.0
18033,"DeKalb, IN",135200.0
18035,"Delaware, IN",103300.0
18037,"Dubois, IN",168800.0
18039,"Elkhart, IN",159000.0
18041,"Fayette, IN",88400.0
18043,"Floyd, IN",187900.0
18045,"Fountain, IN",111400.0
18047,"Franklin, IN",172200.0
18049,"Fulton, IN",120300.0
18051,"Gibson, IN",136000.0
18053,"Grant, IN",99300.0
18055,"Greene, IN",106600.0
18057,"Hamilton, IN",302400.0
18059,"Hancock, IN",195300.0
18061,"Harrison, IN",169400.0
18063,"Hendricks, IN",220800.0
18065,"Henry, IN",108800.0
18067,"Howard, IN",116600.0
18069,"Huntington, IN",113300.0
18071,"Jackson, IN",137900.0
18073,"Jasper, IN",164700.0
18075,"Jay, IN",96100.0
18077,"Jefferson, IN",148900.0
18079,"Jennings, IN",116300.0
18081,"Johnson, IN",196200.0
18083,"Knox, IN",106800.0
18085,"Kosciusko, IN",160500.0
18087,"Lagrange, IN",208600.0
18089,"Lake, IN",167800.0
18091,"LaPorte, IN",145600.0
18093,"Lawrence, IN",124500.0
18095,"Madison, IN",111600.0
18097,"Marion, IN",156000.0
18099,"Marshall, IN",150200.0
18101,"Martin, IN",130000.0
18103,"Miami, IN",97900.0
18105,"Monroe, IN",202400.0
18107,"Montgomery, IN",136800.0
18109,"Morgan, IN",172800.0
18111,"Newton, IN",124100.0
18113,"Noble, IN",144000.0
18115,"Ohio, IN",166700.0
18117,"Orange, IN",108000.0
18119,"Owen, IN",134500.0
18121,"Parke, IN",103400.0
18123,"Perry, IN",118500.0
18125,"Pike, IN",110600.0
18127,"Porter, IN",210100.0
18129,"Posey, IN",165200.0
18131,"Pulaski, IN",114400.0
18133,"Putnam, IN",154500.0
18135,"Randolph, IN",87500.0
18137,"Ripley, IN",162700.0
18139,"Rush, IN",124800.0
18141,"St. Joseph, IN",142300.0
18143,"Scott, IN",117100.0
18145,"Shelby, IN",143300.0
18147,"Spencer, IN",144100.0
18149,"Starke, IN",118600.0
18151,"Steuben, IN",162800.0
18153,"Sullivan, IN",94100.0
18155,"Switzerland, IN",129500.0
18157,"Tippecanoe, IN",169500.0
18159,"Tipton, IN",133400.0
18161,"Union, IN",125200.0
18163,"Vanderburgh, IN",142600.0
18165,"Vermillion, IN",88600.0
18167,"Vigo, IN",114000.0
18169,"Wabash, IN",117700.0
18171,"Warren, IN",121900.0
18173,"Warrick, IN",181200.0
18175,"Washington, IN",131400.0
18177,"Wayne, IN",105500.0
18179,"Wells, IN",140200.0
18181,"White, IN",128100.0
18183,"Whitley, IN",163800.0
19001,"Adair, IA",112200.0
19003,"Adams, IA",88800.0
19005,"Allamakee, IA",142600.0
19007,"Appanoose, IA",91800.0
19009,"Audubon, IA",88700.0
19011,"Benton, IA",166100.0
19013,"Black Hawk, IA",155400.0
19015,"Boone, IA",151400.0
19017,"Bremer, IA",173600.0
19019,"Buchanan, IA",146900.0
19021,"Buena Vista, IA",126300.0
19023,"Butler, IA",127700.0
19025,"Calhoun, IA",88900.0
19027,"Carroll, IA",143700.0
19029,"Cass, IA",112900.0
19031,"Cedar, IA",167500.0
19033,"Cerro Gordo, IA",133400.0
19035,"Cherokee, IA",120800.0
19037,"Chickasaw, IA",132900.0
19039,"Clarke, IA",125300.0
19041,"Clay, IA",134000.0
19043,"Clayton, IA",136000.0
19045,"Clinton, IA",128900.0
19047,"Crawford, IA",101200.0
19049,"Dallas, IA",273800.0
19051,"Davis, IA",124500.0
19053,"Decatur, IA",87900.0
19055,"Delaware, IA",146400.0
19057,"Des Moines, IA",119800.0
19059,"Dickinson, IA",211700.0
19061,"Dubuque, IA",183700.0
19063,"Emmet, IA",91000.0
19065,"Fayette, IA",109200.0
19067,"Floyd, IA",108400.0
19069,"Franklin, IA",94200.0
19071,"Fremont, IA",117500.0
19073,"Greene, IA",99300.0
19075,"Grundy, IA",148300.0
19077,"Guthrie, IA",138000.0
19079,"Hamilton, IA",105600.0
19081,"Hancock, IA",99600.0
19083,"Hardin, IA",97200.0
19085,"Harrison, IA",127800.0
19087,"Henry, IA",126400.0
19089,"Howard, IA",113800.0
19091,"Humboldt, IA",113800.0
19093,"Ida, IA",95000.0
19095,"Iowa, IA",155900.0
19097,"Jackson, IA",138600.0
19099,"Jasper, IA",142500.0
19101,"Jefferson, IA",119500.0
19103,"Johnson, IA",248100.0
19105,"Jones, IA",146400.0
19107,"Keokuk, IA",97700.0
19109,"Kossuth, IA",112900.0
19111,"Lee, IA",102800.0
19113,"Linn, IA",167000.0
19115,"Louisa, IA",117600.0
19117,"Lucas, IA",95600.0
19119,"Lyon, IA",167900.0
19121,"Madison, IA",193700.0
19123,"Mahaska, IA",118600.0
19125,"Marion, IA",163500.0
19127,"Marshall, IA",106900.0
19129,"Mills, IA",190300.0
19131,"Mitchell, IA",124600.0
19133,"Monona, IA",99300.0
19135,"Monroe, IA",115000.0
19137,"Montgomery, IA",88200.0
19139,"Muscatine, IA",144100.0
19141,"O'Brien, IA",122900.0
19143,"Osceola, IA",104400.0
19145,"Page, IA",96200.0
19147,"Palo Alto, IA",110800.0
19149,"Plymouth, IA",176800.0
19151,"Pocahontas, IA",83900.0
19153,"Polk, IA",201300.0
19155,"Pottawattamie, IA",149500.0
19157,"Poweshiek, IA",153400.0
19159,"Ringgold, IA",111300.0
19161,"Sac, IA",104100.0
19163,"Scott, IA",172100.0
19165,"Shelby, IA",137900.0
19167,"Sioux, IA",194700.0
19169,"Story, IA",205300.0
19171,"Tama, IA",117800.0
19173,"Taylor, IA",89000.0
19175,"Union, IA",109200.0
19177,"Van Buren, IA",97500.0
19179,"Wapello, IA",89600.0
19181,"Warren, IA",210800.0
19183,"Washington, IA",159200.0
19185,"Wayne, IA",83500.0
19187,"Webster, IA",110900.0
19189,"Winnebago, IA",104000.0
19191,"Winneshiek, IA",196100.0
19193,"Woodbury, IA",139600.0
19195,"Worth, IA",112500.0
19197,"Wright, IA",90900.0
20001,"Allen, KS",83600.0
20003,"Anderson, KS",117600.0
20005,"Atchison, KS",112400.0
20007,"Barber, KS",76000.0
20009,"Barton, KS",99700.0
20011,"Bourbon, KS",87200.0
20013,"Brown, KS",92300.0
20015,"Butler, KS",161000.0
20017,"Chase, KS",108900.0
20019,"Chautauqua, KS",55400.0
20021,"Cherokee, KS",83300.0
20023,"Cheyenne, KS",91200.0
20025,"Clark, KS",74900.0
20027,"Clay, KS",113500.0
20029,"Cloud, KS",82000.0
20031,"Coffey, KS",120700.0
20033,"Comanche, KS",65000.0
20035,"Cowley, KS",91700.0
20037,"Crawford, KS",98700.0
20039,"Decatur, KS",66100.0
20041,"Dickinson, KS",118400.0
20043,"Doniphan, KS",103200.0
20045,"Douglas, KS",224200.0
20047,"Edwards, KS",62500.0
20049,"Elk, KS",57400.0
20051,"Ellis, KS",172500.0
20053,"Ellsworth, KS",98500.0
20055,"Finney, KS",162000.0
20057,"Ford, KS",108900.0
20059,"Franklin, KS",152600.0
20061,"Geary, KS",144100.0
20063,"Gove, KS",103800.0
20065,"Graham, KS",80600.0
20067,"Grant, KS",139500.0
20069,"Gray, KS",153000.0
20071,"Greeley, KS",98300.0
20073,"Greenwood, KS",67600.0
20075,"Hamilton, KS",91500.0
20077,"Harper, KS",71700.0
20079,"Harvey, KS",132700.0
20081,"Haskell, KS",111300.0
20083,"Hodgeman, KS",76800.0
20085,"Jackson, KS",152800.0
20087,"Jefferson, KS",169900.0
20089,"Jewell, KS",60100.0
20091,"Johnson, KS",294300.0
20093,"Kearny, KS",120000.0
20095,"Kingman, KS",94000.0
20097,"Kiowa, KS",111200.0
20099,"Labette, KS",80100.0
20101,"Lane, KS",74300.0
20103,"Leavenworth, KS",207500.0
20105,"Lincoln, KS",82500.0
20107,"Linn, KS",130600.0
20109,"Logan, KS",109700.0
20111,"Lyon, KS",119800.0
20113,"McPherson, KS",164400.0
20115,"Marion, KS",103800.0
20117,"Marshall, KS",101500.0
20119,"Meade, KS",122600.0
20121,"Miami, KS",223500.0
20123,"Mitchell, KS",93300.0
20125,"Montgomery, KS",81600.0
20127,"Morris, KS",91900.0
20129,"Morton, KS",79400.0
20131,"Nemaha, KS",157100.0
20133,"Neosho, KS",86900.0
20135,"Ness, KS",70000.0
20137,"Norton, KS",82800.0
20139,"Osage, KS",130600.0
20141,"Osborne, KS",64600.0
20143,"Ottawa, KS",140000.0
20145,"Pawnee, KS",84100.0
20147,"Phillips, KS",83500.0
20149,"Pottawatomie, KS",188500.0
20151,"Pratt, KS",103400.0
20153,"Rawlins, KS",97900.0
20155,"Reno, KS",106500.0
20157,"Republic, KS",62400.0
20159,"Rice, KS",80100.0
20161,"Riley, KS",211500.0
20163,"Rooks, KS",76900.0
20165,"Rush, KS",71400.0
20167,"Russell, KS",106200.0
20169,"Saline, KS",145100.0
20171,"Scott, KS",162200.0
20173,"Sedgwick, KS",153600.0
20175,"Seward, KS",109400.0
20177,"Shawnee, KS",140100.0
20179,"Sheridan, KS",121100.0
20181,"Sherman, KS",123500.0
20183,"Smith, KS",68700.0
20185,"Stafford, KS",82200.0
20187,"Stanton, KS",65300.0
20189,"Stevens, KS",110400.0
20191,"Sumner, KS",99400.0
20193,"Thomas, KS",142000.0
20195,"Trego, KS",106700.0
20197,"Wabaunsee, KS",152800.0
20199,"Wallace, KS",86200.0
20201,"Washington, KS",87200.0
20203,"Wichita, KS",86400.0
20205,"Wilson, KS",82600.0
20207,"Woodson, KS",72400.0
20209,"Wyandotte, KS",116500.0
21001,"Adair, KY",110600.0
21003,"Allen, KY",132900.0
21005,"Anderson, KY",169400.0
21007,"Ballard, KY",89400.0
21009,"Barren, KY",135100.0
21011,"Bath, KY",87600.0
21013,"Bell, KY",67800.0
21015,"Boone, KY",205100.0
21017,"Bourbon, KY",162000.0
21019,"Boyd, KY",112000.0
21021,"Boyle, KY",154900.0
21023,"Bracken, KY",99600.0
21025,"Breathitt, KY",52700.0
21027,"Breckinridge, KY",106700.0
21029,"Bullitt, KY",182000.0
21031,"Butler, KY",93300.0
21033,"Caldwell, KY",93600.0
21035,"Calloway, KY",148100.0
21037,"Campbell, KY",184700.0
21039,"Carlisle, KY",81000.0
21041,"Carroll, KY",108900.0
21043,"Carter, KY",106500.0
21045,"Casey, KY",110700.0
21047,"Christian, KY",124500.0
21049,"Clark, KY",158300.0
21051,"Clay, KY",67500.0
21053,"Clinton, KY",78200.0
21055,"Crittenden, KY",97000.0
21057,"Cumberland, KY",108400.0
21059,"Daviess, KY",150600.0
21061,"Edmonson, KY",94000.0
21063,"Elliott, KY",75800.0
21065,"Estill, KY",83100.0
21067,"Fayette, KY",216800.0
21069,"Fleming, KY",95600.0
21071,"Floyd, KY",79100.0
21073,"Franklin, KY",155000.0
21075,"Fulton, KY",66800.0
21077,"Gallatin, KY",138700.0
21079,"Garrard, KY",156000.0
21081,"Grant, KY",148700.0
21083,"Graves, KY",115900.0
21085,"Grayson, KY",121000.0
21087,"Green, KY",84500.0
21089,"Greenup, KY",120800.0
21091,"Hancock, KY",112600.0
21093,"Hardin, KY",160600.0
21095,"Harlan, KY",65000.0
21097,"Harrison, KY",153400.0
21099,"Hart, KY",98400.0
21101,"Henderson, KY",136100.0
21103,"Henry, KY",140700.0
21105,"Hickman, KY",85600.0
21107,"Hopkins, KY",112900.0
21109,"Jackson, KY",80400.0
21111,"Jefferson, KY",190700.0
21113,"Jessamine, KY",192800.0
21115,"Johnson, KY",118400.0
21117,"Kenton, KY",176000.0
21119,"Knott, KY",57900.0
21121,"Knox, KY",95400.0
21123,"Larue, KY",134600.0
21125,"Laurel, KY",116800.0
21127,"Lawrence, KY",91900.0
21129,"Lee, KY",73900.0
21131,"Leslie, KY",70800.0
21133,"Letcher, KY",61300.0
21135,"Lewis, KY",77400.0
21137,"Lincoln, KY",114600.0
21139,"Livingston, KY",96100.0
21141,"Logan, KY",110500.0
21143,"Lyon, KY",149600.0
21145,"McCracken, KY",151500.0
21147,"McCreary, KY",80300.0
21149,"McLean, KY",119100.0
21151,"Madison, KY",172000.0
21153,"Magoffin, KY",77900.0
21155,"Marion, KY",122600.0
21157,"Marshall, KY",135500.0
21159,"Martin, KY",67600.0
21161,"Mason, KY",144300.0
21163,"Meade, KY",164100.0
21165,"Menifee, KY",84000.0
21167,"Mercer, KY",159300.0
21169,"Metcalfe, KY",81700.0
21171,"Monroe, KY",104900.0
21173,"Montgomery, KY",132800.0
21175,"Morgan, KY",76300.0
21177,"Muhlenberg, KY",99800.0
21179,"Nelson, KY",169500.0
21181,"Nicholas, KY",87600.0
21183,"Ohio, KY",94800.0
21185,"Oldham, KY",314300.0
21187,"Owen, KY",124100.0
21189,"Owsley, KY",69600.0
21191,"Pendleton, KY",134800.0
21193,"Perry, KY",77500.0
21195,"Pike, KY",86200.0
21197,"Powell, KY",103800.0
21199,"Pulaski, KY",120500.0
21201,"Robertson, KY",95000.0
21203,"Rockcastle, KY",91000.0
21205,"Rowan, KY",137700.0
21207,"Russell, KY",112700.0
21209,"Scott, KY",208800.0
21211,"Shelby, KY",212500.0
21213,"Simpson, KY",153200.0
21215,"Spencer, KY",243400.0
21217,"Taylor, KY",126400.0
21219,"Todd, KY",118200.0
21221,"Trigg, KY",160400.0
21223,"Trimble, KY",132500.0
21225,"Union, KY",90700.0
21227,"Warren, KY",189800.0
21229,"Washington, KY",134300.0
21231,"Wayne, KY",99100.0
21233,"Webster, KY",75600.0
21235,"Whitley, KY",110700.0
21237,"Wolfe, KY",60900.0
21239,"Woodford, KY",225600.0
22001,"Acadia, LA",129600.0
22003,"Allen, LA",112300.0
22005,"Ascension, LA",228000.0
22007,"Assumption, LA",115800.0
22009,"Avoyelles, LA",105700.0
22011,"Beauregard, LA",139600.0
22013,"Bienville, LA",72300.0
22015,"Bossier, LA",179100.0
22017,"Caddo, LA",152800.0
22019,"Calcasieu, LA",171900.0
22021,"Caldwell, LA",84100.0
22023,"Cameron, LA",152500.0
22025,"Catahoula, LA",87100.0
22027,"Claiborne, LA",73300.0
22029,"Concordia, LA",88300.0
22031,"De Soto, LA",127900.0
22033,"East Baton Rouge, LA",206500.0
22035,"East Carroll, LA",74300.0
22037,"East Feliciana, LA",165700.0
22039,"Evangeline, LA",96800.0
22041,"Franklin, LA",87500.0
22043,"Grant, LA",121400.0
22045,"Iberia, LA",133500.0
22047,"Iberville, LA",150600.0
22049,"Jackson, LA",92700.0
22053,"Jefferson Davis, LA",132500.0
22055,"Lafayette, LA",195300.0
22057,"Lafourche, LA",162100.0
22059,"LaSalle, LA",104900.0
22061,"Lincoln, LA",159600.0
22063,"Livingston, LA",183000.0
22065,"Madison, LA",82100.0
22067,"Morehouse, LA",89200.0
22069,"Natchitoches, LA",152500.0
22073,"Ouachita, LA",156700.0
22077,"Pointe Coupee, LA",150000.0
22079,"Rapides, LA",153600.0
22081,"Red River, LA",78900.0
22083,"Richland, LA",108000.0
22085,"Sabine, LA",98600.0
22091,"St. Helena, LA",83700.0
22093,"St. James, LA",167700.0
22097,"St. Landry, LA",124900.0
22099,"St. Martin, LA",125200.0
22101,"St. Mary, LA",110200.0
22105,"Tangipahoa, LA",170600.0
22107,"Tensas, LA",84200.0
22109,"Terrebonne, LA",160600.0
22111,"Union, LA",94200.0
22113,"Vermilion, LA",135500.0
22115,"Vernon, LA",125600.0
22117,"Washington, LA",113700.0
22119,"Webster, LA",86700.0
22121,"West Baton Rouge, LA",193800.0
22123,"West Carroll, LA",87000.0
22125,"West Feliciana, LA",215300.0
22127,"Winn, LA",90900.0
23001,"Androscoggin, ME",175100.0
23003,"Aroostook, ME",108900.0
23005,"Cumberland, ME",314700.0
23007,"Franklin, ME",153500.0
23009,"Hancock, ME",228700.0
23011,"Kennebec, ME",170100.0
23013,"Knox, ME",224400.0
23015,"Lincoln, ME",233300.0
23017,"Oxford, ME",157600.0
23019,"Penobscot, ME",157100.0
23021,"Piscataquis, ME",119800.0
23023,"Sagadahoc, ME",237500.0
23025,"Somerset, ME",124200.0
23027,"Waldo, ME",183800.0
23029,"Washington, ME",118300.0
23031,"York, ME",278900.0
24001,"Allegany, MD",131500.0
24003,"Anne Arundel, MD",380600.0
24005,"Baltimore, MD",277500.0
24009,"Calvert, MD",374200.0
24011,"Caroline, MD",225200.0
24013,"Carroll, MD",353500.0
24015,"Cecil, MD",264500.0
24017,"Charles, MD",339000.0
24019,"Dorchester, MD",190200.0
24021,"Frederick, MD",356500.0
24023,"Garrett, MD",197600.0
24025,"Harford, MD",315200.0
24027,"Howard, MD",483200.0
24029,"Kent, MD",266900.0
24031,"Montgomery, MD",508600.0
24033,"Prince George's, MD",337800.0
24035,"Queen Anne's, MD",374100.0
24037,"St. Mary's, MD",326800.0
24039,"Somerset, MD",143600.0
24041,"Talbot, MD",337200.0
24043,"Washington, MD",229800.0
24045,"Wicomico, MD",191400.0
24047,"Worcester, MD",279200.0
24510,"Baltimore (Independent City), MD",175300.0
25001,"Barnstable, MA",445500.0
25003,"Berkshire, MA",232900.0
25005,"Bristol, MA",339900.0
25007,"Dukes, MA",857600.0
25009,"Essex, MA",462900.0
25011,"Franklin, MA",248500.0
25013,"Hampden, MA",228700.0
25015,"Hampshire, MA",299600.0
25017,"Middlesex, MA",575500.0
25019,"Nantucket, MA",1082900.0
25021,"Norfolk, MA",529200.0
25023,"Plymouth, MA",409600.0
25025,"Suffolk, MA",576300.0
25027,"Worcester, MA",314900.0
26001,"Alcona, MI",124700.0
26003,"Alger, MI",143700.0
26005,"Allegan, MI",189700.0
26007,"Alpena, MI",111200.0
26009,"Antrim, MI",168600.0
26011,"Arenac, MI",104100.0
26013,"Baraga, MI",107100.0
26015,"Barry, MI",187100.0
26017,"Bay, MI",110100.0
26019,"Benzie, MI",211400.0
26021,"Berrien, MI",165000.0
26023,"Branch, MI",121400.0
26025,"Calhoun, MI",119400.0
26027,"Cass, MI",161800.0
26029,"Charlevoix, MI",188800.0
26031,"Cheboygan, MI",145600.0
26033,"Chippewa, MI",123300.0
26035,"Clare, MI",95000.0
26037,"Clinton, MI",197400.0
26039,"Crawford, MI",116700.0
26041,"Delta, MI",122000.0
26043,"Dickinson, MI",113200.0
26045,"Eaton, MI",169600.0
26047,"Emmet, MI",217800.0
26049,"Genesee, MI",133700.0
26051,"Gladwin, MI",119100.0
26053,"Gogebic, MI",76400.0
26055,"Grand Traverse, MI",237200.0
26057,"Gratiot, MI",105700.0
26059,"Hillsdale, MI",141600.0
26061,"Houghton, MI",115300.0
26063,"Huron, MI",114100.0
26065,"Ingham, MI",153200.0
26067,"Ionia, MI",147600.0
26069,"Iosco, MI",100200.0
26071,"Iron, MI",84000.0
26073,"Isabella, MI",140700.0
26075,"Jackson, MI",148500.0
26077,"Kalamazoo, MI",178100.0
26079,"Kalkaska, MI",136000.0
26081,"Kent, MI",206600.0
26083,"Keweenaw, MI",124000.0
26085,"Lake, MI",98300.0
26087,"Lapeer, MI",186700.0
26089,"Leelanau, MI",303200.0
26091,"Lenawee, MI",150700.0
26093,"Livingston, MI",272800.0
26095,"Luce, MI",88500.0
26097,"Mackinac, MI",139200.0
26099,"Macomb, MI",184600.0
26101,"Manistee, MI",141300.0
26103,"Marquette, MI",162100.0
26105,"Mason, MI",159900.0
26107,"Mecosta, MI",131400.0
26109,"Menominee, MI",115900.0
26111,"Midland, MI",153700.0
26113,"Missaukee, MI",127900.0
26115,"Monroe, MI",174500.0
26117,"Montcalm, MI",128800.0
26119,"Montmorency, MI",113000.0
26121,"Muskegon, MI",138700.0
26123,"Newaygo, MI",140500.0
26125,"Oakland, MI",268600.0
26127,"Oceana, MI",131800.0
26129,"Ogemaw, MI",107400.0
26131,"Ontonagon, MI",76700.0
26133,"Osceola, MI",109200.0
26135,"Oscoda, MI",104900.0
26137,"Otsego, MI",155500.0
26139,"Ottawa, MI",228400.0
26141,"Presque Isle, MI",113800.0
26143,"Roscommon, MI",118400.0
26145,"Saginaw, MI",114400.0
26147,"St. Clair, MI",170200.0
26149,"St. Joseph, MI",134600.0
26151,"Sanilac, MI",130900.0
26153,"Schoolcraft, MI",123900.0
26155,"Shiawassee, MI",134300.0
26157,"Tuscola, MI",112400.0
26159,"Van Buren, MI",155500.0
26161,"Washtenaw, MI",293800.0
26163,"Wayne, MI",136200.0
26165,"Wexford, MI",123600.0
27001,"Aitkin, MN",195700.0
27003,"Anoka, MN",261300.0
27005,"Becker, MN",220600.0
27007,"Beltrami, MN",176500.0
27009,"Benton, MN",199500.0
27011,"Big Stone, MN",106400.0
27013,"Blue Earth, MN",203200.0
27015,"Brown, MN",146700.0
27017,"Carlton, MN",187200.0
27019,"Carver, MN",353300.0
27021,"Cass, MN",210100.0
27023,"Chippewa, MN",121900.0
27025,"Chisago, MN",262700.0
27027,"Clay, MN",215100.0
27029,"Clearwater, MN",150600.0
27031,"Cook, MN",261600.0
27033,"Cottonwood, MN",117100.0
27035,"Crow Wing, MN",215400.0
27037,"Dakota, MN",294700.0
27039,"Dodge, MN",216900.0
27041,"Douglas, MN",250400.0
27043,"Faribault, MN",97700.0
27045,"Fillmore, MN",167000.0
27047,"Freeborn, MN",132100.0
27049,"Goodhue, MN",224100.0
27051,"Grant, MN",146600.0
27053,"Hennepin, MN",309200.0
27055,"Houston, MN",185900.0
27057,"Hubbard, MN",219300.0
27059,"Isanti, MN",228500.0
27061,"Itasca, MN",171100.0
27063,"Jackson, MN",123700.0
27065,"Kanabec, MN",175100.0
27067,"Kandiyohi, MN",188600.0
27069,"Kittson, MN",110600.0
27071,"Koochiching, MN",115700.0
27073,"Lac qui Parle, MN",107000.0
27075,"Lake, MN",183200.0
27077,"Lake of the Woods, MN",180800.0
27079,"Le Sueur, MN",239300.0
27081,"Lincoln, MN",116800.0
27083,"Lyon, MN",160300.0
27085,"McLeod, MN",184500.0
27087,"Mahnomen, MN",115200.0
27089,"Marshall, MN",125500.0
27091,"Martin, MN",129600.0
27093,"Meeker, MN",186400.0
27095,"Mille Lacs, MN",185800.0
27097,"Morrison, MN",191400.0
27099,"Mower, MN",137100.0
27101,"Murray, MN",150800.0
27103,"Nicollet, MN",216200.0
27105,"Nobles, MN",140700.0
27107,"Norman, MN",107400.0
27109,"Olmsted, MN",249400.0
27111,"Otter Tail, MN",209100.0
27113,"Pennington, MN",162100.0
27115,"Pine, MN",177300.0
27117,"Pipestone, MN",112300.0
27119,"Polk, MN",181500.0
27121,"Pope, MN",195900.0
27123,"Ramsey, MN",254900.0
27125,"Red Lake, MN",124400.0
27127,"Redwood, MN",119700.0
27129,"Renville, MN",114900.0
27131,"Rice, MN",240400.0
27133,"Rock, MN",165900.0
27135,"Roseau, MN",149000.0
27137,"St. Louis, MN",166900.0
27139,"Scott, MN",332900.0
27141,"Sherburne, MN",264500.0
27143,"Sibley, MN",172500.0
27145,"Stearns, MN",205500.0
27147,"Steele, MN",185200.0
27149,"Stevens, MN",160800.0
27151,"Swift, MN",114500.0
27153,"Todd, MN",156600.0
27155,"Traverse, MN",92700.0
27157,"Wabasha, MN",201300.0
27159,"Wadena, MN",143200.0
27161,"Waseca, MN",165500.0
27163,"Washington, MN",326600.0
27165,"Watonwan, MN",106200.0
27167,"Wilkin, MN",154400.0
27169,"Winona, MN",180200.0
27171,"Wright, MN",265500.0
27173,"Yellow Medicine, MN",124400.0
28001,"Adams, MS",92600.0
28003,"Alcorn, MS",114500.0
28005,"Amite, MS",86200.0
28007,"Attala, MS",89000.0
28009,"Benton, MS",82500.0
28011,"Bolivar, MS",102200.0
28013,"Calhoun, MS",71100.0
28015,"Carroll, MS",100600.0
28017,"Chickasaw, MS",74000.0
28019,"Choctaw, MS",83800.0
28021,"Claiborne, MS",71600.0
28023,"Clarke, MS",85200.0
28025,"Clay, MS",100600.0
28027,"Coahoma, MS",74800.0
28029,"Copiah, MS",85000.0
28031,"Covington, MS",77100.0
28033,"DeSoto, MS",193400.0
28035,"Forrest, MS",129600.0
28037,"Franklin, MS",85300.0
28039,"George, MS",135400.0
28041,"Greene, MS",85500.0
28043,"Grenada, MS",106500.0
28045,"Hancock, MS",168500.0
28047,"Harrison, MS",162400.0
28049,"Hinds, MS",129300.0
28051,"Holmes, MS",60800.0
28053,"Humphreys, MS",71500.0
28055,"Issaquena, MS",77200.0
28057,"Itawamba, MS",99400.0
28059,"Jackson, MS",146500.0
28061,"Jasper, MS",89700.0
28063,"Jefferson, MS",64800.0
28065,"Jefferson Davis, MS",85600.0
28067,"Jones, MS",102900.0
28069,"Kemper, MS",78100.0
28071,"Lafayette, MS",221100.0
28073,"Lamar, MS",184000.0
28075,"Lauderdale, MS",110200.0
28077,"Lawrence, MS",100400.0
28079,"Leake, MS",84400.0
28081,"Lee, MS",150100.0
28083,"Leflore, MS",85300.0
28085,"Lincoln, MS",102500.0
28087,"Lowndes, MS",142200.0
28089,"Madison, MS",236000.0
28091,"Marion, MS",94000.0
28093,"Marshall, MS",122800.0
28095,"Monroe, MS",102000.0
28097,"Montgomery, MS",90000.0
28099,"Neshoba, MS",86400.0
28101,"Newton, MS",86900.0
28103,"Noxubee, MS",72400.0
28105,"Oktibbeha, MS",171500.0
28107,"Panola, MS",90800.0
28109,"Pearl River, MS",144100.0
28111,"Perry, MS",110600.0
28113,"Pike, MS",98600.0
28115,"Pontotoc, MS",116700.0
28117,"Prentiss, MS",98400.0
28119,"Quitman, MS",56300.0
28121,"Rankin, MS",174600.0
28123,"Scott, MS",77300.0
28125,"Sharkey, MS",73800.0
28127,"Simpson, MS",87100.0
28129,"Smith, MS",111100.0
28131,"Stone, MS",150500.0
28133,"Sunflower, MS",93700.0
28135,"Tallahatchie, MS",69500.0
28137,"Tate, MS",148300.0
28139,"Tippah, MS",106400.0
28141,"Tishomingo, MS",105400.0
28143,"Tunica, MS",110900.0
28145,"Union, MS",119400.0
28147,"Walthall, MS",102600.0
28149,"Warren, MS",134600.0
28151,"Washington, MS",80500.0
28153,"Wayne, MS",79500.0
28155,"Webster, MS",88300.0
28157,"Wilkinson, MS",69200.0
28159,"Winston, MS",101600.0
28161,"Yalobusha, MS",83900.0
28163,"Yazoo, MS",109100.0
29001,"Adair, MO",127700.0
29003,"Andrew, MO",156200.0
29005,"Atchison, MO",87400.0
29007,"Audrain, MO",96000.0
29009,"Barry, MO",145500.0
29011,"Barton, MO",99700.0
29013,"Bates, MO",128600.0
29015,"Benton, MO",131100.0
29017,"Bollinger, MO",116500.0
29019,"Boone, MO",204000.0
29021,"Buchanan, MO",130000.0
29023,"Butler, MO",117000.0
29025,"Caldwell, MO",114600.0
29027,"Callaway, MO",162500.0
29029,"Camden, MO",221400.0
29031,"Cape Girardeau, MO",167100.0
29033,"Carroll, MO",93200.0
29035,"Carter, MO",146800.0
29037,"Cass, MO",212000.0
29039,"Cedar, MO",126500.0
29041,"Chariton, MO",108000.0
29043,"Christian, MO",195100.0
29045,"Clark, MO",102100.0
29047,"Clay, MO",199600.0
29049,"Clinton, MO",164200.0
29051,"Cole, MO",174700.0
29053,"Cooper, MO",151500.0
29055,"Crawford, MO",136000.0
29057,"Dade, MO",109800.0
29059,"Dallas, MO",136700.0
29061,"Daviess, MO",112700.0
29063,"DeKalb, MO",138100.0
29065,"Dent, MO",109600.0
29067,"Douglas, MO",129200.0
29069,"Dunklin, MO",82000.0
29071,"Franklin, MO",176400.0
29073,"Gasconade, MO",138000.0
29075,"Gentry, MO",104400.0
29077,"Greene, MO",159500.0
29079,"Grundy, MO",93700.0
29081,"Harrison, MO",82500.0
29083,"Henry, MO",124200.0
29085,"Hickory, MO",88900.0
29087,"Holt, MO",98600.0
29089,"Howard, MO",142400.0
29091,"Howell, MO",120800.0
29093,"Iron, MO",93200.0
29095,"Jackson, MO",167900.0
29097,"Jasper, MO",129600.0
29099,"Jefferson, MO",175000.0
29101,"Johnson, MO",173400.0
29103,"Knox, MO",79400.0
29105,"Laclede, MO",121400.0
29107,"Lafayette, MO",159500.0
29109,"Lawrence, MO",121600.0
29111,"Lewis, MO",94200.0
29113,"Lincoln, MO",172200.0
29115,"Linn, MO",91300.0
29117,"Livingston, MO",120800.0
29119,"McDonald, MO",105400.0
29121,"Macon, MO",105200.0
29123,"Madison, MO",118700.0
29125,"Maries, MO",158600.0
29127,"Marion, MO",131700.0
29129,"Mercer, MO",82700.0
29131,"Miller, MO",141200.0
29133,"Mississippi, MO",82600.0
29135,"Moniteau, MO",149100.0
29137,"Monroe, MO",123300.0
29139,"Montgomery, MO",147000.0
29141,"Morgan, MO",156400.0
29143,"New Madrid, MO",85200.0
29145,"Newton, MO",137700.0
29147,"Nodaway, MO",133100.0
29149,"Oregon, MO",101800.0
29151,"Osage, MO",166300.0
29153,"Ozark, MO",121800.0
29155,"Pemiscot, MO",84500.0
29157,"Perry, MO",158000.0
29159,"Pettis, MO",133900.0
29161,"Phelps, MO",154400.0
29163,"Pike, MO",102400.0
29165,"Platte, MO",251100.0
29167,"Polk, MO",146300.0
29169,"Pulaski, MO",160000.0
29171,"Putnam, MO",84800.0
29173,"Ralls, MO",133600.0
29175,"Randolph, MO",120000.0
29177,"Ray, MO",151300.0
29179,"Reynolds, MO",98100.0
29181,"Ripley, MO",94500.0
29183,"St. Charles, MO",242700.0
29185,"St. Clair, MO",112800.0
29186,"Ste. Genevieve, MO",181600.0
29187,"St. Francois, MO",126800.0
29189,"St. Louis, MO",220100.0
29195,"Saline, MO",112700.0
29197,"Schuyler, MO",87600.0
29199,"Scotland, MO",112400.0
29201,"Scott, MO",122400.0
29203,"Shannon, MO",126500.0
29205,"Shelby, MO",73400.0
29207,"Stoddard, MO",108900.0
29209,"Stone, MO",193800.0
29211,"Sullivan, MO",79200.0
29213,"Taney, MO",157500.0
29215,"Texas, MO",112000.0
29217,"Vernon, MO",111200.0
29219,"Warren, MO",190700.0
29221,"Washington, MO",103000.0
29223,"Wayne, MO",101000.0
29225,"Webster, MO",161000.0
29227,"Worth, MO",68100.0
29229,"Wright, MO",117400.0
29510,"St. Louis (Independent City), MO",153200.0
30001,"Beaverhead, MT",249000.0
30003,"Big Horn, MT",148900.0
30005,"Blaine, MT",117000.0
30007,"Broadwater, MT",265700.0
30009,"Carbon, MT",297500.0
30011,"Carter, MT",116900.0
30013,"Cascade, MT",194000.0
30015,"Chouteau, MT",157700.0
30017,"Custer, MT",186000.0
30019,"Daniels, MT",160600.0
30021,"Dawson, MT",152700.0
30023,"Deer Lodge, MT",145000.0
30025,"Fallon, MT",197100.0
30027,"Fergus, MT",150200.0
30029,"Flathead, MT",333700.0
30031,"Gallatin, MT",435400.0
30033,"Garfield, MT",154900.0
30035,"Glacier, MT",129700.0
30037,"Golden Valley, MT",109000.0
30039,"Granite, MT",248200.0
30041,"Hill, MT",168100.0
30043,"Jefferson, MT",304300.0
30045,"Judith Basin, MT",164400.0
30047,"Lake, MT",289300.0
30049,"Lewis and Clark, MT",280600.0
30051,"Liberty, MT",99100.0
30053,"Lincoln, MT",212400.0
30055,"McCone, MT",159100.0
30057,"Madison, MT",320800.0
30059,"Meagher, MT",179900.0
30061,"Mineral, MT",212000.0
30063,"Missoula, MT",327100.0
30065,"Musselshell, MT",196900.0
30067,"Park, MT",329500.0
30069,"Petroleum, MT",119000.0
30071,"Phillips, MT",154100.0
30073,"Pondera, MT",149700.0
30075,"Powder River, MT",128300.0
30077,"Powell, MT",144000.0
30079,"Prairie, MT",115800.0
30081,"Ravalli, MT",316400.0
30083,"Richland, MT",236700.0
30085,"Roosevelt, MT",103500.0
30087,"Rosebud, MT",139900.0
30089,"Sanders, MT",263500.0
30091,"Sheridan, MT",115000.0
30093,"Silver Bow, MT",164600.0
30095,"Stillwater, MT",276500.0
30097,"Sweet Grass, MT",243500.0
30099,"Teton, MT",191300.0
30101,"Toole, MT",152200.0
30103,"Treasure, MT",171100.0
30105,"Valley, MT",160800.0
30107,"Wheatland, MT",124500.0
30109,"Wibaux, MT",106800.0
30111,"Yellowstone, MT",253700.0
31001,"Adams, NE",143200.0
31003,"Antelope, NE",85900.0
31005,"Arthur, NE",155000.0
31007,"Banner, NE",178400.0
31009,"Blaine, NE",84700.0
31011,"Boone, NE",149500.0
31013,"Box Butte, NE",132300.0
31015,"Boyd, NE",89600.0
31017,"Brown, NE",79600.0
31019,"Buffalo, NE",191200.0
31021,"Burt, NE",113400.0
31023,"Butler, NE",135500.0
31025,"Cass, NE",206900.0
31027,"Cedar, NE",134300.0
31029,"Chase, NE",159400.0
31031,"Cherry, NE",123600.0
31033,"Cheyenne, NE",102000.0
31035,"Clay, NE",117700.0
31037,"Colfax, NE",89700.0
31039,"Cuming, NE",134200.0
31041,"Custer, NE",115600.0
31043,"Dakota, NE",138200.0
31045,"Dawes, NE",131800.0
31047,"Dawson, NE",123100.0
31049,"Deuel, NE",85500.0
31051,"Dixon, NE",98800.0
31053,"Dodge, NE",146900.0
31055,"Douglas, NE",192800.0
31057,"Dundy, NE",110400.0
31059,"Fillmore, NE",101800.0
31061,"Franklin, NE",80500.0
31063,"Frontier, NE",110400.0
31065,"Furnas, NE",76300.0
31067,"Gage, NE",132600.0
31069,"Garden, NE",79200.0
31071,"Garfield, NE",114000.0
31073,"Gosper, NE",173400.0
31075,"Grant, NE",94300.0
31077,"Greeley, NE",76900.0
31079,"Hall, NE",163400.0
31081,"Hamilton, NE",178100.0
31083,"Harlan, NE",118400.0
31085,"Hayes, NE",86000.0
31087,"Hitchcock, NE",75000.0
31089,"Holt, NE",134500.0
31091,"Hooker, NE",93900.0
31093,"Howard, NE",165300.0
31095,"Jefferson, NE",101500.0
31097,"Johnson, NE",107800.0
31099,"Kearney, NE",180300.0
31101,"Keith, NE",134500.0
31103,"Keya Paha, NE",85500.0
31105,"Kimball, NE",79000.0
31107,"Knox, NE",98800.0
31109,"Lancaster, NE",204400.0
31111,"Lincoln, NE",156100.0
31113,"Logan, NE",112200.0
31115,"Loup, NE",107800.0
31117,"McPherson, NE",109400.0
31119,"Madison, NE",164300.0
31121,"Merrick, NE",138100.0
31123,"Morrill, NE",100900.0
31125,"Nance, NE",86200.0
31127,"Nemaha, NE",100300.0
31129,"Nuckolls, NE",78600.0
31131,"Otoe, NE",151300.0
31133,"Pawnee, NE",69300.0
31135,"Perkins, NE",119800.0
31137,"Phelps, NE",143300.0
31139,"Pierce, NE",151000.0
31141,"Platte, NE",163900.0
31143,"Polk, NE",124400.0
31145,"Red Willow, NE",130400.0
31147,"Richardson, NE",75900.0
31149,"Rock, NE",88300.0
31151,"Saline, NE",116600.0
31153,"Sarpy, NE",227000.0
31155,"Saunders, NE",183800.0
31157,"Scotts Bluff, NE",138000.0
31159,"Seward, NE",176400.0
31161,"Sheridan, NE",83200.0
31163,"Sherman, NE",102800.0
31165,"Sioux, NE",115600.0
31167,"Stanton, NE",148700.0
31169,"Thayer, NE",78700.0
31171,"Thomas, NE",152800.0
31173,"Thurston, NE",78300.0
31175,"Valley, NE",117000.0
31177,"Washington, NE",226700.0
31179,"Wayne, NE",149300.0
31181,"Webster, NE",80700.0
31183,"Wheeler, NE",90600.0
31185,"York, NE",141600.0
32001,"Churchill, NV",223700.0
32003,"Clark, NV",308800.0
32005,"Douglas, NV",445800.0
32007,"Elko, NV",235700.0
32009,"Esmeralda, NV",65900.0
32011,"Eureka, NV",150400.0
32013,"Humboldt, NV",212500.0
32015,"Lander, NV",173000.0
32017,"Lincoln, NV",160600.0
32019,"Lyon, NV",264100.0
32021,"Mineral, NV",119700.0
32023,"Nye, NV",197700.0
32027,"Pershing, NV",140600.0
32029,"Storey, NV",261900.0
32031,"Washoe, NV",388600.0
32033,"White Pine, NV",165400.0
32510,"Carson City (Independent City), NV",327300.0
33001,"Belknap, NH",253600.0
33003,"Carroll, NH",272000.0
33005,"Cheshire, NH",208900.0
33007,"Coos, NH",134400.0
33009,"Grafton, NH",240300.0
33011,"Hillsborough, NH",306000.0
33013,"Merrimack, NH",255100.0
33015,"Rockingham, NH",367300.0
33017,"Strafford, NH",262000.0
33019,"Sullivan, NH",180800.0
34001,"Atlantic, NJ",222600.0
34003,"Bergen, NJ",489600.0
34005,"Burlington, NJ",270000.0
34007,"Camden, NJ",211400.0
34009,"Cape May, NJ",318600.0
34011,"Cumberland, NJ",168900.0
34013,"Essex, NJ",414000.0
34015,"Gloucester, NJ",232800.0
34017,"Hudson, NJ",424700.0
34019,"Hunterdon, NJ",431600.0
34021,"Mercer, NJ",295400.0
34023,"Middlesex, NJ",362900.0
34025,"Monmouth, NJ",454000.0
34027,"Morris, NJ",474500.0
34029,"Ocean, NJ",298800.0
34031,"Passaic, NJ",363700.0
34033,"Salem, NJ",187400.0
34035,"Somerset, NJ",444700.0
34037,"Sussex, NJ",282700.0
34039,"Union, NJ",393900.0
34041,"Warren, NJ",272500.0
35001,"Bernalillo, NM",216200.0
35003,"Catron, NM",175200.0
35005,"Chaves, NM",117100.0
35006,"Cibola, NM",86800.0
35007,"Colfax, NM",125300.0
35009,"Curry, NM",139300.0
35011,"De Baca, NM",133100.0
35013,"Doa Ana, NM",162200.0
35015,"Eddy, NM",166900.0
35017,"Grant, NM",125000.0
35019,"Guadalupe, NM",106500.0
35021,"Harding, NM",78500.0
35023,"Hidalgo, NM",94400.0
35025,"Lea, NM",144400.0
35027,"Lincoln, NM",171400.0
35028,"Los Alamos, NM",343100.0
35029,"Luna, NM",88800.0
35031,"McKinley, NM",67100.0
35033,"Mora, NM",106100.0
35035,"Otero, NM",123000.0
35037,"Quay, NM",72200.0
35041,"Roosevelt, NM",117600.0
35043,"Sandoval, NM",222200.0
35045,"San Juan, NM",155000.0
35047,"San Miguel, NM",143800.0
35049,"Santa Fe, NM",315100.0
35051,"Sierra, NM",122800.0
35053,"Socorro, NM",112500.0
35055,"Taos, NM",280700.0
35057,"Torrance, NM",121100.0
35059,"Union, NM",130300.0
35061,"Valencia, NM",154400.0
36001,"Albany, NY",235200.0
36003,"Allegany, NY",80900.0
36005,"Bronx, NY",445900.0
36007,"Broome, NY",122200.0
36009,"Cattaraugus, NY",92500.0
36011,"Cayuga, NY",138200.0
36013,"Chautauqua, NY",96000.0
36015,"Chemung, NY",114600.0
36017,"Chenango, NY",107900.0
36019,"Clinton, NY",143800.0
36021,"Columbia, NY",250600.0
36023,"Cortland, NY",130000.0
36025,"Delaware, NY",147600.0
36027,"Dutchess, NY",304600.0
36029,"Erie, NY",169100.0
36031,"Essex, NY",162700.0
36033,"Franklin, NY",118800.0
36035,"Fulton, NY",124500.0
36037,"Genesee, NY",130100.0
36039,"Greene, NY",190000.0
36041,"Hamilton, NY",170600.0
36043,"Herkimer, NY",110500.0
36045,"Jefferson, NY",154000.0
36047,"Kings, NY",767500.0
36049,"Lewis, NY",128600.0
36051,"Livingston, NY",142000.0
36053,"Madison, NY",151100.0
36055,"Monroe, NY",160000.0
36057,"Montgomery, NY",113500.0
36059,"Nassau, NY",560100.0
36061,"New York, NY",1008500.0
36063,"Niagara, NY",140400.0
36065,"Oneida, NY",138700.0
36067,"Onondaga, NY",154100.0
36069,"Ontario, NY",169200.0
36071,"Orange, NY",291900.0
36073,"Orleans, NY",107700.0
36075,"Oswego, NY",115900.0
36077,"Otsego, NY",154200.0
36079,"Putnam, NY",377800.0
36081,"Queens, NY",603200.0
36083,"Rensselaer, NY",204200.0
36085,"Richmond, NY",575500.0
36087,"Rockland, NY",465200.0
36089,"St. Lawrence, NY",99300.0
36091,"Saratoga, NY",273500.0
36093,"Schenectady, NY",178000.0
36095,"Schoharie, NY",151700.0
36097,"Schuyler, NY",134400.0
36099,"Seneca, NY",111800.0
36101,"Steuben, NY",108100.0
36103,"Suffolk, NY",436300.0
36105,"Sullivan, NY",185700.0
36107,"Tioga, NY",122900.0
36109,"Tompkins, NY",228900.0
36111,"Ulster, NY",252300.0
36113,"Warren, NY",214300.0
36115,"Washington, NY",158100.0
36117,"Wayne, NY",134800.0
36119,"Westchester, NY",559900.0
36121,"Wyoming, NY",125300.0
36123,"Yates, NY",146600.0
37001,"Alamance, NC",168900.0
37003,"Alexander, NC",149900.0
37005,"Alleghany, NC",165500.0
37007,"Anson, NC",100700.0
37009,"Ashe, NC",170700.0
37011,"Avery, NC",171200.0
37013,"Beaufort, NC",142800.0
37015,"Bertie, NC",78100.0
37017,"Bladen, NC",106000.0
37019,"Brunswick, NC",238800.0
37021,"Buncombe, NC",273900.0
37023,"Burke, NC",128300.0
37025,"Cabarrus, NC",239500.0
37027,"Caldwell, NC",136100.0
37029,"Camden, NC",226400.0
37031,"Carteret, NC",237800.0
37033,"Caswell, NC",122000.0
37035,"Catawba, NC",163100.0
37037,"Chatham, NC",325500.0
37039,"Cherokee, NC",164400.0
37041,"Chowan, NC",149800.0
37043,"Clay, NC",208600.0
37045,"Cleveland, NC",135700.0
37047,"Columbus, NC",102300.0
37049,"Craven, NC",168100.0
37051,"Cumberland, NC",145200.0
37053,"Currituck, NC",276400.0
37055,"Dare, NC",321400.0
37057,"Davidson, NC",157300.0
37059,"Davie, NC",181600.0
37061,"Duplin, NC",91400.0
37063,"Durham, NC",262400.0
37065,"Edgecombe, NC",92900.0
37067,"Forsyth, NC",171300.0
37069,"Franklin, NC",174200.0
37071,"Gaston, NC",170500.0
37073,"Gates, NC",146600.0
37075,"Graham, NC",115600.0
37077,"Granville, NC",177600.0
37079,"Greene, NC",89900.0
37081,"Guilford, NC",182300.0
37083,"Halifax, NC",89600.0
37085,"Harnett, NC",165800.0
37087,"Haywood, NC",196300.0
37089,"Henderson, NC",251800.0
37091,"Hertford, NC",89400.0
37093,"Hoke, NC",154400.0
37095,"Hyde, NC",118200.0
37097,"Iredell, NC",220800.0
37099,"Jackson, NC",211500.0
37101,"Johnston, NC",202600.0
37103,"Jones, NC",104900.0
37105,"Lee, NC",154300.0
37107,"Lenoir, NC",91600.0
37109,"Lincoln, NC",203200.0
37111,"McDowell, NC",132300.0
37113,"Macon, NC",176900.0
37115,"Madison, NC",208800.0
37117,"Martin, NC",90400.0
37119,"Mecklenburg, NC",276200.0
37121,"Mitchell, NC",170200.0
37123,"Montgomery, NC",122400.0
37125,"Moore, NC",247000.0
37127,"Nash, NC",141900.0
37129,"New Hanover, NC",277900.0
37131,"Northampton, NC",87400.0
37133,"Onslow, NC",169100.0
37135,"Orange, NC",339900.0
37137,"Pamlico, NC",166500.0
37139,"Pasquotank, NC",179500.0
37141,"Pender, NC",210600.0
37143,"Perquimans, NC",182700.0
37145,"Person, NC",146900.0
37147,"Pitt, NC",153100.0
37149,"Polk, NC",228000.0
37151,"Randolph, NC",134800.0
37153,"Richmond, NC",92200.0
37155,"Robeson, NC",77900.0
37157,"Rockingham, NC",120600.0
37159,"Rowan, NC",155700.0
37161,"Rutherford, NC",133600.0
37163,"Sampson, NC",102300.0
37165,"Scotland, NC",89600.0
37167,"Stanly, NC",161900.0
37169,"Stokes, NC",150000.0
37171,"Surry, NC",136500.0
37173,"Swain, NC",169000.0
37175,"Transylvania, NC",250200.0
37177,"Tyrrell, NC",99400.0
37179,"Union, NC",279500.0
37181,"Vance, NC",113100.0
37183,"Wake, NC",324500.0
37185,"Warren, NC",97600.0
37187,"Washington, NC",86000.0
37189,"Watauga, NC",249500.0
37191,"Wayne, NC",131400.0
37193,"Wilkes, NC",133200.0
37195,"Wilson, NC",130000.0
37197,"Yadkin, NC",145800.0
37199,"Yancey, NC",175200.0
38001,"Adams, ND",102200.0
38003,"Barnes, ND",146800.0
38005,"Benson, ND",80900.0
38007,"Billings, ND",208600.0
38009,"Bottineau, ND",165000.0
38011,"Bowman, ND",155000.0
38013,"Burke, ND",117700.0
38015,"Burleigh, ND",274200.0
38017,"Cass, ND",244000.0
38019,"Cavalier, ND",112200.0
38021,"Dickey, ND",135400.0
38023,"Divide, ND",159200.0
38025,"Dunn, ND",228300.0
38027,"Eddy, ND",103100.0
38029,"Emmons, ND",94700.0
38031,"Foster, ND",157400.0
38033,"Golden Valley, ND",112600.0
38035,"Grand Forks, ND",215200.0
38037,"Grant, ND",77300.0
38039,"Griggs, ND",104200.0
38041,"Hettinger, ND",106000.0
38043,"Kidder, ND",108600.0
38045,"LaMoure, ND",107900.0
38047,"Logan, ND",89200.0
38049,"McHenry, ND",119500.0
38051,"McIntosh, ND",82000.0
38053,"McKenzie, ND",309400.0
38055,"McLean, ND",200600.0
38057,"Mercer, ND",169400.0
38059,"Morton, ND",220200.0
38061,"Mountrail, ND",175100.0
38063,"Nelson, ND",99300.0
38065,"Oliver, ND",203600.0
38067,"Pembina, ND",102100.0
38069,"Pierce, ND",135800.0
38071,"Ramsey, ND",168500.0
38073,"Ransom, ND",137400.0
38075,"Renville, ND",142200.0
38077,"Richland, ND",142000.0
38079,"Rolette, ND",82300.0
38081,"Sargent, ND",132600.0
38083,"Sheridan, ND",105400.0
38085,"Sioux, ND",83500.0
38087,"Slope, ND",96700.0
38089,"Stark, ND",238700.0
38091,"Steele, ND",95000.0
38093,"Stutsman, ND",171300.0
38095,"Towner, ND",103400.0
38097,"Traill, ND",152700.0
38099,"Walsh, ND",98700.0
38101,"Ward, ND",224200.0
38103,"Wells, ND",104300.0
38105,"Williams, ND",240700.0
39001,"Adams, OH",118300.0
39003,"Allen, OH",126900.0
39005,"Ashland, OH",143100.0
39007,"Ashtabula, OH",121100.0
39009,"Athens, OH",150800.0
39011,"Auglaize, OH",150200.0
39013,"Belmont, OH",116700.0
39015,"Brown, OH",141400.0
39017,"Butler, OH",190500.0
39019,"Carroll, OH",142600.0
39021,"Champaign, OH",146700.0
39023,"Clark, OH",127400.0
39025,"Clermont, OH",190600.0
39027,"Clinton, OH",149500.0
39029,"Columbiana, OH",107300.0
39031,"Coshocton, OH",113800.0
39033,"Crawford, OH",98600.0
39035,"Cuyahoga, OH",146800.0
39037,"Darke, OH",134200.0
39039,"Defiance, OH",131400.0
39041,"Delaware, OH",336600.0
39043,"Erie, OH",152800.0
39045,"Fairfield, OH",213500.0
39047,"Fayette, OH",125000.0
39049,"Franklin, OH",203200.0
39051,"Fulton, OH",145600.0
39053,"Gallia, OH",120500.0
39055,"Geauga, OH",259900.0
39057,"Greene, OH",190200.0
39059,"Guernsey, OH",126500.0
39061,"Hamilton, OH",172800.0
39063,"Hancock, OH",157300.0
39065,"Hardin, OH",114600.0
39067,"Harrison, OH",101600.0
39069,"Henry, OH",138100.0
39071,"Highland, OH",126200.0
39073,"Hocking, OH",144000.0
39075,"Holmes, OH",231200.0
39077,"Huron, OH",133600.0
39079,"Jackson, OH",111400.0
39081,"Jefferson, OH",102800.0
39083,"Knox, OH",168700.0
39085,"Lake, OH",166200.0
39087,"Lawrence, OH",112200.0
39089,"Licking, OH",195100.0
39091,"Logan, OH",148600.0
39093,"Lorain, OH",164600.0
39095,"Lucas, OH",127900.0
39097,"Madison, OH",173400.0
39099,"Mahoning, OH",114600.0
39101,"Marion, OH",114800.0
39103,"Medina, OH",219900.0
39105,"Meigs, OH",100300.0
39107,"Mercer, OH",169500.0
39109,"Miami, OH",165600.0
39111,"Monroe, OH",115500.0
39113,"Montgomery, OH",133400.0
39115,"Morgan, OH",103500.0
39117,"Morrow, OH",163300.0
39119,"Muskingum, OH",132800.0
39121,"Noble, OH",113500.0
39123,"Ottawa, OH",160500.0
39125,"Paulding, OH",107700.0
39127,"Perry, OH",136300.0
39129,"Pickaway, OH",185400.0
39131,"Pike, OH",118400.0
39133,"Portage, OH",168500.0
39135,"Preble, OH",141600.0
39137,"Putnam, OH",158300.0
39139,"Richland, OH",123900.0
39141,"Ross, OH",134300.0
39143,"Sandusky, OH",124700.0
39145,"Scioto, OH",107600.0
39147,"Seneca, OH",113000.0
39149,"Shelby, OH",154500.0
39151,"Stark, OH",146100.0
39153,"Summit, OH",159800.0
39155,"Trumbull, OH",109300.0
39157,"Tuscarawas, OH",144700.0
39159,"Union, OH",242400.0
39161,"Van Wert, OH",112300.0
39163,"Vinton, OH",98500.0
39165,"Warren, OH",250300.0
39167,"Washington, OH",146600.0
39169,"Wayne, OH",164300.0
39171,"Williams, OH",111500.0
39173,"Wood, OH",177000.0
39175,"Wyandot, OH",133600.0
40001,"Adair, OK",94200.0
40003,"Alfalfa, OK",85400.0
40005,"Atoka, OK",103500.0
40007,"Beaver, OK",96400.0
40009,"Beckham, OK",137900.0
40011,"Blaine, OK",110900.0
40013,"Bryan, OK",127800.0
40015,"Caddo, OK",87400.0
40017,"Canadian, OK",180400.0
40019,"Carter, OK",123200.0
40021,"Cherokee, OK",132100.0
40023,"Choctaw, OK",102100.0
40025,"Cimarron, OK",64600.0
40027,"Cleveland, OK",175700.0
40029,"Coal, OK",80700.0
40031,"Comanche, OK",133300.0
40033,"Cotton, OK",93400.0
40035,"Craig, OK",112800.0
40037,"Creek, OK",139400.0
40039,"Custer, OK",155900.0
40041,"Delaware, OK",128800.0
40043,"Dewey, OK",96800.0
40045,"Ellis, OK",94500.0
40047,"Garfield, OK",128800.0
40049,"Garvin, OK",109000.0
40051,"Grady, OK",151200.0
40053,"Grant, OK",74900.0
40055,"Greer, OK",79600.0
40057,"Harmon, OK",80200.0
40059,"Harper, OK",86800.0
40061,"Haskell, OK",98500.0
40063,"Hughes, OK",77400.0
40065,"Jackson, OK",105200.0
40067,"Jefferson, OK",63100.0
40069,"Johnston, OK",87900.0
40071,"Kay, OK",97300.0
40073,"Kingfisher, OK",165100.0
40075,"Kiowa, OK",66000.0
40077,"Latimer, OK",90700.0
40079,"Le Flore, OK",96700.0
40081,"Lincoln, OK",126900.0
40083,"Logan, OK",187200.0
40085,"Love, OK",122400.0
40087,"McClain, OK",191200.0
40089,"McCurtain, OK",99700.0
40091,"McIntosh, OK",115500.0
40093,"Major, OK",112700.0
40095,"Marshall, OK",115800.0
40097,"Mayes, OK",130200.0
40099,"Murray, OK",131900.0
40101,"Muskogee, OK",113100.0
40103,"Noble, OK",123300.0
40105,"Nowata, OK",98200.0
40107,"Okfuskee, OK",93400.0
40109,"Oklahoma, OK",164000.0
40111,"Okmulgee, OK",96400.0
40113,"Osage, OK",134300.0
40115,"Ottawa, OK",93200.0
40117,"Pawnee, OK",102600.0
40119,"Payne, OK",172200.0
40121,"Pittsburg, OK",119200.0
40123,"Pontotoc, OK",137000.0
40125,"Pottawatomie, OK",129800.0
40127,"Pushmataha, OK",89100.0
40129,"Roger Mills, OK",142300.0
40131,"Rogers, OK",173600.0
40133,"Seminole, OK",77200.0
40135,"Sequoyah, OK",102100.0
40137,"Stephens, OK",118100.0
40139,"Texas, OK",124200.0
40141,"Tillman, OK",53400.0
40143,"Tulsa, OK",168800.0
40145,"Wagoner, OK",171000.0
40147,"Washington, OK",127400.0
40149,"Washita, OK",89400.0
40151,"Woods, OK",122300.0
40153,"Woodward, OK",152300.0
41001,"Baker, OR",190100.0
41003,"Benton, OR",384900.0
41005,"Clackamas, OR",452200.0
41007,"Clatsop, OR",340700.0
41009,"Columbia, OR",312700.0
41011,"Coos, OR",238100.0
41013,"Crook, OR",296500.0
41015,"Curry, OR",308800.0
41017,"Deschutes, OR",435600.0
41019,"Douglas, OR",224400.0
41021,"Gilliam, OR",122600.0
41023,"Grant, OR",160100.0
41025,"Harney, OR",142800.0
41027,"Hood River, OR",444300.0
41029,"Jackson, OR",322100.0
41031,"Jefferson, OR",267300.0
41033,"Josephine, OR",303500.0
41035,"Klamath, OR",200000.0
41037,"Lake, OR",160100.0
41039,"Lane, OR",303800.0
41041,"Lincoln, OR",287200.0
41043,"Linn, OR",265900.0
41045,"Malheur, OR",162100.0
41047,"Marion, OR",293800.0
41049,"Morrow, OR",169800.0
41051,"Multnomah, OR",437600.0
41053,"Polk, OR",319000.0
41055,"Sherman, OR",157800.0
41057,"Tillamook, OR",309000.0
41059,"Umatilla, OR",203800.0
41061,"Union, OR",206200.0
41063,"Wallowa, OR",285000.0
41065,"Wasco, OR",253700.0
41067,"Washington, OR",439300.0
41069,"Wheeler, OR",188600.0
41071,"Yamhill, OR",353200.0
42001,"Adams, PA",217600.0
42003,"Allegheny, PA",171400.0
42005,"Armstrong, PA",118900.0
42007,"Beaver, PA",154500.0
42009,"Bedford, PA",147200.0
42011,"Berks, PA",195900.0
42013,"Blair, PA",133800.0
42015,"Bradford, PA",156300.0
42017,"Bucks, PA",351700.0
42019,"Butler, PA",228000.0
42021,"Cambria, PA",98400.0
42023,"Cameron, PA",79400.0
42025,"Carbon, PA",158800.0
42027,"Centre, PA",254500.0
42029,"Chester, PA",384100.0
42031,"Clarion, PA",127900.0
42033,"Clearfield, PA",104300.0
42035,"Clinton, PA",151900.0
42037,"Columbia, PA",161900.0
42039,"Crawford, PA",120600.0
42041,"Cumberland, PA",217300.0
42043,"Dauphin, PA",181400.0
42045,"Delaware, PA",257100.0
42047,"Elk, PA",106900.0
42049,"Erie, PA",144100.0
42051,"Fayette, PA",109400.0
42053,"Forest, PA",93600.0
42055,"Franklin, PA",194900.0
42057,"Fulton, PA",170800.0
42059,"Greene, PA",123800.0
42061,"Huntingdon, PA",151000.0
42063,"Indiana, PA",124400.0
42065,"Jefferson, PA",108900.0
42067,"Juniata, PA",161000.0
42069,"Lackawanna, PA",160600.0
42071,"Lancaster, PA",229300.0
42073,"Lawrence, PA",117600.0
42075,"Lebanon, PA",185100.0
42077,"Lehigh, PA",224700.0
42079,"Luzerne, PA",133600.0
42081,"Lycoming, PA",165000.0
42083,"McKean, PA",84600.0
42085,"Mercer, PA",129900.0
42087,"Mifflin, PA",119400.0
42089,"Monroe, PA",182000.0
42091,"Montgomery, PA",338800.0
42093,"Montour, PA",198500.0
42095,"Northampton, PA",232500.0
42097,"Northumberland, PA",122700.0
42099,"Perry, PA",186000.0
42101,"Philadelphia, PA",184100.0
42103,"Pike, PA",197600.0
42105,"Potter, PA",117000.0
42107,"Schuylkill, PA",112800.0
42109,"Snyder, PA",176800.0
42111,"Somerset, PA",114700.0
42113,"Sullivan, PA",163800.0
42115,"Susquehanna, PA",176000.0
42117,"Tioga, PA",155600.0
42119,"Union, PA",191700.0
42121,"Venango, PA",99900.0
42123,"Warren, PA",105700.0
42125,"Washington, PA",178600.0
42127,"Wayne, PA",190100.0
42129,"Westmoreland, PA",162300.0
42131,"Wyoming, PA",173200.0
42133,"York, PA",191000.0
44001,"Bristol, RI",379000.0
44003,"Kent, RI",264900.0
44005,"Newport, RI",425100.0
44007,"Providence, RI",266700.0
44009,"Washington, RI",379200.0
45001,"Abbeville, SC",104100.0
45003,"Aiken, SC",159600.0
45005,"Allendale, SC",53800.0
45007,"Anderson, SC",160700.0
45009,"Bamberg, SC",86300.0
45011,"Barnwell, SC",89200.0
45013,"Beaufort, SC",328500.0
45015,"Berkeley, SC",216100.0
45017,"Calhoun, SC",114500.0
45019,"Charleston, SC",352800.0
45021,"Cherokee, SC",106100.0
45023,"Chester, SC",104900.0
45025,"Chesterfield, SC",83800.0
45027,"Clarendon, SC",115800.0
45029,"Colleton, SC",102000.0
45031,"Darlington, SC",105300.0
45033,"Dillon, SC",83400.0
45035,"Dorchester, SC",228700.0
45037,"Edgefield, SC",149000.0
45039,"Fairfield, SC",110000.0
45041,"Florence, SC",139900.0
45043,"Georgetown, SC",199500.0
45045,"Greenville, SC",212300.0
45047,"Greenwood, SC",127900.0
45049,"Hampton, SC",82800.0
45051,"Horry, SC",199100.0
45053,"Jasper, SC",182600.0
45055,"Kershaw, SC",150200.0
45057,"Lancaster, SC",225400.0
45059,"Laurens, SC",117800.0
45061,"Lee, SC",85500.0
45063,"Lexington, SC",170900.0
45065,"McCormick, SC",114800.0
45067,"Marion, SC",82100.0
45069,"Marlboro, SC",66100.0
45071,"Newberry, SC",119300.0
45073,"Oconee, SC",169900.0
45075,"Orangeburg, SC",92800.0
45077,"Pickens, SC",166800.0
45079,"Richland, SC",175100.0
45081,"Saluda, SC",112700.0
45083,"Spartanburg, SC",164300.0
45085,"Sumter, SC",129200.0
45087,"Union, SC",81400.0
45089,"Williamsburg, SC",76500.0
45091,"York, SC",238700.0
46003,"Aurora, SD",106500.0
46005,"Beadle, SD",119700.0
46007,"Bennett, SD",116000.0
46009,"Bon Homme, SD",92400.0
46011,"Brookings, SD",201000.0
46013,"Brown, SD",170900.0
46015,"Brule, SD",162300.0
46017,"Buffalo, SD",88300.0
46019,"Butte, SD",160000.0
46021,"Campbell, SD",71900.0
46023,"Charles Mix, SD",135300.0
46025,"Clark, SD",116100.0
46027,"Clay, SD",179000.0
46029,"Codington, SD",181900.0
46031,"Corson, SD",57700.0
46033,"Custer, SD",255500.0
46035,"Davison, SD",156600.0
46037,"Day, SD",120700.0
46039,"Deuel, SD",151500.0
46041,"Dewey, SD",65000.0
46043,"Douglas, SD",104900.0
46045,"Edmunds, SD",114500.0
46047,"Fall River, SD",136400.0
46049,"Faulk, SD",94100.0
46051,"Grant, SD",139800.0
46053,"Gregory, SD",91300.0
46055,"Haakon, SD",127200.0
46057,"Hamlin, SD",167500.0
46059,"Hand, SD",125000.0
46061,"Hanson, SD",151600.0
46063,"Harding, SD",98100.0
46065,"Hughes, SD",186600.0
46067,"Hutchinson, SD",119700.0
46069,"Hyde, SD",102300.0
46071,"Jackson, SD",100000.0
46073,"Jerauld, SD",104500.0
46075,"Jones, SD",79900.0
46077,"Kingsbury, SD",124500.0
46079,"Lake, SD",172700.0
46081,"Lawrence, SD",237200.0
46083,"Lincoln, SD",248600.0
46085,"Lyman, SD",122800.0
46087,"McCook, SD",163900.0
46089,"McPherson, SD",68400.0
46091,"Marshall, SD",132500.0
46093,"Meade, SD",214600.0
46095,"Mellette, SD",51700.0
46097,"Miner, SD",82700.0
46099,"Minnehaha, SD",214200.0
46101,"Moody, SD",163000.0
46103,"Pennington, SD",210900.0
46105,"Perkins, SD",101200.0
46107,"Potter, SD",111400.0
46109,"Roberts, SD",114300.0
46111,"Sanborn, SD",108100.0
46115,"Spink, SD",102000.0
46117,"Stanley, SD",159200.0
46119,"Sully, SD",135800.0
46121,"Todd, SD",28700.0
46123,"Tripp, SD",107700.0
46125,"Turner, SD",148300.0
46127,"Union, SD",221300.0
46129,"Walworth, SD",100700.0
46135,"Yankton, SD",166700.0
46137,"Ziebach, SD",78000.0
47001,"Anderson, TN",161400.0
47003,"Bedford, TN",179900.0
47005,"Benton, TN",92200.0
47007,"Bledsoe, TN",141600.0
47009,"Blount, TN",208000.0
47011,"Bradley, TN",179700.0
47013,"Campbell, TN",126800.0
47015,"Cannon, TN",184100.0
47017,"Carroll, TN",98600.0
47019,"Carter, TN",132500.0
47021,"Cheatham, TN",217500.0
47023,"Chester, TN",127200.0
47025,"Claiborne, TN",117900.0
47027,"Clay, TN",121900.0
47029,"Cocke, TN",120100.0
47031,"Coffee, TN",170800.0
47033,"Crockett, TN",103600.0
47035,"Cumberland, TN",168800.0
47037,"Davidson, TN",294200.0
47039,"Decatur, TN",105300.0
47041,"DeKalb, TN",158500.0
47043,"Dickson, TN",200900.0
47045,"Dyer, TN",120500.0
47047,"Fayette, TN",234200.0
47049,"Fentress, TN",110600.0
47051,"Franklin, TN",161000.0
47053,"Gibson, TN",113300.0
47055,"Giles, TN",150900.0
47057,"Grainger, TN",129800.0
47059,"Greene, TN",146100.0
47061,"Grundy, TN",105000.0
47063,"Hamblen, TN",143800.0
47065,"Hamilton, TN",210500.0
47067,"Hancock, TN",98500.0
47069,"Hardeman, TN",95100.0
47071,"Hardin, TN",119200.0
47073,"Hawkins, TN",135200.0
47075,"Haywood, TN",108800.0
47077,"Henderson, TN",115000.0
47079,"Henry, TN",110600.0
47081,"Hickman, TN",130700.0
47083,"Houston, TN",128400.0
47085,"Humphreys, TN",139600.0
47087,"Jackson, TN",119800.0
47089,"Jefferson, TN",162000.0
47091,"Johnson, TN",133700.0
47093,"Knox, TN",208900.0
47095,"Lake, TN",98500.0
47097,"Lauderdale, TN",95900.0
47099,"Lawrence, TN",125700.0
47101,"Lewis, TN",114000.0
47103,"Lincoln, TN",157100.0
47105,"Loudon, TN",238100.0
47107,"McMinn, TN",148700.0
47109,"McNairy, TN",111000.0
47111,"Macon, TN",138900.0
47113,"Madison, TN",149800.0
47115,"Marion, TN",129500.0
47117,"Marshall, TN",175200.0
47119,"Maury, TN",231400.0
47121,"Meigs, TN",153500.0
47123,"Monroe, TN",153700.0
47125,"Montgomery, TN",187700.0
47127,"Moore, TN",219300.0
47129,"Morgan, TN",104300.0
47131,"Obion, TN",102600.0
47133,"Overton, TN",137100.0
47135,"Perry, TN",104300.0
47137,"Pickett, TN",136800.0
47139,"Polk, TN",122800.0
47141,"Putnam, TN",172900.0
47143,"Rhea, TN",140700.0
47145,"Roane, TN",162900.0
47147,"Robertson, TN",229700.0
47149,"Rutherford, TN",256700.0
47151,"Scott, TN",102200.0
47153,"Sequatchie, TN",152000.0
47155,"Sevier, TN",203200.0
47157,"Shelby, TN",170200.0
47159,"Smith, TN",172900.0
47161,"Stewart, TN",149900.0
47163,"Sullivan, TN",152000.0
47165,"Sumner, TN",276600.0
47167,"Tipton, TN",168100.0
47169,"Trousdale, TN",178200.0
47171,"Unicoi, TN",137100.0
47173,"Union, TN",144400.0
47175,"Van Buren, TN",107000.0
47177,"Warren, TN",123700.0
47179,"Washington, TN",176500.0
47181,"Wayne, TN",114000.0
47183,"Weakley, TN",99800.0
47185,"White, TN",137300.0
47187,"Williamson, TN",497500.0
47189,"Wilson, TN",300800.0
48001,"Anderson, TX",119700.0
48003,"Andrews, TX",156500.0
48005,"Angelina, TX",115600.0
48007,"Aransas, TX",184900.0
48009,"Archer, TX",146600.0
48011,"Armstrong, TX",155000.0
48013,"Atascosa, TX",115900.0
48015,"Austin, TX",211200.0
48017,"Bailey, TX",93200.0
48019,"Bandera, TX",220200.0
48021,"Bastrop, TX",209000.0
48023,"Baylor, TX",73900.0
48025,"Bee, TX",93200.0
48027,"Bell, TX",164200.0
48029,"Bexar, TX",187300.0
48031,"Blanco, TX",286900.0
48033,"Borden, TX",143300.0
48035,"Bosque, TX",137800.0
48037,"Bowie, TX",132700.0
48039,"Brazoria, TX",225200.0
48041,"Brazos, TX",229700.0
48043,"Brewster, TX",181700.0
48045,"Briscoe, TX",72100.0
48047,"Brooks, TX",70100.0
48049,"Brown, TX",114000.0
48051,"Burleson, TX",124500.0
48053,"Burnet, TX",229600.0
48055,"Caldwell, TX",162000.0
48057,"Calhoun, TX",121700.0
48059,"Callahan, TX",111900.0
48061,"Cameron, TX",94200.0
48063,"Camp, TX",127300.0
48065,"Carson, TX",101700.0
48067,"Cass, TX",96900.0
48069,"Castro, TX",86300.0
48071,"Chambers, TX",241700.0
48073,"Cherokee, TX",120400.0
48075,"Childress, TX",100600.0
48077,"Clay, TX",117900.0
48079,"Cochran, TX",44600.0
48081,"Coke, TX",82400.0
48083,"Coleman, TX",83400.0
48085,"Collin, TX",355100.0
48087,"Collingsworth, TX",65300.0
48089,"Colorado, TX",161200.0
48091,"Comal, TX",310900.0
48093,"Comanche, TX",106400.0
48095,"Concho, TX",85600.0
48097,"Cooke, TX",172500.0
48099,"Coryell, TX",131200.0
48101,"Cottle, TX",52000.0
48103,"Crane, TX",106100.0
48105,"Crockett, TX",121200.0
48107,"Crosby, TX",61900.0
48109,"Culberson, TX",66700.0
48111,"Dallam, TX",101900.0
48113,"Dallas, TX",213000.0
48115,"Dawson, TX",82800.0
48117,"Deaf Smith, TX",91700.0
48119,"Delta, TX",127400.0
48121,"Denton, TX",321000.0
48123,"DeWitt, TX",144700.0
48125,"Dickens, TX",59400.0
48127,"Dimmit, TX",57700.0
48129,"Donley, TX",67100.0
48131,"Duval, TX",75200.0
48133,"Eastland, TX",82700.0
48135,"Ector, TX",155100.0
48137,"Edwards, TX",70300.0
48139,"Ellis, TX",239000.0
48141,"El Paso, TX",131500.0
48143,"Erath, TX",176600.0
48145,"Falls, TX",80400.0
48147,"Fannin, TX",158000.0
48149,"Fayette, TX",211900.0
48151,"Fisher, TX",67100.0
48153,"Floyd, TX",75900.0
48155,"Foard, TX",52700.0
48157,"Fort Bend, TX",287500.0
48159,"Franklin, TX",157200.0
48161,"Freestone, TX",136200.0
48163,"Frio, TX",100500.0
48165,"Gaines, TX",136400.0
48167,"Galveston, TX",229300.0
48169,"Garza, TX",78900.0
48171,"Gillespie, TX",324700.0
48173,"Glasscock, TX",203100.0
48175,"Goliad, TX",146500.0
48177,"Gonzales, TX",117100.0
48179,"Gray, TX",82100.0
48181,"Grayson, TX",169100.0
48183,"Gregg, TX",150900.0
48185,"Grimes, TX",182500.0
48187,"Guadalupe, TX",220700.0
48189,"Hale, TX",83200.0
48191,"Hall, TX",62500.0
48193,"Hamilton, TX",122100.0
48195,"Hansford, TX",102900.0
48197,"Hardeman, TX",57700.0
48199,"Hardin, TX",143700.0
48201,"Harris, TX",201200.0
48203,"Harrison, TX",152200.0
48205,"Hartley, TX",181600.0
48207,"Haskell, TX",59700.0
48209,"Hays, TX",278000.0
48211,"Hemphill, TX",187200.0
48213,"Henderson, TX",126100.0
48215,"Hidalgo, TX",94600.0
48217,"Hill, TX",114600.0
48219,"Hockley, TX",98600.0
48221,"Hood, TX",219300.0
48223,"Hopkins, TX",142600.0
48225,"Houston, TX",118100.0
48227,"Howard, TX",121200.0
48229,"Hudspeth, TX",52800.0
48231,"Hunt, TX",151800.0
48233,"Hutchinson, TX",86200.0
48235,"Irion, TX",114200.0
48237,"Jack, TX",100700.0
48239,"Jackson, TX",115100.0
48241,"Jasper, TX",106600.0
48243,"Jeff Davis, TX",151200.0
48245,"Jefferson, TX",129600.0
48247,"Jim Hogg, TX",88000.0
48249,"Jim Wells, TX",78000.0
48251,"Johnson, TX",182800.0
48253,"Jones, TX",79000.0
48255,"Karnes, TX",111900.0
48257,"Kaufman, TX",216300.0
48259,"Kendall, TX",393200.0
48261,"Kenedy, TX",-666666666.0
48263,"Kent, TX",91400.0
48265,"Kerr, TX",212300.0
48267,"Kimble, TX",131700.0
48269,"King, TX",22600.0
48271,"Kinney, TX",98800.0
48273,"Kleberg, TX",98000.0
48275,"Knox, TX",47000.0
48277,"Lamar, TX",122100.0
48279,"Lamb, TX",66200.0
48281,"Lampasas, TX",174300.0
48283,"La Salle, TX",83000.0
48285,"Lavaca, TX",176900.0
48287,"Lee, TX",189400.0
48289,"Leon, TX",125800.0
48291,"Liberty, TX",128400.0
48293,"Limestone, TX",116300.0
48295,"Lipscomb, TX",110100.0
48297,"Live Oak, TX",117500.0
48299,"Llano, TX",246600.0
48301,"Loving, TX",-666666666.0
48303,"Lubbock, TX",158700.0
48305,"Lynn, TX",94300.0
48307,"McCulloch, TX",86400.0
48309,"McLennan, TX",165400.0
48311,"McMullen, TX",89300.0
48313,"Madison, TX",117200.0
48315,"Marion, TX",98200.0
48317,"Martin, TX",147300.0
48319,"Mason, TX",236600.0
48321,"Matagorda, TX",136000.0
48323,"Maverick, TX",108800.0
48325,"Medina, TX",165100.0
48327,"Menard, TX",82600.0
48329,"Midland, TX",245600.0
48331,"Milam, TX",126100.0
48333,"Mills, TX",159700.0
48335,"Mitchell, TX",68800.0
48337,"Montague, TX",138800.0
48339,"Montgomery, TX",257700.0
48341,"Moore, TX",115300.0
48343,"Morris, TX",97700.0
48345,"Motley, TX",59000.0
48347,"Nacogdoches, TX",140900.0
48349,"Navarro, TX",115800.0
48351,"Newton, TX",81600.0
48353,"Nolan, TX",78300.0
48355,"Nueces, TX",155400.0
48357,"Ochiltree, TX",109200.0
48359,"Oldham, TX",104900.0
48361,"Orange, TX",131700.0
48363,"Palo Pinto, TX",127600.0
48365,"Panola, TX",120700.0
48367,"Parker, TX",264100.0
48369,"Parmer, TX",106400.0
48371,"Pecos, TX",113100.0
48373,"Polk, TX",126200.0
48375,"Potter, TX",102000.0
48377,"Presidio, TX",72100.0
48379,"Rains, TX",153800.0
48381,"Randall, TX",181900.0
48383,"Reagan, TX",103500.0
48385,"Real, TX",192500.0
48387,"Red River, TX",100400.0
48389,"Reeves, TX",97900.0
48391,"Refugio, TX",84400.0
48393,"Roberts, TX",140600.0
48395,"Robertson, TX",121600.0
48397,"Rockwall, TX",300200.0
48399,"Runnels, TX",85200.0
48401,"Rusk, TX",134900.0
48403,"Sabine, TX",114300.0
48405,"San Augustine, TX",72200.0
48407,"San Jacinto, TX",135200.0
48409,"San Patricio, TX",141900.0
48411,"San Saba, TX",121100.0
48413,"Schleicher, TX",89300.0
48415,"Scurry, TX",94900.0
48417,"Shackelford, TX",153100.0
48419,"Shelby, TX",87200.0
48421,"Sherman, TX",95300.0
48423,"Smith, TX",171700.0
48425,"Somervell, TX",224700.0
48427,"Starr, TX",80300.0
48429,"Stephens, TX",82800.0
48431,"Sterling, TX",78900.0
48433,"Stonewall, TX",55300.0
48435,"Sutton, TX",129600.0
48437,"Swisher, TX",78300.0
48439,"Tarrant, TX",229200.0
48441,"Taylor, TX",147200.0
48443,"Terrell, TX",94800.0
48445,"Terry, TX",85200.0
48447,"Throckmorton, TX",62800.0
48449,"Titus, TX",104800.0
48451,"Tom Green, TX",156600.0
48453,"Travis, TX",368000.0
48455,"Trinity, TX",92500.0
48457,"Tyler, TX",108900.0
48459,"Upshur, TX",153600.0
48461,"Upton, TX",86200.0
48463,"Uvalde, TX",101300.0
48465,"Val Verde, TX",113900.0
48467,"Van Zandt, TX",160300.0
48469,"Victoria, TX",158200.0
48471,"Walker, TX",167800.0
48473,"Waller, TX",241700.0
48475,"Ward, TX",102900.0
48477,"Washington, TX",218200.0
48479,"Webb, TX",143300.0
48481,"Wharton, TX",156300.0
48483,"Wheeler, TX",85500.0
48485,"Wichita, TX",109600.0
48487,"Wilbarger, TX",76200.0
48489,"Willacy, TX",62000.0
48491,"Williamson, TX",308400.0
48493,"Wilson, TX",231100.0
48495,"Winkler, TX",87400.0
48497,"Wise, TX",197300.0
48499,"Wood, TX",153900.0
48501,"Yoakum, TX",155000.0
48503,"Young, TX",135500.0
48505,"Zapata, TX",82800.0
48507,"Zavala, TX",63300.0
49001,"Beaver, UT",221500.0
49003,"Box Elder, UT",250500.0
49005,"Cache, UT",283800.0
49007,"Carbon, UT",156800.0
49009,"Daggett, UT",183800.0
49011,"Davis, UT",351400.0
49013,"Duchesne, UT",194900.0
49015,"Emery, UT",149900.0
49017,"Garfield, UT",196900.0
49019,"Grand, UT",336700.0
49021,"Iron, UT",248100.0
49023,"Juab, UT",283000.0
49025,"Kane, UT",241000.0
49027,"Millard, UT",182100.0
49029,"Morgan, UT",453900.0
49031,"Piute, UT",203400.0
49033,"Rich, UT",227300.0
49035,"Salt Lake, UT",367300.0
49037,"San Juan, UT",137700.0
49039,"Sanpete, UT",221200.0
49041,"Sevier, UT",201200.0
49043,"Summit, UT",734900.0
49045,"Tooele, UT",269700.0
49047,"Uintah, UT",207700.0
49049,"Utah, UT",367200.0
49051,"Wasatch, UT",490500.0
49053,"Washington, UT",343700.0
49055,"Wayne, UT",253300.0
49057,"Weber, UT",282800.0
50001,"Addison, VT",275800.0
50003,"Bennington, VT",218400.0
50005,"Caledonia, VT",176200.0
50007,"Chittenden, VT",331300.0
50009,"Essex, VT",132700.0
50011,"Franklin, VT",231700.0
50013,"Grand Isle, VT",301900.0
50015,"Lamoille, VT",243800.0
50017,"Orange, VT",203300.0
50019,"Orleans, VT",173600.0
50021,"Rutland, VT",177400.0
50023,"Washington, VT",244700.0
50025,"Windham, VT",222200.0
50027,"Windsor, VT",226300.0
51001,"Accomack, VA",171400.0
51007,"Amelia, VA",207300.0
51009,"Amherst, VA",163800.0
51011,"Appomattox, VA",161200.0
51013,"Arlington, VA",755800.0
51017,"Bath, VA",174100.0
51019,"Bedford, VA*",227500.0
51021,"Bland, VA",118600.0
51023,"Botetourt, VA",242600.0
51025,"Brunswick, VA",115100.0
51027,"Buchanan, VA",71800.0
51029,"Buckingham, VA",137100.0
51033,"Caroline, VA",226600.0
51036,"Charles City, VA",173500.0
51037,"Charlotte, VA",124500.0
51041,"Chesterfield, VA",269500.0
51043,"Clarke, VA",400500.0
51045,"Craig, VA",176500.0
51047,"Culpeper, VA",328200.0
51049,"Cumberland, VA",170100.0
51051,"Dickenson, VA",82000.0
51057,"Essex, VA",213100.0
51061,"Fauquier, VA",434500.0
51063,"Floyd, VA",175500.0
51065,"Fluvanna, VA",238800.0
51067,"Franklin, VA",181400.0
51071,"Giles, VA",133700.0
51073,"Gloucester, VA",242100.0
51075,"Goochland, VA",402300.0
51077,"Grayson, VA",114700.0
51079,"Greene, VA",257200.0
51083,"Halifax, VA",120300.0
51085,"Hanover, VA",304700.0
51087,"Henrico, VA",268400.0
51091,"Highland, VA",166400.0
51093,"Isle of Wight, VA",295500.0
51097,"King and Queen, VA",209200.0
51099,"King George, VA",327500.0
51101,"King William, VA",217600.0
51103,"Lancaster, VA",241400.0
51105,"Lee, VA",86200.0
51107,"Loudoun, VA",569100.0
51109,"Louisa, VA",239300.0
51111,"Lunenburg, VA",116600.0
51113,"Madison, VA",278700.0
51115,"Mathews, VA",283300.0
51117,"Mecklenburg, VA",146200.0
51119,"Middlesex, VA",265200.0
51125,"Nelson, VA",243900.0
51127,"New Kent, VA",309000.0
51131,"Northampton, VA",191900.0
51133,"Northumberland, VA",282600.0
51135,"Nottoway, VA",156600.0
51137,"Orange, VA",272200.0
51139,"Page, VA",175000.0
51141,"Patrick, VA",118800.0
51145,"Powhatan, VA",309200.0
51147,"Prince Edward, VA",160800.0
51155,"Pulaski, VA",163000.0
51157,"Rappahannock, VA",428900.0
51159,"Richmond, VA",195600.0
51167,"Russell, VA",97600.0
51169,"Scott, VA",108100.0
51171,"Shenandoah, VA",223600.0
51173,"Smyth, VA",108100.0
51179,"Stafford, VA",370000.0
51181,"Surry, VA",207200.0
51183,"Sussex, VA",129600.0
51185,"Tazewell, VA",101700.0
51187,"Warren, VA",261100.0
51193,"Westmoreland, VA",211200.0
51197,"Wythe, VA",132400.0
51510,"Alexandria (Independent City), VA",579100.0
51550,"Chesapeake (Independent City), VA",291700.0
51650,"Hampton (Independent City), VA",191000.0
51700,"Newport News (Independent City), VA",204900.0
51710,"Norfolk (Independent City), VA",223300.0
51740,"Portsmouth (Independent City), VA",182700.0
51760,"Richmond (Independent City), VA",263000.0
51770,"Roanoke (Independent City), VA",140600.0
51800,"Suffolk (Independent City), VA",273600.0
51810,"Virginia Beach (Independent City), VA",295900.0
53001,"Adams, WA",175200.0
53003,"Asotin, WA",229300.0
53005,"Benton, WA",283400.0
53007,"Chelan, WA",349200.0
53009,"Clallam, WA",290700.0
53011,"Clark, WA",381700.0
53013,"Columbia, WA",207100.0
53015,"Cowlitz, WA",270600.0
53017,"Douglas, WA",304500.0
53019,"Ferry, WA",204300.0
53021,"Franklin, WA",254300.0
53023,"Garfield, WA",163800.0
53025,"Grant, WA",210100.0
53027,"Grays Harbor, WA",213200.0
53029,"Island, WA",412300.0
53031,"Jefferson, WA",389700.0
53033,"King, WA",651900.0
53035,"Kitsap, WA",392700.0
53037,"Kittitas, WA",352900.0
53039,"Klickitat, WA",312100.0
53041,"Lewis, WA",260900.0
53043,"Lincoln, WA",185300.0
53045,"Mason, WA",278100.0
53047,"Okanogan, WA",218100.0
53049,"Pacific, WA",214900.0
53051,"Pend Oreille, WA",261900.0
53053,"Pierce, WA",369300.0
53055,"San Juan, WA",572600.0
53057,"Skagit, WA",371600.0
53059,"Skamania, WA",366300.0
53061,"Snohomish, WA",483000.0
53063,"Spokane, WA",273200.0
53065,"Stevens, WA",235400.0
53067,"Thurston, WA",344700.0
53069,"Wahkiakum, WA",232500.0
53071,"Walla Walla, WA",277300.0
53073,"Whatcom, WA",396500.0
53075,"Whitman, WA",245100.0
53077,"Yakima, WA",213200.0
54001,"Barbour, WV",106600.0
54003,"Berkeley, WV",196700.0
54005,"Boone, WV",80100.0
54007,"Braxton, WV",88700.0
54009,"Brooke, WV",93500.0
54011,"Cabell, WV",129900.0
54013,"Calhoun, WV",103700.0
54015,"Clay, WV",87700.0
54017,"Doddridge, WV",135900.0
54019,"Fayette, WV",95700.0
54021,"Gilmer, WV",82000.0
54023,"Grant, WV",137400.0
54025,"Greenbrier, WV",128900.0
54027,"Hampshire, WV",157600.0
54029,"Hancock, WV",97800.0
54031,"Hardy, WV",141500.0
54033,"Harrison, WV",124800.0
54035,"Jackson, WV",137800.0
54037,"Jefferson, WV",276700.0
54039,"Kanawha, WV",118200.0
54041,"Lewis, WV",119700.0
54043,"Lincoln, WV",82900.0
54045,"Logan, WV",92100.0
54047,"McDowell, WV",43700.0
54049,"Marion, WV",125300.0
54051,"Marshall, WV",116800.0
54053,"Mason, WV",108700.0
54055,"Mercer, WV",104100.0
54057,"Mineral, WV",151700.0
54059,"Mingo, WV",83000.0
54061,"Monongalia, WV",221600.0
54063,"Monroe, WV",123300.0
54065,"Morgan, WV",190900.0
54067,"Nicholas, WV",93700.0
54069,"Ohio, WV",135300.0
54071,"Pendleton, WV",135600.0
54073,"Pleasants, WV",117100.0
54075,"Pocahontas, WV",130200.0
54077,"Preston, WV",128800.0
54079,"Putnam, WV",176300.0
54081,"Raleigh, WV",112300.0
54083,"Randolph, WV",116100.0
54085,"Ritchie, WV",97100.0
54087,"Roane, WV",107200.0
54089,"Summers, WV",104500.0
54091,"Taylor, WV",120000.0
54093,"Tucker, WV",137300.0
54095,"Tyler, WV",96000.0
54097,"Upshur, WV",131400.0
54099,"Wayne, WV",105100.0
54101,"Webster, WV",75900.0
54103,"Wetzel, WV",100100.0
54105,"Wirt, WV",97700.0
54107,"Wood, WV",129600.0
54109,"Wyoming, WV",75500.0
55001,"Adams, WI",150000.0
55003,"Ashland, WI",120700.0
55005,"Barron, WI",163400.0
55007,"Bayfield, WI",187000.0
55009,"Brown, WI",193500.0
55011,"Buffalo, WI",164500.0
55013,"Burnett, WI",173800.0
55015,"Calumet, WI",198900.0
55017,"Chippewa, WI",183600.0
55019,"Clark, WI",134400.0
55021,"Columbia, WI",214600.0
55023,"Crawford, WI",145600.0
55025,"Dane, WI",294500.0
55027,"Dodge, WI",173700.0
55029,"Door, WI",242100.0
55031,"Douglas, WI",155700.0
55033,"Dunn, WI",180600.0
55035,"Eau Claire, WI",195200.0
55037,"Florence, WI",142100.0
55039,"Fond du Lac, WI",167800.0
55041,"Forest, WI",143600.0
55043,"Grant, WI",156700.0
55045,"Green, WI",184900.0
55047,"Green Lake, WI",162600.0
55049,"Iowa, WI",203400.0
55051,"Iron, WI",126100.0
55053,"Jackson, WI",155100.0
55055,"Jefferson, WI",207500.0
55057,"Juneau, WI",137800.0
55059,"Kenosha, WI",203400.0
55061,"Kewaunee, WI",171600.0
55063,"La Crosse, WI",197000.0
55065,"Lafayette, WI",150300.0
55067,"Langlade, WI",123800.0
55069,"Lincoln, WI",144600.0
55071,"Manitowoc, WI",140400.0
55073,"Marathon, WI",169200.0
55075,"Marinette, WI",124800.0
55077,"Marquette, WI",162900.0
55078,"Menominee, WI",87800.0
55079,"Milwaukee, WI",172400.0
55081,"Monroe, WI",163600.0
55083,"Oconto, WI",172100.0
55085,"Oneida, WI",186600.0
55087,"Outagamie, WI",188800.0
55089,"Ozaukee, WI",305700.0
55091,"Pepin, WI",153900.0
55093,"Pierce, WI",242000.0
55095,"Polk, WI",194100.0
55097,"Portage, WI",184900.0
55099,"Price, WI",125400.0
55101,"Racine, WI",194800.0
55103,"Richland, WI",148700.0
55105,"Rock, WI",165800.0
55107,"Rusk, WI",119400.0
55109,"St. Croix, WI",282100.0
55111,"Sauk, WI",195700.0
55113,"Sawyer, WI",184000.0
55115,"Shawano, WI",147600.0
55117,"Sheboygan, WI",172500.0
55119,"Taylor, WI",151500.0
55121,"Trempealeau, WI",168300.0
55123,"Vernon, WI",168500.0
55125,"Vilas, WI",220700.0
55127,"Walworth, WI",224300.0
55129,"Washburn, WI",170600.0
55131,"Washington, WI",259000.0
55133,"Waukesha, WI",306300.0
55135,"Waupaca, WI",159600.0
55137,"Waushara, WI",157300.0
55139,"Winnebago, WI",167400.0
55141,"Wood, WI",137300.0
56001,"Albany, WY",247100.0
56003,"Big Horn, WY",158800.0
56005,"Campbell, WY",230400.0
56007,"Carbon, WY",188100.0
56009,"Converse, WY",227200.0
56011,"Crook, WY",256000.0
56013,"Fremont, WY",207600.0
56015,"Goshen, WY",191300.0
56017,"Hot Springs, WY",178800.0
56019,"Johnson, WY",255500.0
56021,"Laramie, WY",253700.0
56023,"Lincoln, WY",283800.0
56025,"Natrona, WY",218700.0
56027,"Niobrara, WY",182900.0
56029,"Park, WY",290600.0
56031,"Platte, WY",210400.0
56033,"Sheridan, WY",289800.0
56035,"Sublette, WY",309500.0
56037,"Sweetwater, WY",217300.0
56039,"Teton, WY",945300.0
56041,"Uinta, WY",190900.0
56043,"Washakie, WY",178700.0
56045,"Weston, WY",174500.0
