GeoFIPS,GeoName,median_rent
1001,"Autauga, AL",1199.0
1003,"Baldwin, AL",1160.0
1005,"Barbour, AL",627.0
1007,"Bibb, AL",765.0
1009,"Blount, AL",734.0
1011,"Bullock, AL",619.0
1013,"Butler, AL",720.0
1015,"Calhoun, AL",806.0
1017,"Chambers, AL",842.0
1019,"Cherokee, AL",700.0
1021,"Chilton, AL",814.0
1023,"Choctaw, AL",616.0
1025,"Clarke, AL",723.0
1027,"Clay, AL",576.0
1029,"Cleburne, AL",782.0
1031,"Coffee, AL",921.0
1033,"Colbert, AL",810.0
1035,"Conecuh, AL",718.0
1037,"Coosa, AL",632.0
1039,"Covington, AL",701.0
1041,"Crenshaw, AL",595.0
1043,"Cullman, AL",848.0
1045,"Dale, AL",829.0
1047,"Dallas, AL",726.0
1049,"DeKalb, AL",684.0
1051,"Elmore, AL",982.0
1053,"Escambia, AL",659.0
1055,"Etowah, AL",779.0
1057,"Fayette, AL",600.0
1059,"Franklin, AL",596.0
1061,"Geneva, AL",696.0
1063,"Greene, AL",682.0
1065,"Hale, AL",668.0
1067,"Henry, AL",678.0
1069,"Houston, AL",858.0
1071,"Jackson, AL",702.0
1073,"Jefferson, AL",1086.0
1075,"Lamar, AL",495.0
1077,"Lauderdale, AL",773.0
1079,"Lawrence, AL",692.0
1081,"Lee, AL",953.0
1083,"Limestone, AL",861.0
1085,"Lowndes, AL",760.0
1087,"Macon, AL",688.0
1089,"Madison, AL",1043.0
1091,"Marengo, AL",702.0
1093,"Marion, AL",581.0
1095,"Marshall, AL",746.0
1097,"Mobile, AL",973.0
1099,"Monroe, AL",692.0
1101,"Montgomery, AL",1028.0
1103,"Morgan, AL",791.0
1105,"Perry, AL",560.0
1107,"Pickens, AL",578.0
1109,"Pike, AL",750.0
1111,"Randolph, AL",704.0
1113,"Russell, AL",908.0
1115,"St. Clair, AL",1044.0
1117,"Shelby, AL",1272.0
1119,"Sumter, AL",770.0
1121,"Talladega, AL",750.0
1123,"Tallapoosa, AL",701.0
1125,"Tuscaloosa, AL",974.0
1127,"Walker, AL",698.0
1129,"Washington, AL",698.0
1131,"Wilcox, AL",787.0
1133,"Winston, AL",680.0
2013,"Aleutians East Borough, AK",1035.0
2016,"Aleutians West Census Area, AK",1672.0
2020,"Anchorage Municipality, AK",1405.0
2050,"Bethel Census Area, AK",1408.0
2060,"Bristol Bay Borough, AK",1183.0
2068,"Denali Borough, AK",863.0
2070,"Dillingham Census Area, AK",1106.0
2090,"Fairbanks North Star Borough, AK",1360.0
2100,"Haines Borough, AK",889.0
2110,"Juneau City and Borough, AK",1464.0
2122,"Kenai Peninsula Borough, AK",1126.0
2130,"Ketchikan Gateway Borough, AK*",1275.0
2150,"Kodiak Island Borough, AK",1646.0
2164,"Lake and Peninsula Borough, AK",933.0
2170,"Matanuska-Susitna Borough, AK",1242.0
2180,"Nome Census Area, AK",1349.0
2185,"North Slope Borough, AK",1231.0
2188,"Northwest Arctic Borough, AK",1386.0
2220,"Sitka City and Borough, AK",1309.0
2240,"Southeast Fairbanks Census Area, AK",1190.0
2290,"Yukon-Koyukuk Census Area, AK",906.0
4001,"Apache, AZ",635.0
4003,"Cochise, AZ",893.0
4005,"Coconino, AZ",1353.0
4007,"Gila, AZ",966.0
4009,"Graham, AZ",856.0
4011,"Greenlee, AZ",532.0
4012,"La Paz, AZ",691.0
4013,"Maricopa, AZ",1437.0
4015,"Mohave, AZ",976.0
4017,"Navajo, AZ",800.0
4019,"Pima, AZ",1071.0
4021,"Pinal, AZ",1317.0
4023,"Santa Cruz, AZ",741.0
4025,"Yavapai, AZ",1128.0
4027,"Yuma, AZ",950.0
5001,"Arkansas, AR",749.0
5003,"Ashley, AR",610.0
5005,"Baxter, AR",810.0
5007,"Benton, AR",1113.0
5009,"Boone, AR",687.0
5011,"Bradley, AR",636.0
5013,"Calhoun, AR",808.0
5015,"Carroll, AR",751.0
5017,"Chicot, AR",536.0
5019,"Clark, AR",690.0
5021,"Clay, AR",639.0
5023,"Cleburne, AR",844.0
5025,"Cleveland, AR",673.0
5027,"Columbia, AR",690.0
5029,"Conway, AR",698.0
5031,"Craighead, AR",870.0
5033,"Crawford, AR",789.0
5035,"Crittenden, AR",831.0
5037,"Cross, AR",815.0
5039,"Dallas, AR",563.0
5041,"Desha, AR",628.0
5043,"Drew, AR",708.0
5045,"Faulkner, AR",931.0
5047,"Franklin, AR",684.0
5049,"Fulton, AR",649.0
5051,"Garland, AR",913.0
5053,"Grant, AR",802.0
5055,"Greene, AR",808.0
5057,"Hempstead, AR",764.0
5059,"Hot Spring, AR",713.0
5061,"Howard, AR",732.0
5063,"Independence, AR",774.0
5065,"Izard, AR",616.0
5067,"Jackson, AR",650.0
5069,"Jefferson, AR",820.0
5071,"Johnson, AR",710.0
5073,"Lafayette, AR",659.0
5075,"Lawrence, AR",690.0
5077,"Lee, AR",641.0
5079,"Lincoln, AR",595.0
5081,"Little River, AR",683.0
5083,"Logan, AR",693.0
5085,"Lonoke, AR",944.0
5087,"Madison, AR",718.0
5089,"Marion, AR",749.0
5091,"Miller, AR",831.0
5093,"Mississippi, AR",750.0
5095,"Monroe, AR",543.0
5097,"Montgomery, AR",637.0
5099,"Nevada, AR",773.0
5101,"Newton, AR",577.0
5103,"Ouachita, AR",723.0
5105,"Perry, AR",716.0
5107,"Phillips, AR",719.0
5109,"Pike, AR",657.0
5111,"Poinsett, AR",642.0
5113,"Polk, AR",730.0
5115,"Pope, AR",810.0
5117,"Prairie, AR",645.0
5119,"Pulaski, AR",985.0
5121,"Randolph, AR",674.0
5123,"St. Francis, AR",748.0
5125,"Saline, AR",948.0
5127,"Scott, AR",702.0
5129,"Searcy, AR",611.0
5131,"Sebastian, AR",805.0
5133,"Sevier, AR",700.0
5135,"Sharp, AR",610.0
5137,"Stone, AR",669.0
5139,"Union, AR",775.0
5141,"Van Buren, AR",716.0
5143,"Washington, AR",935.0
5145,"White, AR",793.0
5147,"Woodruff, AR",582.0
5149,"Yell, AR",647.0
6001,"Alameda, CA",2229.0
6003,"Alpine, CA",-666666666.0
6005,"Amador, CA",1257.0
6007,"Butte, CA",1280.0
6009,"Calaveras, CA",1621.0
6011,"Colusa, CA",1061.0
6013,"Contra Costa, CA",2234.0
6015,"Del Norte, CA",1146.0
6017,"El Dorado, CA",1597.0
6019,"Fresno, CA",1207.0
6021,"Glenn, CA",978.0
6023,"Humboldt, CA",1191.0
6025,"Imperial, CA",961.0
6027,"Inyo, CA",1131.0
6029,"Kern, CA",1161.0
6031,"Kings, CA",1201.0
6033,"Lake, CA",1206.0
6035,"Lassen, CA",1038.0
6037,"Los Angeles, CA",1805.0
6039,"Madera, CA",1185.0
6041,"Marin, CA",2487.0
6043,"Mariposa, CA",1134.0
6045,"Mendocino, CA",1240.0
6047,"Merced, CA",1200.0
6049,"Modoc, CA",796.0
6051,"Mono, CA",1259.0
6053,"Monterey, CA",1873.0
6055,"Napa, CA",2037.0
6057,"Nevada, CA",1487.0
6059,"Orange, CA",2248.0
6061,"Placer, CA",1874.0
6063,"Plumas, CA",1102.0
6065,"Riverside, CA",1711.0
6067,"Sacramento, CA",1599.0
6069,"San Benito, CA",1830.0
6071,"San Bernardino, CA",1584.0
6073,"San Diego, CA",2011.0
6075,"San Francisco, CA",2316.0
6077,"San Joaquin, CA",1542.0
6079,"San Luis Obispo, CA",1800.0
6081,"San Mateo, CA",2805.0
6083,"Santa Barbara, CA",1964.0
6085,"Santa Clara, CA",2719.0
6087,"Santa Cruz, CA",2094.0
6089,"Shasta, CA",1232.0
6091,"Sierra, CA",1184.0
6093,"Siskiyou, CA",984.0
6095,"Solano, CA",1981.0
6097,"Sonoma, CA",2029.0
6099,"Stanislaus, CA",1433.0
6101,"Sutter, CA",1289.0
6103,"Tehama, CA",1119.0
6105,"Trinity, CA",928.0
6107,"Tulare, CA",1137.0
6109,"Tuolumne, CA",1129.0
6111,"Ventura, CA",2140.0
6113,"Yolo, CA",1655.0
6115,"Yuba, CA",1137.0
8001,"Adams, CO*",1632.0
8003,"Alamosa, CO",815.0
8005,"Arapahoe, CO",1708.0
8007,"Archuleta, CO",1184.0
8009,"Baca, CO",474.0
8011,"Bent, CO",778.0
8013,"Boulder, CO*",1828.0
8015,"Chaffee, CO",1330.0
8017,"Cheyenne, CO",860.0
8019,"Clear Creek, CO",1201.0
8021,"Conejos, CO",686.0
8023,"Costilla, CO",691.0
8025,"Crowley, CO",988.0
8027,"Custer, CO",865.0
8029,"Delta, CO",933.0
8031,"Denver, CO",1665.0
8033,"Dolores, CO",1513.0
8035,"Douglas, CO",1953.0
8037,"Eagle, CO",1868.0
8039,"Elbert, CO",1436.0
8041,"El Paso, CO",1507.0
8043,"Fremont, CO",959.0
8045,"Garfield, CO",1444.0
8047,"Gilpin, CO",1263.0
8049,"Grand, CO",1243.0
8051,"Gunnison, CO",1168.0
8053,"Hinsdale, CO",979.0
8055,"Huerfano, CO",735.0
8057,"Jackson, CO",1266.0
8059,"Jefferson, CO*",1696.0
8061,"Kiowa, CO",813.0
8063,"Kit Carson, CO",931.0
8065,"Lake, CO",1554.0
8067,"La Plata, CO",1344.0
8069,"Larimer, CO",1584.0
8071,"Las Animas, CO",806.0
8073,"Lincoln, CO",820.0
8075,"Logan, CO",854.0
8077,"Mesa, CO",1089.0
8079,"Mineral, CO",824.0
8081,"Moffat, CO",974.0
8083,"Montezuma, CO",893.0
8085,"Montrose, CO",1061.0
8087,"Morgan, CO",1038.0
8089,"Otero, CO",802.0
8091,"Ouray, CO",1239.0
8093,"Park, CO",1788.0
8095,"Phillips, CO",848.0
8097,"Pitkin, CO",1772.0
8099,"Prowers, CO",764.0
8101,"Pueblo, CO",967.0
8103,"Rio Blanco, CO",893.0
8105,"Rio Grande, CO",649.0
8107,"Routt, CO",1721.0
8109,"Saguache, CO",720.0
8111,"San Juan, CO",1031.0
8113,"San Miguel, CO",1267.0
8115,"Sedgwick, CO",692.0
8117,"Summit, CO",1807.0
8119,"Teller, CO",1609.0
8121,"Washington, CO",908.0
8123,"Weld, CO*",1351.0
8125,"Yuma, CO",866.0
10001,"Kent, DE",1224.0
10003,"New Castle, DE",1327.0
10005,"Sussex, DE",1162.0
11001,"District of Columbia, DC",1817.0
12001,"Alachua, FL",1191.0
12003,"Baker, FL",959.0
12005,"Bay, FL",1311.0
12007,"Bradford, FL",902.0
12009,"Brevard, FL",1327.0
12011,"Broward, FL",1683.0
12013,"Calhoun, FL",610.0
12015,"Charlotte, FL",1206.0
12017,"Citrus, FL",1000.0
12019,"Clay, FL",1372.0
12021,"Collier, FL",1599.0
12023,"Columbia, FL",905.0
12027,"DeSoto, FL",861.0
12029,"Dixie, FL",805.0
12031,"Duval, FL",1293.0
12033,"Escambia, FL",1170.0
12035,"Flagler, FL",1561.0
12037,"Franklin, FL",1045.0
12039,"Gadsden, FL",781.0
12041,"Gilchrist, FL",801.0
12043,"Glades, FL",832.0
12045,"Gulf, FL",1143.0
12047,"Hamilton, FL",778.0
12049,"Hardee, FL",904.0
12051,"Hendry, FL",892.0
12053,"Hernando, FL",1155.0
12055,"Highlands, FL",919.0
12057,"Hillsborough, FL",1413.0
12059,"Holmes, FL",792.0
12061,"Indian River, FL",1183.0
12063,"Jackson, FL",756.0
12065,"Jefferson, FL",727.0
12067,"Lafayette, FL",853.0
12069,"Lake, FL",1323.0
12071,"Lee, FL",1466.0
12073,"Leon, FL",1157.0
12075,"Levy, FL",798.0
12077,"Liberty, FL",884.0
12079,"Madison, FL",832.0
12081,"Manatee, FL",1418.0
12083,"Marion, FL",1092.0
12085,"Martin, FL",1374.0
12086,"Miami-Dade, FL",1623.0
12087,"Monroe, FL",1919.0
12089,"Nassau, FL",1171.0
12091,"Okaloosa, FL",1382.0
12093,"Okeechobee, FL",963.0
12095,"Orange, FL",1553.0
12097,"Osceola, FL",1537.0
12099,"Palm Beach, FL",1700.0
12101,"Pasco, FL",1282.0
12103,"Pinellas, FL",1389.0
12105,"Polk, FL",1192.0
12107,"Putnam, FL",844.0
12109,"St. Johns, FL",1601.0
12111,"St. Lucie, FL",1363.0
12113,"Santa Rosa, FL",1386.0
12115,"Sarasota, FL",1590.0
12117,"Seminole, FL",1545.0
12119,"Sumter, FL",1185.0
12121,"Suwannee, FL",760.0
12123,"Taylor, FL",909.0
12125,"Union, FL",785.0
12127,"Volusia, FL",1271.0
12129,"Wakulla, FL",1041.0
12131,"Walton, FL",1463.0
12133,"Washington, FL",853.0
13001,"Appling, GA",683.0
13003,"Atkinson, GA",566.0
13005,"Bacon, GA",685.0
13007,"Baker, GA",596.0
13009,"Baldwin, GA",832.0
13011,"Banks, GA",776.0
13013,"Barrow, GA",1137.0
13015,"Bartow, GA",1090.0
13017,"Ben Hill, GA",668.0
13019,"Berrien, GA",718.0
13021,"Bibb, GA",967.0
13023,"Bleckley, GA",757.0
13025,"Brantley, GA",728.0
13027,"Brooks, GA",738.0
13029,"Bryan, GA",1390.0
13031,"Bulloch, GA",931.0
13033,"Burke, GA",747.0
13035,"Butts, GA",961.0
13037,"Calhoun, GA",676.0
13039,"Camden, GA",1136.0
13043,"Candler, GA",682.0
13045,"Carroll, GA",1055.0
13047,"Catoosa, GA",921.0
13049,"Charlton, GA",704.0
13051,"Chatham, GA",1284.0
13053,"Chattahoochee, GA",1260.0
13055,"Chattooga, GA",753.0
13057,"Cherokee, GA",1580.0
13059,"Clarke, GA",1045.0
13061,"Clay, GA",383.0
13063,"Clayton, GA",1216.0
13065,"Clinch, GA",547.0
13067,"Cobb, GA",1535.0
13069,"Coffee, GA",702.0
13071,"Colquitt, GA",747.0
13073,"Columbia, GA",1295.0
13075,"Cook, GA",887.0
13077,"Coweta, GA",1326.0
13079,"Crawford, GA",677.0
13081,"Crisp, GA",735.0
13083,"Dade, GA",861.0
13085,"Dawson, GA",1360.0
13087,"Decatur, GA",796.0
13089,"DeKalb, GA",1464.0
13091,"Dodge, GA",695.0
13093,"Dooly, GA",717.0
13095,"Dougherty, GA",898.0
13097,"Douglas, GA",1326.0
13099,"Early, GA",803.0
13101,"Echols, GA",789.0
13103,"Effingham, GA",1098.0
13105,"Elbert, GA",828.0
13107,"Emanuel, GA",724.0
13109,"Evans, GA",715.0
13111,"Fannin, GA",813.0
13113,"Fayette, GA",1693.0
13115,"Floyd, GA",890.0
13117,"Forsyth, GA",1779.0
13119,"Franklin, GA",751.0
13121,"Fulton, GA",1529.0
13123,"Gilmer, GA",907.0
13125,"Glascock, GA",779.0
13127,"Glynn, GA",1031.0
13129,"Gordon, GA",830.0
13131,"Grady, GA",806.0
13133,"Greene, GA",825.0
13135,"Gwinnett, GA",1594.0
13137,"Habersham, GA",861.0
13139,"Hall, GA",1179.0
13141,"Hancock, GA",576.0
13143,"Haralson, GA",837.0
13145,"Harris, GA",869.0
13147,"Hart, GA",782.0
13149,"Heard, GA",815.0
13151,"Henry, GA",1411.0
13153,"Houston, GA",1094.0
13155,"Irwin, GA",772.0
13157,"Jackson, GA",1007.0
13159,"Jasper, GA",1009.0
13161,"Jeff Davis, GA",626.0
13163,"Jefferson, GA",701.0
13165,"Jenkins, GA",665.0
13167,"Johnson, GA",590.0
13169,"Jones, GA",850.0
13171,"Lamar, GA",888.0
13173,"Lanier, GA",813.0
13175,"Laurens, GA",722.0
13177,"Lee, GA",1144.0
13179,"Liberty, GA",1178.0
13181,"Lincoln, GA",724.0
13183,"Long, GA",846.0
13185,"Lowndes, GA",951.0
13187,"Lumpkin, GA",1055.0
13189,"McDuffie, GA",834.0
13191,"McIntosh, GA",760.0
13193,"Macon, GA",627.0
13195,"Madison, GA",884.0
13197,"Marion, GA",663.0
13199,"Meriwether, GA",864.0
13201,"Miller, GA",698.0
13205,"Mitchell, GA",725.0
13207,"Monroe, GA",872.0
13209,"Montgomery, GA",684.0
13211,"Morgan, GA",1003.0
13213,"Murray, GA",800.0
13215,"Muscogee, GA",1038.0
13217,"Newton, GA",1264.0
13219,"Oconee, GA",1391.0
13221,"Oglethorpe, GA",789.0
13223,"Paulding, GA",1464.0
13225,"Peach, GA",817.0
13227,"Pickens, GA",990.0
13229,"Pierce, GA",764.0
13231,"Pike, GA",989.0
13233,"Polk, GA",814.0
13235,"Pulaski, GA",863.0
13237,"Putnam, GA",934.0
13239,"Quitman, GA",740.0
13241,"Rabun, GA",945.0
13243,"Randolph, GA",557.0
13245,"Richmond, GA",1024.0
13247,"Rockdale, GA",1263.0
13249,"Schley, GA",775.0
13251,"Screven, GA",632.0
13253,"Seminole, GA",813.0
13255,"Spalding, GA",1024.0
13257,"Stephens, GA",797.0
13259,"Stewart, GA",588.0
13261,"Sumter, GA",812.0
13263,"Talbot, GA",864.0
13265,"Taliaferro, GA",693.0
13267,"Tattnall, GA",609.0
13269,"Taylor, GA",730.0
13271,"Telfair, GA",644.0
13273,"Terrell, GA",709.0
13275,"Thomas, GA",974.0
13277,"Tift, GA",760.0
13279,"Toombs, GA",661.0
13281,"Towns, GA",839.0
13283,"Treutlen, GA",653.0
13285,"Troup, GA",956.0
13287,"Turner, GA",617.0
13289,"Twiggs, GA",727.0
13291,"Union, GA",781.0
13293,"Upson, GA",778.0
13295,"Walker, GA",847.0
13297,"Walton, GA",1192.0
13299,"Ware, GA",760.0
13301,"Warren, GA",674.0
13303,"Washington, GA",777.0
13305,"Wayne, GA",805.0
13307,"Webster, GA",652.0
13309,"Wheeler, GA",414.0
13311,"White, GA",950.0
13313,"Whitfield, GA",849.0
13315,"Wilcox, GA",611.0
13317,"Wilkes, GA",777.0
13319,"Wilkinson, GA",715.0
13321,"Worth, GA",875.0
15001,"Hawaii, HI",1352.0
15003,"Honolulu, HI",1976.0
15007,"Kauai, HI",1686.0
16001,"Ada, ID",1320.0
16003,"Adams, ID",763.0
16005,"Bannock, ID",823.0
16007,"Bear Lake, ID",636.0
16009,"Benewah, ID",812.0
16011,"Bingham, ID",787.0
16013,"Blaine, ID",1238.0
16015,"Boise, ID",837.0
16017,"Bonner, ID",995.0
16019,"Bonneville, ID",971.0
16021,"Boundary, ID",802.0
16023,"Butte, ID",573.0
16025,"Camas, ID",950.0
16027,"Canyon, ID",1138.0
16029,"Caribou, ID",709.0
16031,"Cassia, ID",874.0
16033,"Clark, ID",727.0
16035,"Clearwater, ID",838.0
16037,"Custer, ID",771.0
16039,"Elmore, ID",1030.0
16041,"Franklin, ID",792.0
16043,"Fremont (includes Yellowstone Park), ID",750.0
16045,"Gem, ID",827.0
16047,"Gooding, ID",841.0
16049,"Idaho, ID",766.0
16051,"Jefferson, ID",971.0
16053,"Jerome, ID",834.0
16055,"Kootenai, ID",1216.0
16057,"Latah, ID",869.0
16059,"Lemhi, ID",725.0
16061,"Lewis, ID",662.0
16063,"Lincoln, ID",804.0
16065,"Madison, ID",916.0
16067,"Minidoka, ID",871.0
16069,"Nez Perce, ID",888.0
16071,"Oneida, ID",884.0
16073,"Owyhee, ID",734.0
16075,"Payette, ID",823.0
16077,"Power, ID",720.0
16079,"Shoshone, ID",823.0
16081,"Teton, ID",1071.0
16083,"Twin Falls, ID",951.0
16085,"Valley, ID",962.0
16087,"Washington, ID",881.0
17001,"Adams, IL",782.0
17003,"Alexander, IL",652.0
17005,"Bond, IL",698.0
17007,"Boone, IL",938.0
17009,"Brown, IL",625.0
17011,"Bureau, IL",787.0
17013,"Calhoun, IL",448.0
17015,"Carroll, IL",751.0
17017,"Cass, IL",681.0
17019,"Champaign, IL",977.0
17021,"Christian, IL",705.0
17023,"Clark, IL",816.0
17025,"Clay, IL",706.0
17027,"Clinton, IL",888.0
17029,"Coles, IL",778.0
17031,"Cook, IL",1318.0
17033,"Crawford, IL",763.0
17035,"Cumberland, IL",683.0
17037,"DeKalb, IL",1024.0
17039,"De Witt, IL",801.0
17041,"Douglas, IL",748.0
17043,"DuPage, IL",1551.0
17045,"Edgar, IL",716.0
17047,"Edwards, IL",710.0
17049,"Effingham, IL",697.0
17051,"Fayette, IL",716.0
17053,"Ford, IL",708.0
17055,"Franklin, IL",725.0
17057,"Fulton, IL",782.0
17059,"Gallatin, IL",532.0
17061,"Greene, IL",741.0
17063,"Grundy, IL",1126.0
17065,"Hamilton, IL",690.0
17067,"Hancock, IL",736.0
17069,"Hardin, IL",318.0
17071,"Henderson, IL",732.0
17073,"Henry, IL",814.0
17075,"Iroquois, IL",773.0
17077,"Jackson, IL",757.0
17079,"Jasper, IL",770.0
17081,"Jefferson, IL",838.0
17083,"Jersey, IL",778.0
17085,"Jo Daviess, IL",768.0
17087,"Johnson, IL",630.0
17089,"Kane, IL",1335.0
17091,"Kankakee, IL",1025.0
17093,"Kendall, IL",1695.0
17095,"Knox, IL",694.0
17097,"Lake, IL",1382.0
17099,"LaSalle, IL",874.0
17101,"Lawrence, IL",781.0
17103,"Lee, IL",806.0
17105,"Livingston, IL",836.0
17107,"Logan, IL",761.0
17109,"McDonough, IL",688.0
17111,"McHenry, IL",1310.0
17113,"McLean, IL",941.0
17115,"Macon, IL",774.0
17117,"Macoupin, IL",796.0
17119,"Madison, IL",938.0
17121,"Marion, IL",734.0
17123,"Marshall, IL",746.0
17125,"Mason, IL",747.0
17127,"Massac, IL",738.0
17129,"Menard, IL",748.0
17131,"Mercer, IL",759.0
17133,"Monroe, IL",956.0
17135,"Montgomery, IL",684.0
17137,"Morgan, IL",700.0
17139,"Moultrie, IL",767.0
17141,"Ogle, IL",841.0
17143,"Peoria, IL",909.0
17145,"Perry, IL",656.0
17147,"Piatt, IL",917.0
17149,"Pike, IL",641.0
17151,"Pope, IL",393.0
17153,"Pulaski, IL",599.0
17155,"Putnam, IL",766.0
17157,"Randolph, IL",740.0
17159,"Richland, IL",724.0
17161,"Rock Island, IL",846.0
17163,"St. Clair, IL",1002.0
17165,"Saline, IL",720.0
17167,"Sangamon, IL",927.0
17169,"Schuyler, IL",817.0
17171,"Scott, IL",619.0
17173,"Shelby, IL",768.0
17175,"Stark, IL",758.0
17177,"Stephenson, IL",755.0
17179,"Tazewell, IL",850.0
17181,"Union, IL",710.0
17183,"Vermilion, IL",769.0
17185,"Wabash, IL",728.0
17187,"Warren, IL",697.0
17189,"Washington, IL",801.0
17191,"Wayne, IL",607.0
17193,"White, IL",672.0
17195,"Whiteside, IL",785.0
17197,"Will, IL",1342.0
17199,"Williamson, IL",824.0
17201,"Winnebago, IL",941.0
17203,"Woodford, IL",938.0
18001,"Adams, IN",762.0
18003,"Allen, IN",924.0
18005,"Bartholomew, IN",1063.0
18007,"Benton, IN",805.0
18009,"Blackford, IN",701.0
18011,"Boone, IN",1190.0
18013,"Brown, IN",902.0
18015,"Carroll, IN",846.0
18017,"Cass, IN",747.0
18019,"Clark, IN",1002.0
18021,"Clay, IN",788.0
18023,"Clinton, IN",844.0
18025,"Crawford, IN",624.0
18027,"Daviess, IN",820.0
18029,"Dearborn, IN",863.0
18031,"Decatur, IN",815.0
18033,"DeKalb, IN",783.0
18035,"Delaware, IN",841.0
18037,"Dubois, IN",771.0
18039,"Elkhart, IN",945.0
18041,"Fayette, IN",763.0
18043,"Floyd, IN",943.0
18045,"Fountain, IN",793.0
18047,"Franklin, IN",743.0
18049,"Fulton, IN",795.0
18051,"Gibson, IN",818.0
18053,"Grant, IN",774.0
18055,"Greene, IN",740.0
18057,"Hamilton, IN",1412.0
18059,"Hancock, IN",1058.0
18061,"Harrison, IN",847.0
18063,"Hendricks, IN",1271.0
18065,"Henry, IN",787.0
18067,"Howard, IN",855.0
18069,"Huntington, IN",802.0
18071,"Jackson, IN",905.0
18073,"Jasper, IN",906.0
18075,"Jay, IN",771.0
18077,"Jefferson, IN",798.0
18079,"Jennings, IN",873.0
18081,"Johnson, IN",1155.0
18083,"Knox, IN",746.0
18085,"Kosciusko, IN",946.0
18087,"Lagrange, IN",817.0
18089,"Lake, IN",1039.0
18091,"LaPorte, IN",860.0
18093,"Lawrence, IN",776.0
18095,"Madison, IN",888.0
18097,"Marion, IN",1042.0
18099,"Marshall, IN",882.0
18101,"Martin, IN",603.0
18103,"Miami, IN",776.0
18105,"Monroe, IN",1105.0
18107,"Montgomery, IN",787.0
18109,"Morgan, IN",952.0
18111,"Newton, IN",811.0
18113,"Noble, IN",774.0
18115,"Ohio, IN",852.0
18117,"Orange, IN",767.0
18119,"Owen, IN",843.0
18121,"Parke, IN",780.0
18123,"Perry, IN",632.0
18125,"Pike, IN",648.0
18127,"Porter, IN",1092.0
18129,"Posey, IN",735.0
18131,"Pulaski, IN",702.0
18133,"Putnam, IN",866.0
18135,"Randolph, IN",758.0
18137,"Ripley, IN",750.0
18139,"Rush, IN",802.0
18141,"St. Joseph, IN",969.0
18143,"Scott, IN",813.0
18145,"Shelby, IN",910.0
18147,"Spencer, IN",715.0
18149,"Starke, IN",656.0
18151,"Steuben, IN",896.0
18153,"Sullivan, IN",797.0
18155,"Switzerland, IN",697.0
18157,"Tippecanoe, IN",1020.0
18159,"Tipton, IN",842.0
18161,"Union, IN",809.0
18163,"Vanderburgh, IN",930.0
18165,"Vermillion, IN",783.0
18167,"Vigo, IN",853.0
18169,"Wabash, IN",731.0
18171,"Warren, IN",841.0
18173,"Warrick, IN",964.0
18175,"Washington, IN",714.0
18177,"Wayne, IN",793.0
18179,"Wells, IN",803.0
18181,"White, IN",819.0
18183,"Whitley, IN",902.0
19001,"Adair, IA",723.0
19003,"Adams, IA",787.0
19005,"Allamakee, IA",721.0
19007,"Appanoose, IA",757.0
19009,"Audubon, IA",735.0
19011,"Benton, IA",766.0
19013,"Black Hawk, IA",932.0
19015,"Boone, IA",852.0
19017,"Bremer, IA",783.0
19019,"Buchanan, IA",788.0
19021,"Buena Vista, IA",781.0
19023,"Butler, IA",749.0
19025,"Calhoun, IA",696.0
19027,"Carroll, IA",697.0
19029,"Cass, IA",699.0
19031,"Cedar, IA",830.0
19033,"Cerro Gordo, IA",812.0
19035,"Cherokee, IA",655.0
19037,"Chickasaw, IA",745.0
19039,"Clarke, IA",701.0
19041,"Clay, IA",752.0
19043,"Clayton, IA",738.0
19045,"Clinton, IA",795.0
19047,"Crawford, IA",732.0
19049,"Dallas, IA",1198.0
19051,"Davis, IA",835.0
19053,"Decatur, IA",621.0
19055,"Delaware, IA",732.0
19057,"Des Moines, IA",882.0
19059,"Dickinson, IA",902.0
19061,"Dubuque, IA",912.0
19063,"Emmet, IA",724.0
19065,"Fayette, IA",780.0
19067,"Floyd, IA",627.0
19069,"Franklin, IA",707.0
19071,"Fremont, IA",709.0
19073,"Greene, IA",828.0
19075,"Grundy, IA",742.0
19077,"Guthrie, IA",788.0
19079,"Hamilton, IA",830.0
19081,"Hancock, IA",782.0
19083,"Hardin, IA",752.0
19085,"Harrison, IA",819.0
19087,"Henry, IA",727.0
19089,"Howard, IA",708.0
19091,"Humboldt, IA",662.0
19093,"Ida, IA",646.0
19095,"Iowa, IA",732.0
19097,"Jackson, IA",726.0
19099,"Jasper, IA",812.0
19101,"Jefferson, IA",838.0
19103,"Johnson, IA",1086.0
19105,"Jones, IA",693.0
19107,"Keokuk, IA",744.0
19109,"Kossuth, IA",818.0
19111,"Lee, IA",782.0
19113,"Linn, IA",878.0
19115,"Louisa, IA",747.0
19117,"Lucas, IA",773.0
19119,"Lyon, IA",776.0
19121,"Madison, IA",932.0
19123,"Mahaska, IA",773.0
19125,"Marion, IA",845.0
19127,"Marshall, IA",832.0
19129,"Mills, IA",843.0
19131,"Mitchell, IA",720.0
19133,"Monona, IA",761.0
19135,"Monroe, IA",723.0
19137,"Montgomery, IA",718.0
19139,"Muscatine, IA",936.0
19141,"O'Brien, IA",691.0
19143,"Osceola, IA",801.0
19145,"Page, IA",742.0
19147,"Palo Alto, IA",631.0
19149,"Plymouth, IA",816.0
19151,"Pocahontas, IA",735.0
19153,"Polk, IA",1060.0
19155,"Pottawattamie, IA",956.0
19157,"Poweshiek, IA",850.0
19159,"Ringgold, IA",699.0
19161,"Sac, IA",622.0
19163,"Scott, IA",919.0
19165,"Shelby, IA",879.0
19167,"Sioux, IA",795.0
19169,"Story, IA",991.0
19171,"Tama, IA",829.0
19173,"Taylor, IA",636.0
19175,"Union, IA",712.0
19177,"Van Buren, IA",661.0
19179,"Wapello, IA",909.0
19181,"Warren, IA",943.0
19183,"Washington, IA",849.0
19185,"Wayne, IA",627.0
19187,"Webster, IA",747.0
19189,"Winnebago, IA",669.0
19191,"Winneshiek, IA",763.0
19193,"Woodbury, IA",913.0
19195,"Worth, IA",685.0
19197,"Wright, IA",731.0
20001,"Allen, KS",703.0
20003,"Anderson, KS",778.0
20005,"Atchison, KS",771.0
20007,"Barber, KS",695.0
20009,"Barton, KS",738.0
20011,"Bourbon, KS",774.0
20013,"Brown, KS",662.0
20015,"Butler, KS",963.0
20017,"Chase, KS",602.0
20019,"Chautauqua, KS",740.0
20021,"Cherokee, KS",743.0
20023,"Cheyenne, KS",673.0
20025,"Clark, KS",798.0
20027,"Clay, KS",750.0
20029,"Cloud, KS",713.0
20031,"Coffey, KS",813.0
20033,"Comanche, KS",635.0
20035,"Cowley, KS",776.0
20037,"Crawford, KS",821.0
20039,"Decatur, KS",700.0
20041,"Dickinson, KS",755.0
20043,"Doniphan, KS",733.0
20045,"Douglas, KS",1041.0
20047,"Edwards, KS",715.0
20049,"Elk, KS",554.0
20051,"Ellis, KS",864.0
20053,"Ellsworth, KS",675.0
20055,"Finney, KS",964.0
20057,"Ford, KS",948.0
20059,"Franklin, KS",882.0
20061,"Geary, KS",1132.0
20063,"Gove, KS",726.0
20065,"Graham, KS",696.0
20067,"Grant, KS",676.0
20069,"Gray, KS",802.0
20071,"Greeley, KS",749.0
20073,"Greenwood, KS",663.0
20075,"Hamilton, KS",900.0
20077,"Harper, KS",654.0
20079,"Harvey, KS",857.0
20081,"Haskell, KS",713.0
20083,"Hodgeman, KS",854.0
20085,"Jackson, KS",821.0
20087,"Jefferson, KS",832.0
20089,"Jewell, KS",570.0
20091,"Johnson, KS",1312.0
20093,"Kearny, KS",996.0
20095,"Kingman, KS",832.0
20097,"Kiowa, KS",706.0
20099,"Labette, KS",723.0
20101,"Lane, KS",575.0
20103,"Leavenworth, KS",1102.0
20105,"Lincoln, KS",532.0
20107,"Linn, KS",763.0
20109,"Logan, KS",793.0
20111,"Lyon, KS",763.0
20113,"McPherson, KS",871.0
20115,"Marion, KS",680.0
20117,"Marshall, KS",671.0
20119,"Meade, KS",736.0
20121,"Miami, KS",1034.0
20123,"Mitchell, KS",668.0
20125,"Montgomery, KS",747.0
20127,"Morris, KS",706.0
20129,"Morton, KS",653.0
20131,"Nemaha, KS",780.0
20133,"Neosho, KS",623.0
20135,"Ness, KS",606.0
20137,"Norton, KS",722.0
20139,"Osage, KS",781.0
20141,"Osborne, KS",618.0
20143,"Ottawa, KS",717.0
20145,"Pawnee, KS",769.0
20147,"Phillips, KS",601.0
20149,"Pottawatomie, KS",1009.0
20151,"Pratt, KS",763.0
20153,"Rawlins, KS",695.0
20155,"Reno, KS",828.0
20157,"Republic, KS",656.0
20159,"Rice, KS",711.0
20161,"Riley, KS",1016.0
20163,"Rooks, KS",676.0
20165,"Rush, KS",724.0
20167,"Russell, KS",757.0
20169,"Saline, KS",869.0
20171,"Scott, KS",642.0
20173,"Sedgwick, KS",937.0
20175,"Seward, KS",827.0
20177,"Shawnee, KS",942.0
20179,"Sheridan, KS",622.0
20181,"Sherman, KS",827.0
20183,"Smith, KS",564.0
20185,"Stafford, KS",598.0
20187,"Stanton, KS",825.0
20189,"Stevens, KS",899.0
20191,"Sumner, KS",838.0
20193,"Thomas, KS",742.0
20195,"Trego, KS",646.0
20197,"Wabaunsee, KS",790.0
20199,"Wallace, KS",564.0
20201,"Washington, KS",540.0
20203,"Wichita, KS",683.0
20205,"Wilson, KS",725.0
20207,"Woodson, KS",584.0
20209,"Wyandotte, KS",1043.0
21001,"Adair, KY",725.0
21003,"Allen, KY",831.0
21005,"Anderson, KY",839.0
21007,"Ballard, KY",758.0
21009,"Barren, KY",745.0
21011,"Bath, KY",566.0
21013,"Bell, KY",608.0
21015,"Boone, KY",1177.0
21017,"Bourbon, KY",761.0
21019,"Boyd, KY",796.0
21021,"Boyle, KY",762.0
21023,"Bracken, KY",744.0
21025,"Breathitt, KY",501.0
21027,"Breckinridge, KY",697.0
21029,"Bullitt, KY",947.0
21031,"Butler, KY",650.0
21033,"Caldwell, KY",706.0
21035,"Calloway, KY",770.0
21037,"Campbell, KY",979.0
21039,"Carlisle, KY",764.0
21041,"Carroll, KY",806.0
21043,"Carter, KY",708.0
21045,"Casey, KY",618.0
21047,"Christian, KY",984.0
21049,"Clark, KY",858.0
21051,"Clay, KY",642.0
21053,"Clinton, KY",605.0
21055,"Crittenden, KY",670.0
21057,"Cumberland, KY",516.0
21059,"Daviess, KY",890.0
21061,"Edmonson, KY",672.0
21063,"Elliott, KY",625.0
21065,"Estill, KY",665.0
21067,"Fayette, KY",1065.0
21069,"Fleming, KY",684.0
21071,"Floyd, KY",740.0
21073,"Franklin, KY",902.0
21075,"Fulton, KY",622.0
21077,"Gallatin, KY",815.0
21079,"Garrard, KY",825.0
21081,"Grant, KY",835.0
21083,"Graves, KY",662.0
21085,"Grayson, KY",636.0
21087,"Green, KY",610.0
21089,"Greenup, KY",824.0
21091,"Hancock, KY",785.0
21093,"Hardin, KY",909.0
21095,"Harlan, KY",625.0
21097,"Harrison, KY",710.0
21099,"Hart, KY",658.0
21101,"Henderson, KY",775.0
21103,"Henry, KY",863.0
21105,"Hickman, KY",755.0
21107,"Hopkins, KY",815.0
21109,"Jackson, KY",652.0
21111,"Jefferson, KY",1045.0
21113,"Jessamine, KY",972.0
21115,"Johnson, KY",714.0
21117,"Kenton, KY",961.0
21119,"Knott, KY",635.0
21121,"Knox, KY",623.0
21123,"Larue, KY",816.0
21125,"Laurel, KY",772.0
21127,"Lawrence, KY",735.0
21129,"Lee, KY",567.0
21131,"Leslie, KY",550.0
21133,"Letcher, KY",625.0
21135,"Lewis, KY",690.0
21137,"Lincoln, KY",678.0
21139,"Livingston, KY",849.0
21141,"Logan, KY",683.0
21143,"Lyon, KY",689.0
21145,"McCracken, KY",849.0
21147,"McCreary, KY",580.0
21149,"McLean, KY",534.0
21151,"Madison, KY",826.0
21153,"Magoffin, KY",623.0
21155,"Marion, KY",687.0
21157,"Marshall, KY",742.0
21159,"Martin, KY",695.0
21161,"Mason, KY",697.0
21163,"Meade, KY",929.0
21165,"Menifee, KY",646.0
21167,"Mercer, KY",720.0
21169,"Metcalfe, KY",585.0
21171,"Monroe, KY",654.0
21173,"Montgomery, KY",775.0
21175,"Morgan, KY",681.0
21177,"Muhlenberg, KY",658.0
21179,"Nelson, KY",913.0
21181,"Nicholas, KY",661.0
21183,"Ohio, KY",760.0
21185,"Oldham, KY",1113.0
21187,"Owen, KY",827.0
21189,"Owsley, KY",-666666666.0
21191,"Pendleton, KY",838.0
21193,"Perry, KY",735.0
21195,"Pike, KY",826.0
21197,"Powell, KY",693.0
21199,"Pulaski, KY",810.0
21201,"Robertson, KY",625.0
21203,"Rockcastle, KY",685.0
21205,"Rowan, KY",759.0
21207,"Russell, KY",611.0
21209,"Scott, KY",1098.0
21211,"Shelby, KY",939.0
21213,"Simpson, KY",968.0
21215,"Spencer, KY",927.0
21217,"Taylor, KY",708.0
21219,"Todd, KY",789.0
21221,"Trigg, KY",639.0
21223,"Trimble, KY",894.0
21225,"Union, KY",735.0
21227,"Warren, KY",942.0
21229,"Washington, KY",782.0
21231,"Wayne, KY",676.0
21233,"Webster, KY",710.0
21235,"Whitley, KY",692.0
21237,"Wolfe, KY",440.0
21239,"Woodford, KY",936.0
22001,"Acadia, LA",719.0
22003,"Allen, LA",734.0
22005,"Ascension, LA",1230.0
22007,"Assumption, LA",766.0
22009,"Avoyelles, LA",749.0
22011,"Beauregard, LA",867.0
22013,"Bienville, LA",541.0
22015,"Bossier, LA",1101.0
22017,"Caddo, LA",927.0
22019,"Calcasieu, LA",1025.0
22021,"Caldwell, LA",801.0
22023,"Cameron, LA",-666666666.0
22025,"Catahoula, LA",712.0
22027,"Claiborne, LA",626.0
22029,"Concordia, LA",772.0
22031,"De Soto, LA",660.0
22033,"East Baton Rouge, LA",1081.0
22035,"East Carroll, LA",724.0
22037,"East Feliciana, LA",678.0
22039,"Evangeline, LA",667.0
22041,"Franklin, LA",701.0
22043,"Grant, LA",816.0
22045,"Iberia, LA",846.0
22047,"Iberville, LA",803.0
22049,"Jackson, LA",703.0
22053,"Jefferson Davis, LA",787.0
22055,"Lafayette, LA",986.0
22057,"Lafourche, LA",873.0
22059,"LaSalle, LA",646.0
22061,"Lincoln, LA",817.0
22063,"Livingston, LA",1130.0
22065,"Madison, LA",603.0
22067,"Morehouse, LA",714.0
22069,"Natchitoches, LA",786.0
22073,"Ouachita, LA",886.0
22077,"Pointe Coupee, LA",843.0
22079,"Rapides, LA",925.0
22081,"Red River, LA",710.0
22083,"Richland, LA",772.0
22085,"Sabine, LA",659.0
22091,"St. Helena, LA",761.0
22093,"St. James, LA",801.0
22097,"St. Landry, LA",739.0
22099,"St. Martin, LA",773.0
22101,"St. Mary, LA",829.0
22105,"Tangipahoa, LA",930.0
22107,"Tensas, LA",622.0
22109,"Terrebonne, LA",956.0
22111,"Union, LA",698.0
22113,"Vermilion, LA",745.0
22115,"Vernon, LA",1020.0
22117,"Washington, LA",731.0
22119,"Webster, LA",735.0
22121,"West Baton Rouge, LA",976.0
22123,"West Carroll, LA",673.0
22125,"West Feliciana, LA",1034.0
22127,"Winn, LA",624.0
23001,"Androscoggin, ME",916.0
23003,"Aroostook, ME",681.0
23005,"Cumberland, ME",1389.0
23007,"Franklin, ME",752.0
23009,"Hancock, ME",949.0
23011,"Kennebec, ME",900.0
23013,"Knox, ME",1027.0
23015,"Lincoln, ME",930.0
23017,"Oxford, ME",781.0
23019,"Penobscot, ME",932.0
23021,"Piscataquis, ME",792.0
23023,"Sagadahoc, ME",991.0
23025,"Somerset, ME",849.0
23027,"Waldo, ME",886.0
23029,"Washington, ME",687.0
23031,"York, ME",1166.0
24001,"Allegany, MD",743.0
24003,"Anne Arundel, MD",1908.0
24005,"Baltimore, MD",1479.0
24009,"Calvert, MD",1589.0
24011,"Caroline, MD",1074.0
24013,"Carroll, MD",1283.0
24015,"Cecil, MD",1322.0
24017,"Charles, MD",1839.0
24019,"Dorchester, MD",968.0
24021,"Frederick, MD",1633.0
24023,"Garrett, MD",681.0
24025,"Harford, MD",1475.0
24027,"Howard, MD",1920.0
24029,"Kent, MD",1072.0
24031,"Montgomery, MD",1957.0
24033,"Prince George's, MD",1713.0
24035,"Queen Anne's, MD",1600.0
24037,"St. Mary's, MD",1595.0
24039,"Somerset, MD",934.0
24041,"Talbot, MD",1204.0
24043,"Washington, MD",1049.0
24045,"Wicomico, MD",1190.0
24047,"Worcester, MD",1144.0
24510,"Baltimore (Independent City), MD",1235.0
25001,"Barnstable, MA",1536.0
25003,"Berkshire, MA",1003.0
25005,"Bristol, MA",1116.0
25007,"Dukes, MA",1636.0
25009,"Essex, MA",1580.0
25011,"Franklin, MA",1109.0
25013,"Hampden, MA",1051.0
25015,"Hampshire, MA",1263.0
25017,"Middlesex, MA",2004.0
25019,"Nantucket, MA",2052.0
25021,"Norfolk, MA",1933.0
25023,"Plymouth, MA",1550.0
25025,"Suffolk, MA",1953.0
25027,"Worcester, MA",1263.0
26001,"Alcona, MI",801.0
26003,"Alger, MI",716.0
26005,"Allegan, MI",1004.0
26007,"Alpena, MI",638.0
26009,"Antrim, MI",919.0
26011,"Arenac, MI",665.0
26013,"Baraga, MI",562.0
26015,"Barry, MI",966.0
26017,"Bay, MI",786.0
26019,"Benzie, MI",970.0
26021,"Berrien, MI",885.0
26023,"Branch, MI",899.0
26025,"Calhoun, MI",897.0
26027,"Cass, MI",835.0
26029,"Charlevoix, MI",894.0
26031,"Cheboygan, MI",787.0
26033,"Chippewa, MI",785.0
26035,"Clare, MI",750.0
26037,"Clinton, MI",1022.0
26039,"Crawford, MI",834.0
26041,"Delta, MI",655.0
26043,"Dickinson, MI",710.0
26045,"Eaton, MI",1013.0
26047,"Emmet, MI",985.0
26049,"Genesee, MI",893.0
26051,"Gladwin, MI",680.0
26053,"Gogebic, MI",503.0
26055,"Grand Traverse, MI",1147.0
26057,"Gratiot, MI",757.0
26059,"Hillsdale, MI",770.0
26061,"Houghton, MI",743.0
26063,"Huron, MI",710.0
26065,"Ingham, MI",1027.0
26067,"Ionia, MI",870.0
26069,"Iosco, MI",696.0
26071,"Iron, MI",627.0
26073,"Isabella, MI",840.0
26075,"Jackson, MI",920.0
26077,"Kalamazoo, MI",994.0
26079,"Kalkaska, MI",791.0
26081,"Kent, MI",1111.0
26083,"Keweenaw, MI",638.0
26085,"Lake, MI",764.0
26087,"Lapeer, MI",908.0
26089,"Leelanau, MI",1157.0
26091,"Lenawee, MI",924.0
26093,"Livingston, MI",1207.0
26095,"Luce, MI",746.0
26097,"Mackinac, MI",749.0
26099,"Macomb, MI",1124.0
26101,"Manistee, MI",801.0
26103,"Marquette, MI",904.0
26105,"Mason, MI",846.0
26107,"Mecosta, MI",844.0
26109,"Menominee, MI",663.0
26111,"Midland, MI",931.0
26113,"Missaukee, MI",808.0
26115,"Monroe, MI",996.0
26117,"Montcalm, MI",823.0
26119,"Montmorency, MI",802.0
26121,"Muskegon, MI",915.0
26123,"Newaygo, MI",854.0
26125,"Oakland, MI",1243.0
26127,"Oceana, MI",796.0
26129,"Ogemaw, MI",782.0
26131,"Ontonagon, MI",545.0
26133,"Osceola, MI",739.0
26135,"Oscoda, MI",736.0
26137,"Otsego, MI",865.0
26139,"Ottawa, MI",1080.0
26141,"Presque Isle, MI",633.0
26143,"Roscommon, MI",776.0
26145,"Saginaw, MI",876.0
26147,"St. Clair, MI",982.0
26149,"St. Joseph, MI",811.0
26151,"Sanilac, MI",770.0
26153,"Schoolcraft, MI",572.0
26155,"Shiawassee, MI",851.0
26157,"Tuscola, MI",782.0
26159,"Van Buren, MI",843.0
26161,"Washtenaw, MI",1335.0
26163,"Wayne, MI",1043.0
26165,"Wexford, MI",831.0
27001,"Aitkin, MN",815.0
27003,"Anoka, MN",1356.0
27005,"Becker, MN",854.0
27007,"Beltrami, MN",935.0
27009,"Benton, MN",907.0
27011,"Big Stone, MN",707.0
27013,"Blue Earth, MN",1007.0
27015,"Brown, MN",825.0
27017,"Carlton, MN",955.0
27019,"Carver, MN",1384.0
27021,"Cass, MN",874.0
27023,"Chippewa, MN",788.0
27025,"Chisago, MN",1095.0
27027,"Clay, MN",972.0
27029,"Clearwater, MN",753.0
27031,"Cook, MN",874.0
27033,"Cottonwood, MN",755.0
27035,"Crow Wing, MN",888.0
27037,"Dakota, MN",1410.0
27039,"Dodge, MN",901.0
27041,"Douglas, MN",847.0
27043,"Faribault, MN",697.0
27045,"Fillmore, MN",724.0
27047,"Freeborn, MN",803.0
27049,"Goodhue, MN",895.0
27051,"Grant, MN",778.0
27053,"Hennepin, MN",1373.0
27055,"Houston, MN",870.0
27057,"Hubbard, MN",827.0
27059,"Isanti, MN",1161.0
27061,"Itasca, MN",896.0
27063,"Jackson, MN",764.0
27065,"Kanabec, MN",863.0
27067,"Kandiyohi, MN",800.0
27069,"Kittson, MN",649.0
27071,"Koochiching, MN",686.0
27073,"Lac qui Parle, MN",750.0
27075,"Lake, MN",837.0
27077,"Lake of the Woods, MN",821.0
27079,"Le Sueur, MN",878.0
27081,"Lincoln, MN",677.0
27083,"Lyon, MN",718.0
27085,"McLeod, MN",831.0
27087,"Mahnomen, MN",693.0
27089,"Marshall, MN",694.0
27091,"Martin, MN",767.0
27093,"Meeker, MN",860.0
27095,"Mille Lacs, MN",874.0
27097,"Morrison, MN",779.0
27099,"Mower, MN",818.0
27101,"Murray, MN",697.0
27103,"Nicollet, MN",901.0
27105,"Nobles, MN",852.0
27107,"Norman, MN",717.0
27109,"Olmsted, MN",1193.0
27111,"Otter Tail, MN",769.0
27113,"Pennington, MN",935.0
27115,"Pine, MN",863.0
27117,"Pipestone, MN",677.0
27119,"Polk, MN",822.0
27121,"Pope, MN",779.0
27123,"Ramsey, MN",1214.0
27125,"Red Lake, MN",631.0
27127,"Redwood, MN",759.0
27129,"Renville, MN",746.0
27131,"Rice, MN",1021.0
27133,"Rock, MN",788.0
27135,"Roseau, MN",794.0
27137,"St. Louis, MN",927.0
27139,"Scott, MN",1419.0
27141,"Sherburne, MN",1166.0
27143,"Sibley, MN",818.0
27145,"Stearns, MN",975.0
27147,"Steele, MN",914.0
27149,"Stevens, MN",821.0
27151,"Swift, MN",823.0
27153,"Todd, MN",785.0
27155,"Traverse, MN",589.0
27157,"Wabasha, MN",800.0
27159,"Wadena, MN",694.0
27161,"Waseca, MN",831.0
27163,"Washington, MN",1577.0
27165,"Watonwan, MN",736.0
27167,"Wilkin, MN",549.0
27169,"Winona, MN",803.0
27171,"Wright, MN",1149.0
27173,"Yellow Medicine, MN",640.0
28001,"Adams, MS",695.0
28003,"Alcorn, MS",700.0
28005,"Amite, MS",677.0
28007,"Attala, MS",693.0
28009,"Benton, MS",675.0
28011,"Bolivar, MS",698.0
28013,"Calhoun, MS",617.0
28015,"Carroll, MS",563.0
28017,"Chickasaw, MS",709.0
28019,"Choctaw, MS",649.0
28021,"Claiborne, MS",584.0
28023,"Clarke, MS",752.0
28025,"Clay, MS",731.0
28027,"Coahoma, MS",706.0
28029,"Copiah, MS",696.0
28031,"Covington, MS",711.0
28033,"DeSoto, MS",1252.0
28035,"Forrest, MS",911.0
28037,"Franklin, MS",697.0
28039,"George, MS",796.0
28041,"Greene, MS",753.0
28043,"Grenada, MS",773.0
28045,"Hancock, MS",956.0
28047,"Harrison, MS",1034.0
28049,"Hinds, MS",1004.0
28051,"Holmes, MS",610.0
28053,"Humphreys, MS",669.0
28055,"Issaquena, MS",297.0
28057,"Itawamba, MS",789.0
28059,"Jackson, MS",1001.0
28061,"Jasper, MS",804.0
28063,"Jefferson, MS",411.0
28065,"Jefferson Davis, MS",644.0
28067,"Jones, MS",779.0
28069,"Kemper, MS",475.0
28071,"Lafayette, MS",1092.0
28073,"Lamar, MS",1034.0
28075,"Lauderdale, MS",865.0
28077,"Lawrence, MS",785.0
28079,"Leake, MS",771.0
28081,"Lee, MS",898.0
28083,"Leflore, MS",688.0
28085,"Lincoln, MS",705.0
28087,"Lowndes, MS",903.0
28089,"Madison, MS",1062.0
28091,"Marion, MS",625.0
28093,"Marshall, MS",887.0
28095,"Monroe, MS",724.0
28097,"Montgomery, MS",656.0
28099,"Neshoba, MS",756.0
28101,"Newton, MS",684.0
28103,"Noxubee, MS",582.0
28105,"Oktibbeha, MS",880.0
28107,"Panola, MS",830.0
28109,"Pearl River, MS",909.0
28111,"Perry, MS",732.0
28113,"Pike, MS",831.0
28115,"Pontotoc, MS",820.0
28117,"Prentiss, MS",656.0
28119,"Quitman, MS",634.0
28121,"Rankin, MS",1177.0
28123,"Scott, MS",775.0
28125,"Sharkey, MS",628.0
28127,"Simpson, MS",793.0
28129,"Smith, MS",649.0
28131,"Stone, MS",772.0
28133,"Sunflower, MS",650.0
28135,"Tallahatchie, MS",682.0
28137,"Tate, MS",876.0
28139,"Tippah, MS",703.0
28141,"Tishomingo, MS",677.0
28143,"Tunica, MS",901.0
28145,"Union, MS",855.0
28147,"Walthall, MS",708.0
28149,"Warren, MS",874.0
28151,"Washington, MS",756.0
28153,"Wayne, MS",771.0
28155,"Webster, MS",626.0
28157,"Wilkinson, MS",497.0
28159,"Winston, MS",622.0
28161,"Yalobusha, MS",683.0
28163,"Yazoo, MS",829.0
29001,"Adair, MO",758.0
29003,"Andrew, MO",872.0
29005,"Atchison, MO",608.0
29007,"Audrain, MO",707.0
29009,"Barry, MO",710.0
29011,"Barton, MO",681.0
29013,"Bates, MO",736.0
29015,"Benton, MO",825.0
29017,"Bollinger, MO",752.0
29019,"Boone, MO",994.0
29021,"Buchanan, MO",856.0
29023,"Butler, MO",729.0
29025,"Caldwell, MO",632.0
29027,"Callaway, MO",807.0
29029,"Camden, MO",799.0
29031,"Cape Girardeau, MO",854.0
29033,"Carroll, MO",754.0
29035,"Carter, MO",625.0
29037,"Cass, MO",1097.0
29039,"Cedar, MO",759.0
29041,"Chariton, MO",525.0
29043,"Christian, MO",937.0
29045,"Clark, MO",580.0
29047,"Clay, MO",1133.0
29049,"Clinton, MO",938.0
29051,"Cole, MO",783.0
29053,"Cooper, MO",724.0
29055,"Crawford, MO",784.0
29057,"Dade, MO",641.0
29059,"Dallas, MO",635.0
29061,"Daviess, MO",689.0
29063,"DeKalb, MO",745.0
29065,"Dent, MO",648.0
29067,"Douglas, MO",704.0
29069,"Dunklin, MO",629.0
29071,"Franklin, MO",831.0
29073,"Gasconade, MO",661.0
29075,"Gentry, MO",595.0
29077,"Greene, MO",895.0
29079,"Grundy, MO",676.0
29081,"Harrison, MO",638.0
29083,"Henry, MO",732.0
29085,"Hickory, MO",692.0
29087,"Holt, MO",658.0
29089,"Howard, MO",823.0
29091,"Howell, MO",686.0
29093,"Iron, MO",662.0
29095,"Jackson, MO",1096.0
29097,"Jasper, MO",878.0
29099,"Jefferson, MO",957.0
29101,"Johnson, MO",912.0
29103,"Knox, MO",639.0
29105,"Laclede, MO",791.0
29107,"Lafayette, MO",834.0
29109,"Lawrence, MO",783.0
29111,"Lewis, MO",606.0
29113,"Lincoln, MO",958.0
29115,"Linn, MO",648.0
29117,"Livingston, MO",755.0
29119,"McDonald, MO",737.0
29121,"Macon, MO",699.0
29123,"Madison, MO",825.0
29125,"Maries, MO",583.0
29127,"Marion, MO",757.0
29129,"Mercer, MO",496.0
29131,"Miller, MO",726.0
29133,"Mississippi, MO",686.0
29135,"Moniteau, MO",747.0
29137,"Monroe, MO",693.0
29139,"Montgomery, MO",769.0
29141,"Morgan, MO",687.0
29143,"New Madrid, MO",708.0
29145,"Newton, MO",781.0
29147,"Nodaway, MO",739.0
29149,"Oregon, MO",789.0
29151,"Osage, MO",592.0
29153,"Ozark, MO",636.0
29155,"Pemiscot, MO",722.0
29157,"Perry, MO",877.0
29159,"Pettis, MO",838.0
29161,"Phelps, MO",770.0
29163,"Pike, MO",724.0
29165,"Platte, MO",1210.0
29167,"Polk, MO",752.0
29169,"Pulaski, MO",1032.0
29171,"Putnam, MO",609.0
29173,"Ralls, MO",777.0
29175,"Randolph, MO",735.0
29177,"Ray, MO",840.0
29179,"Reynolds, MO",643.0
29181,"Ripley, MO",699.0
29183,"St. Charles, MO",1209.0
29185,"St. Clair, MO",572.0
29186,"Ste. Genevieve, MO",744.0
29187,"St. Francois, MO",748.0
29189,"St. Louis, MO",1119.0
29195,"Saline, MO",718.0
29197,"Schuyler, MO",414.0
29199,"Scotland, MO",471.0
29201,"Scott, MO",798.0
29203,"Shannon, MO",556.0
29205,"Shelby, MO",630.0
29207,"Stoddard, MO",712.0
29209,"Stone, MO",867.0
29211,"Sullivan, MO",719.0
29213,"Taney, MO",873.0
29215,"Texas, MO",631.0
29217,"Vernon, MO",706.0
29219,"Warren, MO",956.0
29221,"Washington, MO",694.0
29223,"Wayne, MO",626.0
29225,"Webster, MO",713.0
29227,"Worth, MO",355.0
29229,"Wright, MO",593.0
29510,"St. Louis (Independent City), MO",938.0
30001,"Beaverhead, MT",839.0
30003,"Big Horn, MT",707.0
30005,"Blaine, MT",597.0
30007,"Broadwater, MT",846.0
30009,"Carbon, MT",900.0
30011,"Carter, MT",754.0
30013,"Cascade, MT",866.0
30015,"Chouteau, MT",428.0
30017,"Custer, MT",872.0
30019,"Daniels, MT",530.0
30021,"Dawson, MT",791.0
30023,"Deer Lodge, MT",650.0
30025,"Fallon, MT",812.0
30027,"Fergus, MT",815.0
30029,"Flathead, MT",1029.0
30031,"Gallatin, MT",1405.0
30033,"Garfield, MT",635.0
30035,"Glacier, MT",599.0
30037,"Golden Valley, MT",725.0
30039,"Granite, MT",735.0
30041,"Hill, MT",729.0
30043,"Jefferson, MT",869.0
30045,"Judith Basin, MT",443.0
30047,"Lake, MT",851.0
30049,"Lewis and Clark, MT",1006.0
30051,"Liberty, MT",670.0
30053,"Lincoln, MT",769.0
30055,"McCone, MT",474.0
30057,"Madison, MT",1101.0
30059,"Meagher, MT",848.0
30061,"Mineral, MT",761.0
30063,"Missoula, MT",1068.0
30065,"Musselshell, MT",1035.0
30067,"Park, MT",896.0
30069,"Petroleum, MT",713.0
30071,"Phillips, MT",523.0
30073,"Pondera, MT",785.0
30075,"Powder River, MT",680.0
30077,"Powell, MT",752.0
30079,"Prairie, MT",866.0
30081,"Ravalli, MT",935.0
30083,"Richland, MT",797.0
30085,"Roosevelt, MT",650.0
30087,"Rosebud, MT",641.0
30089,"Sanders, MT",731.0
30091,"Sheridan, MT",789.0
30093,"Silver Bow, MT",793.0
30095,"Stillwater, MT",855.0
30097,"Sweet Grass, MT",876.0
30099,"Teton, MT",890.0
30101,"Toole, MT",741.0
30103,"Treasure, MT",950.0
30105,"Valley, MT",675.0
30107,"Wheatland, MT",685.0
30109,"Wibaux, MT",964.0
30111,"Yellowstone, MT",1055.0
31001,"Adams, NE",812.0
31003,"Antelope, NE",732.0
31005,"Arthur, NE",933.0
31007,"Banner, NE",1042.0
31009,"Blaine, NE",788.0
31011,"Boone, NE",687.0
31013,"Box Butte, NE",748.0
31015,"Boyd, NE",656.0
31017,"Brown, NE",926.0
31019,"Buffalo, NE",885.0
31021,"Burt, NE",666.0
31023,"Butler, NE",740.0
31025,"Cass, NE",970.0
31027,"Cedar, NE",681.0
31029,"Chase, NE",748.0
31031,"Cherry, NE",832.0
31033,"Cheyenne, NE",857.0
31035,"Clay, NE",668.0
31037,"Colfax, NE",907.0
31039,"Cuming, NE",782.0
31041,"Custer, NE",765.0
31043,"Dakota, NE",959.0
31045,"Dawes, NE",887.0
31047,"Dawson, NE",857.0
31049,"Deuel, NE",778.0
31051,"Dixon, NE",676.0
31053,"Dodge, NE",890.0
31055,"Douglas, NE",1109.0
31057,"Dundy, NE",503.0
31059,"Fillmore, NE",643.0
31061,"Franklin, NE",605.0
31063,"Frontier, NE",614.0
31065,"Furnas, NE",870.0
31067,"Gage, NE",725.0
31069,"Garden, NE",733.0
31071,"Garfield, NE",680.0
31073,"Gosper, NE",789.0
31075,"Grant, NE",917.0
31077,"Greeley, NE",603.0
31079,"Hall, NE",886.0
31081,"Hamilton, NE",822.0
31083,"Harlan, NE",689.0
31085,"Hayes, NE",488.0
31087,"Hitchcock, NE",734.0
31089,"Holt, NE",741.0
31091,"Hooker, NE",589.0
31093,"Howard, NE",816.0
31095,"Jefferson, NE",681.0
31097,"Johnson, NE",777.0
31099,"Kearney, NE",784.0
31101,"Keith, NE",727.0
31103,"Keya Paha, NE",830.0
31105,"Kimball, NE",807.0
31107,"Knox, NE",666.0
31109,"Lancaster, NE",997.0
31111,"Lincoln, NE",854.0
31113,"Logan, NE",715.0
31115,"Loup, NE",525.0
31117,"McPherson, NE",636.0
31119,"Madison, NE",800.0
31121,"Merrick, NE",707.0
31123,"Morrill, NE",725.0
31125,"Nance, NE",710.0
31127,"Nemaha, NE",657.0
31129,"Nuckolls, NE",614.0
31131,"Otoe, NE",881.0
31133,"Pawnee, NE",586.0
31135,"Perkins, NE",756.0
31137,"Phelps, NE",713.0
31139,"Pierce, NE",788.0
31141,"Platte, NE",872.0
31143,"Polk, NE",636.0
31145,"Red Willow, NE",785.0
31147,"Richardson, NE",700.0
31149,"Rock, NE",554.0
31151,"Saline, NE",763.0
31153,"Sarpy, NE",1203.0
31155,"Saunders, NE",892.0
31157,"Scotts Bluff, NE",876.0
31159,"Seward, NE",916.0
31161,"Sheridan, NE",756.0
31163,"Sherman, NE",808.0
31165,"Sioux, NE",754.0
31167,"Stanton, NE",829.0
31169,"Thayer, NE",719.0
31171,"Thomas, NE",657.0
31173,"Thurston, NE",724.0
31175,"Valley, NE",526.0
31177,"Washington, NE",926.0
31179,"Wayne, NE",764.0
31181,"Webster, NE",604.0
31183,"Wheeler, NE",500.0
31185,"York, NE",842.0
32001,"Churchill, NV",1142.0
32003,"Clark, NV",1406.0
32005,"Douglas, NV",1360.0
32007,"Elko, NV",1077.0
32009,"Esmeralda, NV",1312.0
32011,"Eureka, NV",875.0
32013,"Humboldt, NV",927.0
32015,"Lander, NV",869.0
32017,"Lincoln, NV",739.0
32019,"Lyon, NV",1196.0
32021,"Mineral, NV",868.0
32023,"Nye, NV",1004.0
32027,"Pershing, NV",652.0
32029,"Storey, NV",913.0
32031,"Washoe, NV",1401.0
32033,"White Pine, NV",983.0
32510,"Carson City (Independent City), NV",1127.0
33001,"Belknap, NH",1153.0
33003,"Carroll, NH",1138.0
33005,"Cheshire, NH",1139.0
33007,"Coos, NH",825.0
33009,"Grafton, NH",1197.0
33011,"Hillsborough, NH",1444.0
33013,"Merrimack, NH",1199.0
33015,"Rockingham, NH",1518.0
33017,"Strafford, NH",1308.0
33019,"Sullivan, NH",1118.0
34001,"Atlantic, NJ",1268.0
34003,"Bergen, NJ",1782.0
34005,"Burlington, NJ",1575.0
34007,"Camden, NJ",1264.0
34009,"Cape May, NJ",1285.0
34011,"Cumberland, NJ",1202.0
34013,"Essex, NJ",1404.0
34015,"Gloucester, NJ",1435.0
34017,"Hudson, NJ",1722.0
34019,"Hunterdon, NJ",1627.0
34021,"Mercer, NJ",1454.0
34023,"Middlesex, NJ",1739.0
34025,"Monmouth, NJ",1683.0
34027,"Morris, NJ",1814.0
34029,"Ocean, NJ",1639.0
34031,"Passaic, NJ",1484.0
34033,"Salem, NJ",1165.0
34035,"Somerset, NJ",1846.0
34037,"Sussex, NJ",1501.0
34039,"Union, NJ",1570.0
34041,"Warren, NJ",1292.0
35001,"Bernalillo, NM",1017.0
35003,"Catron, NM",847.0
35005,"Chaves, NM",850.0
35006,"Cibola, NM",753.0
35007,"Colfax, NM",656.0
35009,"Curry, NM",956.0
35011,"De Baca, NM",688.0
35013,"Do√±a Ana, NM",858.0
35015,"Eddy, NM",1095.0
35017,"Grant, NM",802.0
35019,"Guadalupe, NM",412.0
35021,"Harding, NM",1018.0
35023,"Hidalgo, NM",668.0
35025,"Lea, NM",1031.0
35027,"Lincoln, NM",831.0
35028,"Los Alamos, NM",1235.0
35029,"Luna, NM",572.0
35031,"McKinley, NM",806.0
35033,"Mora, NM",560.0
35035,"Otero, NM",882.0
35037,"Quay, NM",710.0
35041,"Roosevelt, NM",795.0
35043,"Sandoval, NM",1280.0
35045,"San Juan, NM",894.0
35047,"San Miguel, NM",727.0
35049,"Santa Fe, NM",1252.0
35051,"Sierra, NM",729.0
35053,"Socorro, NM",702.0
35055,"Taos, NM",982.0
35057,"Torrance, NM",731.0
35059,"Union, NM",587.0
35061,"Valencia, NM",873.0
36001,"Albany, NY",1196.0
36003,"Allegany, NY",735.0
36005,"Bronx, NY",1401.0
36007,"Broome, NY",882.0
36009,"Cattaraugus, NY",745.0
36011,"Cayuga, NY",868.0
36013,"Chautauqua, NY",759.0
36015,"Chemung, NY",991.0
36017,"Chenango, NY",798.0
36019,"Clinton, NY",944.0
36021,"Columbia, NY",1114.0
36023,"Cortland, NY",884.0
36025,"Delaware, NY",785.0
36027,"Dutchess, NY",1425.0
36029,"Erie, NY",984.0
36031,"Essex, NY",875.0
36033,"Franklin, NY",788.0
36035,"Fulton, NY",855.0
36037,"Genesee, NY",866.0
36039,"Greene, NY",1013.0
36041,"Hamilton, NY",902.0
36043,"Herkimer, NY",776.0
36045,"Jefferson, NY",1143.0
36047,"Kings, NY",1715.0
36049,"Lewis, NY",768.0
36051,"Livingston, NY",919.0
36053,"Madison, NY",867.0
36055,"Monroe, NY",1085.0
36057,"Montgomery, NY",867.0
36059,"Nassau, NY",2131.0
36061,"New York, NY",2024.0
36063,"Niagara, NY",823.0
36065,"Oneida, NY",889.0
36067,"Onondaga, NY",1002.0
36069,"Ontario, NY",1061.0
36071,"Orange, NY",1494.0
36073,"Orleans, NY",840.0
36075,"Oswego, NY",899.0
36077,"Otsego, NY",927.0
36079,"Putnam, NY",1691.0
36081,"Queens, NY",1847.0
36083,"Rensselaer, NY",1141.0
36085,"Richmond, NY",1602.0
36087,"Rockland, NY",1755.0
36089,"St. Lawrence, NY",788.0
36091,"Saratoga, NY",1305.0
36093,"Schenectady, NY",1092.0
36095,"Schoharie, NY",883.0
36097,"Schuyler, NY",808.0
36099,"Seneca, NY",871.0
36101,"Steuben, NY",832.0
36103,"Suffolk, NY",2113.0
36105,"Sullivan, NY",996.0
36107,"Tioga, NY",894.0
36109,"Tompkins, NY",1320.0
36111,"Ulster, NY",1269.0
36113,"Warren, NY",1062.0
36115,"Washington, NY",964.0
36117,"Wayne, NY",877.0
36119,"Westchester, NY",1796.0
36121,"Wyoming, NY",787.0
36123,"Yates, NY",773.0
37001,"Alamance, NC",959.0
37003,"Alexander, NC",735.0
37005,"Alleghany, NC",708.0
37007,"Anson, NC",818.0
37009,"Ashe, NC",730.0
37011,"Avery, NC",811.0
37013,"Beaufort, NC",835.0
37015,"Bertie, NC",823.0
37017,"Bladen, NC",731.0
37019,"Brunswick, NC",1187.0
37021,"Buncombe, NC",1209.0
37023,"Burke, NC",768.0
37025,"Cabarrus, NC",1185.0
37027,"Caldwell, NC",717.0
37029,"Camden, NC",1151.0
37031,"Carteret, NC",1009.0
37033,"Caswell, NC",678.0
37035,"Catawba, NC",866.0
37037,"Chatham, NC",995.0
37039,"Cherokee, NC",819.0
37041,"Chowan, NC",814.0
37043,"Clay, NC",793.0
37045,"Cleveland, NC",794.0
37047,"Columbus, NC",738.0
37049,"Craven, NC",1056.0
37051,"Cumberland, NC",1098.0
37053,"Currituck, NC",1217.0
37055,"Dare, NC",1259.0
37057,"Davidson, NC",822.0
37059,"Davie, NC",838.0
37061,"Duplin, NC",765.0
37063,"Durham, NC",1301.0
37065,"Edgecombe, NC",779.0
37067,"Forsyth, NC",969.0
37069,"Franklin, NC",971.0
37071,"Gaston, NC",1005.0
37073,"Gates, NC",921.0
37075,"Graham, NC",580.0
37077,"Granville, NC",937.0
37079,"Greene, NC",826.0
37081,"Guilford, NC",1049.0
37083,"Halifax, NC",760.0
37085,"Harnett, NC",1022.0
37087,"Haywood, NC",954.0
37089,"Henderson, NC",1032.0
37091,"Hertford, NC",846.0
37093,"Hoke, NC",1036.0
37095,"Hyde, NC",917.0
37097,"Iredell, NC",1105.0
37099,"Jackson, NC",804.0
37101,"Johnston, NC",970.0
37103,"Jones, NC",680.0
37105,"Lee, NC",923.0
37107,"Lenoir, NC",792.0
37109,"Lincoln, NC",928.0
37111,"McDowell, NC",725.0
37113,"Macon, NC",818.0
37115,"Madison, NC",760.0
37117,"Martin, NC",758.0
37119,"Mecklenburg, NC",1413.0
37121,"Mitchell, NC",701.0
37123,"Montgomery, NC",710.0
37125,"Moore, NC",1084.0
37127,"Nash, NC",879.0
37129,"New Hanover, NC",1249.0
37131,"Northampton, NC",764.0
37133,"Onslow, NC",1132.0
37135,"Orange, NC",1316.0
37137,"Pamlico, NC",830.0
37139,"Pasquotank, NC",1039.0
37141,"Pender, NC",1039.0
37143,"Perquimans, NC",1033.0
37145,"Person, NC",777.0
37147,"Pitt, NC",911.0
37149,"Polk, NC",984.0
37151,"Randolph, NC",813.0
37153,"Richmond, NC",720.0
37155,"Robeson, NC",741.0
37157,"Rockingham, NC",743.0
37159,"Rowan, NC",925.0
37161,"Rutherford, NC",729.0
37163,"Sampson, NC",752.0
37165,"Scotland, NC",736.0
37167,"Stanly, NC",816.0
37169,"Stokes, NC",784.0
37171,"Surry, NC",706.0
37173,"Swain, NC",690.0
37175,"Transylvania, NC",861.0
37177,"Tyrrell, NC",722.0
37179,"Union, NC",1274.0
37181,"Vance, NC",830.0
37183,"Wake, NC",1412.0
37185,"Warren, NC",726.0
37187,"Washington, NC",755.0
37189,"Watauga, NC",1067.0
37191,"Wayne, NC",899.0
37193,"Wilkes, NC",712.0
37195,"Wilson, NC",853.0
37197,"Yadkin, NC",711.0
37199,"Yancey, NC",757.0
38001,"Adams, ND",589.0
38003,"Barnes, ND",773.0
38005,"Benson, ND",563.0
38007,"Billings, ND",650.0
38009,"Bottineau, ND",670.0
38011,"Bowman, ND",862.0
38013,"Burke, ND",669.0
38015,"Burleigh, ND",975.0
38017,"Cass, ND",909.0
38019,"Cavalier, ND",731.0
38021,"Dickey, ND",759.0
38023,"Divide, ND",1032.0
38025,"Dunn, ND",906.0
38027,"Eddy, ND",555.0
38029,"Emmons, ND",585.0
38031,"Foster, ND",710.0
38033,"Golden Valley, ND",838.0
38035,"Grand Forks, ND",941.0
38037,"Grant, ND",629.0
38039,"Griggs, ND",499.0
38041,"Hettinger, ND",852.0
38043,"Kidder, ND",740.0
38045,"LaMoure, ND",571.0
38047,"Logan, ND",771.0
38049,"McHenry, ND",753.0
38051,"McIntosh, ND",605.0
38053,"McKenzie, ND",1192.0
38055,"McLean, ND",766.0
38057,"Mercer, ND",1039.0
38059,"Morton, ND",973.0
38061,"Mountrail, ND",929.0
38063,"Nelson, ND",539.0
38065,"Oliver, ND",594.0
38067,"Pembina, ND",658.0
38069,"Pierce, ND",757.0
38071,"Ramsey, ND",663.0
38073,"Ransom, ND",840.0
38075,"Renville, ND",885.0
38077,"Richland, ND",725.0
38079,"Rolette, ND",482.0
38081,"Sargent, ND",837.0
38083,"Sheridan, ND",439.0
38085,"Sioux, ND",430.0
38087,"Slope, ND",531.0
38089,"Stark, ND",988.0
38091,"Steele, ND",594.0
38093,"Stutsman, ND",746.0
38095,"Towner, ND",622.0
38097,"Traill, ND",709.0
38099,"Walsh, ND",695.0
38101,"Ward, ND",1005.0
38103,"Wells, ND",594.0
38105,"Williams, ND",1097.0
39001,"Adams, OH",667.0
39003,"Allen, OH",844.0
39005,"Ashland, OH",815.0
39007,"Ashtabula, OH",811.0
39009,"Athens, OH",907.0
39011,"Auglaize, OH",815.0
39013,"Belmont, OH",754.0
39015,"Brown, OH",785.0
39017,"Butler, OH",1048.0
39019,"Carroll, OH",756.0
39021,"Champaign, OH",856.0
39023,"Clark, OH",820.0
39025,"Clermont, OH",984.0
39027,"Clinton, OH",837.0
39029,"Columbiana, OH",696.0
39031,"Coshocton, OH",694.0
39033,"Crawford, OH",746.0
39035,"Cuyahoga, OH",952.0
39037,"Darke, OH",731.0
39039,"Defiance, OH",808.0
39041,"Delaware, OH",1338.0
39043,"Erie, OH",884.0
39045,"Fairfield, OH",1042.0
39047,"Fayette, OH",772.0
39049,"Franklin, OH",1169.0
39051,"Fulton, OH",807.0
39053,"Gallia, OH",803.0
39055,"Geauga, OH",1009.0
39057,"Greene, OH",1027.0
39059,"Guernsey, OH",801.0
39061,"Hamilton, OH",961.0
39063,"Hancock, OH",877.0
39065,"Hardin, OH",755.0
39067,"Harrison, OH",682.0
39069,"Henry, OH",846.0
39071,"Highland, OH",736.0
39073,"Hocking, OH",773.0
39075,"Holmes, OH",749.0
39077,"Huron, OH",805.0
39079,"Jackson, OH",744.0
39081,"Jefferson, OH",760.0
39083,"Knox, OH",878.0
39085,"Lake, OH",1027.0
39087,"Lawrence, OH",806.0
39089,"Licking, OH",960.0
39091,"Logan, OH",802.0
39093,"Lorain, OH",886.0
39095,"Lucas, OH",879.0
39097,"Madison, OH",899.0
39099,"Mahoning, OH",753.0
39101,"Marion, OH",837.0
39103,"Medina, OH",1053.0
39105,"Meigs, OH",689.0
39107,"Mercer, OH",749.0
39109,"Miami, OH",906.0
39111,"Monroe, OH",668.0
39113,"Montgomery, OH",925.0
39115,"Morgan, OH",689.0
39117,"Morrow, OH",895.0
39119,"Muskingum, OH",776.0
39121,"Noble, OH",716.0
39123,"Ottawa, OH",846.0
39125,"Paulding, OH",718.0
39127,"Perry, OH",695.0
39129,"Pickaway, OH",906.0
39131,"Pike, OH",817.0
39133,"Portage, OH",990.0
39135,"Preble, OH",803.0
39137,"Putnam, OH",807.0
39139,"Richland, OH",768.0
39141,"Ross, OH",827.0
39143,"Sandusky, OH",756.0
39145,"Scioto, OH",723.0
39147,"Seneca, OH",789.0
39149,"Shelby, OH",865.0
39151,"Stark, OH",838.0
39153,"Summit, OH",956.0
39155,"Trumbull, OH",752.0
39157,"Tuscarawas, OH",844.0
39159,"Union, OH",1144.0
39161,"Van Wert, OH",769.0
39163,"Vinton, OH",675.0
39165,"Warren, OH",1254.0
39167,"Washington, OH",794.0
39169,"Wayne, OH",824.0
39171,"Williams, OH",771.0
39173,"Wood, OH",907.0
39175,"Wyandot, OH",753.0
40001,"Adair, OK",608.0
40003,"Alfalfa, OK",654.0
40005,"Atoka, OK",669.0
40007,"Beaver, OK",838.0
40009,"Beckham, OK",793.0
40011,"Blaine, OK",844.0
40013,"Bryan, OK",877.0
40015,"Caddo, OK",686.0
40017,"Canadian, OK",1129.0
40019,"Carter, OK",908.0
40021,"Cherokee, OK",773.0
40023,"Choctaw, OK",662.0
40025,"Cimarron, OK",615.0
40027,"Cleveland, OK",1073.0
40029,"Coal, OK",679.0
40031,"Comanche, OK",903.0
40033,"Cotton, OK",738.0
40035,"Craig, OK",810.0
40037,"Creek, OK",880.0
40039,"Custer, OK",732.0
40041,"Delaware, OK",833.0
40043,"Dewey, OK",844.0
40045,"Ellis, OK",732.0
40047,"Garfield, OK",868.0
40049,"Garvin, OK",791.0
40051,"Grady, OK",841.0
40053,"Grant, OK",830.0
40055,"Greer, OK",641.0
40057,"Harmon, OK",727.0
40059,"Harper, OK",791.0
40061,"Haskell, OK",730.0
40063,"Hughes, OK",604.0
40065,"Jackson, OK",842.0
40067,"Jefferson, OK",566.0
40069,"Johnston, OK",690.0
40071,"Kay, OK",786.0
40073,"Kingfisher, OK",905.0
40075,"Kiowa, OK",572.0
40077,"Latimer, OK",694.0
40079,"Le Flore, OK",753.0
40081,"Lincoln, OK",731.0
40083,"Logan, OK",869.0
40085,"Love, OK",812.0
40087,"McClain, OK",920.0
40089,"McCurtain, OK",677.0
40091,"McIntosh, OK",700.0
40093,"Major, OK",628.0
40095,"Marshall, OK",761.0
40097,"Mayes, OK",788.0
40099,"Murray, OK",824.0
40101,"Muskogee, OK",793.0
40103,"Noble, OK",710.0
40105,"Nowata, OK",741.0
40107,"Okfuskee, OK",677.0
40109,"Oklahoma, OK",1008.0
40111,"Okmulgee, OK",765.0
40113,"Osage, OK",773.0
40115,"Ottawa, OK",742.0
40117,"Pawnee, OK",842.0
40119,"Payne, OK",899.0
40121,"Pittsburg, OK",798.0
40123,"Pontotoc, OK",847.0
40125,"Pottawatomie, OK",848.0
40127,"Pushmataha, OK",557.0
40129,"Roger Mills, OK",679.0
40131,"Rogers, OK",980.0
40133,"Seminole, OK",695.0
40135,"Sequoyah, OK",788.0
40137,"Stephens, OK",831.0
40139,"Texas, OK",865.0
40141,"Tillman, OK",682.0
40143,"Tulsa, OK",1002.0
40145,"Wagoner, OK",1000.0
40147,"Washington, OK",879.0
40149,"Washita, OK",752.0
40151,"Woods, OK",793.0
40153,"Woodward, OK",839.0
41001,"Baker, OR",765.0
41003,"Benton, OR",1315.0
41005,"Clackamas, OR",1605.0
41007,"Clatsop, OR",1096.0
41009,"Columbia, OR",1211.0
41011,"Coos, OR",952.0
41013,"Crook, OR",1129.0
41015,"Curry, OR",1105.0
41017,"Deschutes, OR",1550.0
41019,"Douglas, OR",957.0
41021,"Gilliam, OR",1071.0
41023,"Grant, OR",803.0
41025,"Harney, OR",665.0
41027,"Hood River, OR",1281.0
41029,"Jackson, OR",1208.0
41031,"Jefferson, OR",940.0
41033,"Josephine, OR",1093.0
41035,"Klamath, OR",921.0
41037,"Lake, OR",816.0
41039,"Lane, OR",1210.0
41041,"Lincoln, OR",1057.0
41043,"Linn, OR",1160.0
41045,"Malheur, OR",761.0
41047,"Marion, OR",1228.0
41049,"Morrow, OR",837.0
41051,"Multnomah, OR",1515.0
41053,"Polk, OR",1219.0
41055,"Sherman, OR",911.0
41057,"Tillamook, OR",1148.0
41059,"Umatilla, OR",930.0
41061,"Union, OR",930.0
41063,"Wallowa, OR",830.0
41065,"Wasco, OR",925.0
41067,"Washington, OR",1695.0
41069,"Wheeler, OR",730.0
41071,"Yamhill, OR",1302.0
42001,"Adams, PA",1060.0
42003,"Allegheny, PA",1050.0
42005,"Armstrong, PA",777.0
42007,"Beaver, PA",830.0
42009,"Bedford, PA",727.0
42011,"Berks, PA",1078.0
42013,"Blair, PA",838.0
42015,"Bradford, PA",824.0
42017,"Bucks, PA",1461.0
42019,"Butler, PA",978.0
42021,"Cambria, PA",700.0
42023,"Cameron, PA",657.0
42025,"Carbon, PA",941.0
42027,"Centre, PA",1118.0
42029,"Chester, PA",1601.0
42031,"Clarion, PA",754.0
42033,"Clearfield, PA",737.0
42035,"Clinton, PA",840.0
42037,"Columbia, PA",862.0
42039,"Crawford, PA",769.0
42041,"Cumberland, PA",1146.0
42043,"Dauphin, PA",1090.0
42045,"Delaware, PA",1257.0
42047,"Elk, PA",707.0
42049,"Erie, PA",851.0
42051,"Fayette, PA",754.0
42053,"Forest, PA",720.0
42055,"Franklin, PA",1019.0
42057,"Fulton, PA",759.0
42059,"Greene, PA",754.0
42061,"Huntingdon, PA",759.0
42063,"Indiana, PA",771.0
42065,"Jefferson, PA",743.0
42067,"Juniata, PA",715.0
42069,"Lackawanna, PA",917.0
42071,"Lancaster, PA",1221.0
42073,"Lawrence, PA",787.0
42075,"Lebanon, PA",1023.0
42077,"Lehigh, PA",1259.0
42079,"Luzerne, PA",904.0
42081,"Lycoming, PA",886.0
42083,"McKean, PA",756.0
42085,"Mercer, PA",761.0
42087,"Mifflin, PA",763.0
42089,"Monroe, PA",1311.0
42091,"Montgomery, PA",1514.0
42093,"Montour, PA",998.0
42095,"Northampton, PA",1280.0
42097,"Northumberland, PA",751.0
42099,"Perry, PA",803.0
42101,"Philadelphia, PA",1250.0
42103,"Pike, PA",1344.0
42105,"Potter, PA",725.0
42107,"Schuylkill, PA",801.0
42109,"Snyder, PA",849.0
42111,"Somerset, PA",704.0
42113,"Sullivan, PA",688.0
42115,"Susquehanna, PA",855.0
42117,"Tioga, PA",811.0
42119,"Union, PA",899.0
42121,"Venango, PA",740.0
42123,"Warren, PA",728.0
42125,"Washington, PA",879.0
42127,"Wayne, PA",933.0
42129,"Westmoreland, PA",822.0
42131,"Wyoming, PA",876.0
42133,"York, PA",1094.0
44001,"Bristol, RI",1264.0
44003,"Kent, RI",1226.0
44005,"Newport, RI",1544.0
44007,"Providence, RI",1161.0
44009,"Washington, RI",1284.0
45001,"Abbeville, SC",791.0
45003,"Aiken, SC",973.0
45005,"Allendale, SC",713.0
45007,"Anderson, SC",904.0
45009,"Bamberg, SC",772.0
45011,"Barnwell, SC",763.0
45013,"Beaufort, SC",1435.0
45015,"Berkeley, SC",1410.0
45017,"Calhoun, SC",968.0
45019,"Charleston, SC",1427.0
45021,"Cherokee, SC",828.0
45023,"Chester, SC",831.0
45025,"Chesterfield, SC",796.0
45027,"Clarendon, SC",670.0
45029,"Colleton, SC",826.0
45031,"Darlington, SC",804.0
45033,"Dillon, SC",716.0
45035,"Dorchester, SC",1259.0
45037,"Edgefield, SC",786.0
45039,"Fairfield, SC",830.0
45041,"Florence, SC",871.0
45043,"Georgetown, SC",1046.0
45045,"Greenville, SC",1122.0
45047,"Greenwood, SC",849.0
45049,"Hampton, SC",808.0
45051,"Horry, SC",1128.0
45053,"Jasper, SC",1259.0
45055,"Kershaw, SC",844.0
45057,"Lancaster, SC",881.0
45059,"Laurens, SC",826.0
45061,"Lee, SC",753.0
45063,"Lexington, SC",1061.0
45065,"McCormick, SC",736.0
45067,"Marion, SC",643.0
45069,"Marlboro, SC",680.0
45071,"Newberry, SC",855.0
45073,"Oconee, SC",852.0
45075,"Orangeburg, SC",771.0
45077,"Pickens, SC",896.0
45079,"Richland, SC",1142.0
45081,"Saluda, SC",709.0
45083,"Spartanburg, SC",960.0
45085,"Sumter, SC",995.0
45087,"Union, SC",782.0
45089,"Williamsburg, SC",786.0
45091,"York, SC",1204.0
46003,"Aurora, SD",735.0
46005,"Beadle, SD",807.0
46007,"Bennett, SD",621.0
46009,"Bon Homme, SD",702.0
46011,"Brookings, SD",870.0
46013,"Brown, SD",748.0
46015,"Brule, SD",755.0
46017,"Buffalo, SD",575.0
46019,"Butte, SD",885.0
46021,"Campbell, SD",713.0
46023,"Charles Mix, SD",713.0
46025,"Clark, SD",684.0
46027,"Clay, SD",758.0
46029,"Codington, SD",863.0
46031,"Corson, SD",515.0
46033,"Custer, SD",948.0
46035,"Davison, SD",772.0
46037,"Day, SD",594.0
46039,"Deuel, SD",628.0
46041,"Dewey, SD",670.0
46043,"Douglas, SD",763.0
46045,"Edmunds, SD",839.0
46047,"Fall River, SD",813.0
46049,"Faulk, SD",775.0
46051,"Grant, SD",493.0
46053,"Gregory, SD",565.0
46055,"Haakon, SD",620.0
46057,"Hamlin, SD",717.0
46059,"Hand, SD",543.0
46061,"Hanson, SD",810.0
46063,"Harding, SD",445.0
46065,"Hughes, SD",920.0
46067,"Hutchinson, SD",660.0
46069,"Hyde, SD",792.0
46071,"Jackson, SD",527.0
46073,"Jerauld, SD",509.0
46075,"Jones, SD",700.0
46077,"Kingsbury, SD",681.0
46079,"Lake, SD",819.0
46081,"Lawrence, SD",888.0
46083,"Lincoln, SD",1206.0
46085,"Lyman, SD",615.0
46087,"McCook, SD",778.0
46089,"McPherson, SD",553.0
46091,"Marshall, SD",690.0
46093,"Meade, SD",1109.0
46095,"Mellette, SD",670.0
46097,"Miner, SD",598.0
46099,"Minnehaha, SD",927.0
46101,"Moody, SD",644.0
46103,"Pennington, SD",996.0
46105,"Perkins, SD",685.0
46107,"Potter, SD",730.0
46109,"Roberts, SD",596.0
46111,"Sanborn, SD",595.0
46115,"Spink, SD",651.0
46117,"Stanley, SD",917.0
46119,"Sully, SD",935.0
46121,"Todd, SD",519.0
46123,"Tripp, SD",800.0
46125,"Turner, SD",691.0
46127,"Union, SD",1008.0
46129,"Walworth, SD",832.0
46135,"Yankton, SD",765.0
46137,"Ziebach, SD",685.0
47001,"Anderson, TN",937.0
47003,"Bedford, TN",863.0
47005,"Benton, TN",779.0
47007,"Bledsoe, TN",751.0
47009,"Blount, TN",957.0
47011,"Bradley, TN",917.0
47013,"Campbell, TN",704.0
47015,"Cannon, TN",689.0
47017,"Carroll, TN",723.0
47019,"Carter, TN",727.0
47021,"Cheatham, TN",1190.0
47023,"Chester, TN",658.0
47025,"Claiborne, TN",710.0
47027,"Clay, TN",588.0
47029,"Cocke, TN",763.0
47031,"Coffee, TN",844.0
47033,"Crockett, TN",852.0
47035,"Cumberland, TN",786.0
47037,"Davidson, TN",1394.0
47039,"Decatur, TN",705.0
47041,"DeKalb, TN",745.0
47043,"Dickson, TN",947.0
47045,"Dyer, TN",734.0
47047,"Fayette, TN",871.0
47049,"Fentress, TN",645.0
47051,"Franklin, TN",828.0
47053,"Gibson, TN",756.0
47055,"Giles, TN",817.0
47057,"Grainger, TN",648.0
47059,"Greene, TN",689.0
47061,"Grundy, TN",694.0
47063,"Hamblen, TN",799.0
47065,"Hamilton, TN",1079.0
47067,"Hancock, TN",571.0
47069,"Hardeman, TN",773.0
47071,"Hardin, TN",735.0
47073,"Hawkins, TN",737.0
47075,"Haywood, TN",715.0
47077,"Henderson, TN",759.0
47079,"Henry, TN",727.0
47081,"Hickman, TN",796.0
47083,"Houston, TN",719.0
47085,"Humphreys, TN",814.0
47087,"Jackson, TN",777.0
47089,"Jefferson, TN",832.0
47091,"Johnson, TN",647.0
47093,"Knox, TN",1097.0
47095,"Lake, TN",432.0
47097,"Lauderdale, TN",694.0
47099,"Lawrence, TN",715.0
47101,"Lewis, TN",744.0
47103,"Lincoln, TN",755.0
47105,"Loudon, TN",960.0
47107,"McMinn, TN",803.0
47109,"McNairy, TN",706.0
47111,"Macon, TN",789.0
47113,"Madison, TN",994.0
47115,"Marion, TN",824.0
47117,"Marshall, TN",887.0
47119,"Maury, TN",1126.0
47121,"Meigs, TN",832.0
47123,"Monroe, TN",668.0
47125,"Montgomery, TN",1128.0
47127,"Moore, TN",769.0
47129,"Morgan, TN",742.0
47131,"Obion, TN",732.0
47133,"Overton, TN",777.0
47135,"Perry, TN",699.0
47137,"Pickett, TN",720.0
47139,"Polk, TN",678.0
47141,"Putnam, TN",842.0
47143,"Rhea, TN",780.0
47145,"Roane, TN",753.0
47147,"Robertson, TN",1065.0
47149,"Rutherford, TN",1311.0
47151,"Scott, TN",646.0
47153,"Sequatchie, TN",786.0
47155,"Sevier, TN",968.0
47157,"Shelby, TN",1103.0
47159,"Smith, TN",809.0
47161,"Stewart, TN",725.0
47163,"Sullivan, TN",793.0
47165,"Sumner, TN",1245.0
47167,"Tipton, TN",1013.0
47169,"Trousdale, TN",822.0
47171,"Unicoi, TN",664.0
47173,"Union, TN",838.0
47175,"Van Buren, TN",658.0
47177,"Warren, TN",734.0
47179,"Washington, TN",890.0
47181,"Wayne, TN",606.0
47183,"Weakley, TN",723.0
47185,"White, TN",835.0
47187,"Williamson, TN",1817.0
47189,"Wilson, TN",1268.0
48001,"Anderson, TX",972.0
48003,"Andrews, TX",1345.0
48005,"Angelina, TX",985.0
48007,"Aransas, TX",1076.0
48009,"Archer, TX",718.0
48011,"Armstrong, TX",942.0
48013,"Atascosa, TX",977.0
48015,"Austin, TX",1046.0
48017,"Bailey, TX",665.0
48019,"Bandera, TX",927.0
48021,"Bastrop, TX",1195.0
48023,"Baylor, TX",568.0
48025,"Bee, TX",985.0
48027,"Bell, TX",1095.0
48029,"Bexar, TX",1212.0
48031,"Blanco, TX",863.0
48033,"Borden, TX",-666666666.0
48035,"Bosque, TX",886.0
48037,"Bowie, TX",900.0
48039,"Brazoria, TX",1333.0
48041,"Brazos, TX",1120.0
48043,"Brewster, TX",780.0
48045,"Briscoe, TX",850.0
48047,"Brooks, TX",391.0
48049,"Brown, TX",862.0
48051,"Burleson, TX",977.0
48053,"Burnet, TX",1232.0
48055,"Caldwell, TX",1084.0
48057,"Calhoun, TX",968.0
48059,"Callahan, TX",888.0
48061,"Cameron, TX",855.0
48063,"Camp, TX",767.0
48065,"Carson, TX",933.0
48067,"Cass, TX",834.0
48069,"Castro, TX",841.0
48071,"Chambers, TX",1339.0
48073,"Cherokee, TX",883.0
48075,"Childress, TX",858.0
48077,"Clay, TX",787.0
48079,"Cochran, TX",702.0
48081,"Coke, TX",681.0
48083,"Coleman, TX",684.0
48085,"Collin, TX",1689.0
48087,"Collingsworth, TX",651.0
48089,"Colorado, TX",892.0
48091,"Comal, TX",1390.0
48093,"Comanche, TX",795.0
48095,"Concho, TX",927.0
48097,"Cooke, TX",1064.0
48099,"Coryell, TX",1046.0
48101,"Cottle, TX",375.0
48103,"Crane, TX",913.0
48105,"Crockett, TX",583.0
48107,"Crosby, TX",649.0
48109,"Culberson, TX",918.0
48111,"Dallam, TX",1105.0
48113,"Dallas, TX",1374.0
48115,"Dawson, TX",805.0
48117,"Deaf Smith, TX",842.0
48119,"Delta, TX",875.0
48121,"Denton, TX",1496.0
48123,"DeWitt, TX",931.0
48125,"Dickens, TX",533.0
48127,"Dimmit, TX",664.0
48129,"Donley, TX",711.0
48131,"Duval, TX",870.0
48133,"Eastland, TX",745.0
48135,"Ector, TX",1232.0
48137,"Edwards, TX",680.0
48139,"Ellis, TX",1345.0
48141,"El Paso, TX",978.0
48143,"Erath, TX",1070.0
48145,"Falls, TX",691.0
48147,"Fannin, TX",979.0
48149,"Fayette, TX",885.0
48151,"Fisher, TX",605.0
48153,"Floyd, TX",697.0
48155,"Foard, TX",537.0
48157,"Fort Bend, TX",1669.0
48159,"Franklin, TX",951.0
48161,"Freestone, TX",785.0
48163,"Frio, TX",797.0
48165,"Gaines, TX",711.0
48167,"Galveston, TX",1301.0
48169,"Garza, TX",1048.0
48171,"Gillespie, TX",1275.0
48173,"Glasscock, TX",-666666666.0
48175,"Goliad, TX",788.0
48177,"Gonzales, TX",895.0
48179,"Gray, TX",846.0
48181,"Grayson, TX",1096.0
48183,"Gregg, TX",1008.0
48185,"Grimes, TX",910.0
48187,"Guadalupe, TX",1278.0
48189,"Hale, TX",757.0
48191,"Hall, TX",554.0
48193,"Hamilton, TX",865.0
48195,"Hansford, TX",823.0
48197,"Hardeman, TX",612.0
48199,"Hardin, TX",955.0
48201,"Harris, TX",1269.0
48203,"Harrison, TX",912.0
48205,"Hartley, TX",1102.0
48207,"Haskell, TX",862.0
48209,"Hays, TX",1355.0
48211,"Hemphill, TX",1025.0
48213,"Henderson, TX",958.0
48215,"Hidalgo, TX",875.0
48217,"Hill, TX",893.0
48219,"Hockley, TX",765.0
48221,"Hood, TX",1255.0
48223,"Hopkins, TX",958.0
48225,"Houston, TX",819.0
48227,"Howard, TX",981.0
48229,"Hudspeth, TX",531.0
48231,"Hunt, TX",1120.0
48233,"Hutchinson, TX",881.0
48235,"Irion, TX",1145.0
48237,"Jack, TX",889.0
48239,"Jackson, TX",896.0
48241,"Jasper, TX",777.0
48243,"Jeff Davis, TX",1113.0
48245,"Jefferson, TX",1004.0
48247,"Jim Hogg, TX",754.0
48249,"Jim Wells, TX",849.0
48251,"Johnson, TX",1271.0
48253,"Jones, TX",954.0
48255,"Karnes, TX",868.0
48257,"Kaufman, TX",1286.0
48259,"Kendall, TX",1455.0
48261,"Kenedy, TX",-666666666.0
48263,"Kent, TX",921.0
48265,"Kerr, TX",1048.0
48267,"Kimble, TX",716.0
48269,"King, TX",-666666666.0
48271,"Kinney, TX",728.0
48273,"Kleberg, TX",978.0
48275,"Knox, TX",628.0
48277,"Lamar, TX",847.0
48279,"Lamb, TX",796.0
48281,"Lampasas, TX",867.0
48283,"La Salle, TX",851.0
48285,"Lavaca, TX",871.0
48287,"Lee, TX",1037.0
48289,"Leon, TX",900.0
48291,"Liberty, TX",978.0
48293,"Limestone, TX",784.0
48295,"Lipscomb, TX",836.0
48297,"Live Oak, TX",957.0
48299,"Llano, TX",974.0
48301,"Loving, TX",-666666666.0
48303,"Lubbock, TX",1087.0
48305,"Lynn, TX",887.0
48307,"McCulloch, TX",816.0
48309,"McLennan, TX",1048.0
48311,"McMullen, TX",732.0
48313,"Madison, TX",814.0
48315,"Marion, TX",857.0
48317,"Martin, TX",1009.0
48319,"Mason, TX",818.0
48321,"Matagorda, TX",960.0
48323,"Maverick, TX",757.0
48325,"Medina, TX",1038.0
48327,"Menard, TX",720.0
48329,"Midland, TX",1375.0
48331,"Milam, TX",911.0
48333,"Mills, TX",655.0
48335,"Mitchell, TX",764.0
48337,"Montague, TX",974.0
48339,"Montgomery, TX",1416.0
48341,"Moore, TX",879.0
48343,"Morris, TX",783.0
48345,"Motley, TX",732.0
48347,"Nacogdoches, TX",863.0
48349,"Navarro, TX",978.0
48351,"Newton, TX",876.0
48353,"Nolan, TX",810.0
48355,"Nueces, TX",1175.0
48357,"Ochiltree, TX",858.0
48359,"Oldham, TX",1120.0
48361,"Orange, TX",974.0
48363,"Palo Pinto, TX",963.0
48365,"Panola, TX",799.0
48367,"Parker, TX",1291.0
48369,"Parmer, TX",839.0
48371,"Pecos, TX",986.0
48373,"Polk, TX",920.0
48375,"Potter, TX",943.0
48377,"Presidio, TX",391.0
48379,"Rains, TX",896.0
48381,"Randall, TX",1072.0
48383,"Reagan, TX",1057.0
48385,"Real, TX",836.0
48387,"Red River, TX",688.0
48389,"Reeves, TX",951.0
48391,"Refugio, TX",720.0
48393,"Roberts, TX",554.0
48395,"Robertson, TX",781.0
48397,"Rockwall, TX",1779.0
48399,"Runnels, TX",897.0
48401,"Rusk, TX",963.0
48403,"Sabine, TX",725.0
48405,"San Augustine, TX",718.0
48407,"San Jacinto, TX",992.0
48409,"San Patricio, TX",1265.0
48411,"San Saba, TX",918.0
48413,"Schleicher, TX",645.0
48415,"Scurry, TX",1025.0
48417,"Shackelford, TX",486.0
48419,"Shelby, TX",833.0
48421,"Sherman, TX",969.0
48423,"Smith, TX",1129.0
48425,"Somervell, TX",853.0
48427,"Starr, TX",670.0
48429,"Stephens, TX",688.0
48431,"Sterling, TX",882.0
48433,"Stonewall, TX",757.0
48435,"Sutton, TX",701.0
48437,"Swisher, TX",763.0
48439,"Tarrant, TX",1352.0
48441,"Taylor, TX",1063.0
48443,"Terrell, TX",-666666666.0
48445,"Terry, TX",763.0
48447,"Throckmorton, TX",536.0
48449,"Titus, TX",808.0
48451,"Tom Green, TX",1024.0
48453,"Travis, TX",1561.0
48455,"Trinity, TX",776.0
48457,"Tyler, TX",927.0
48459,"Upshur, TX",958.0
48461,"Upton, TX",687.0
48463,"Uvalde, TX",1014.0
48465,"Val Verde, TX",913.0
48467,"Van Zandt, TX",981.0
48469,"Victoria, TX",1084.0
48471,"Walker, TX",976.0
48473,"Waller, TX",1109.0
48475,"Ward, TX",1061.0
48477,"Washington, TX",1025.0
48479,"Webb, TX",964.0
48481,"Wharton, TX",894.0
48483,"Wheeler, TX",896.0
48485,"Wichita, TX",937.0
48487,"Wilbarger, TX",795.0
48489,"Willacy, TX",695.0
48491,"Williamson, TX",1597.0
48493,"Wilson, TX",1054.0
48495,"Winkler, TX",902.0
48497,"Wise, TX",1137.0
48499,"Wood, TX",882.0
48501,"Yoakum, TX",983.0
48503,"Young, TX",823.0
48505,"Zapata, TX",557.0
48507,"Zavala, TX",838.0
49001,"Beaver, UT",948.0
49003,"Box Elder, UT",927.0
49005,"Cache, UT",1025.0
49007,"Carbon, UT",786.0
49009,"Daggett, UT",-666666666.0
49011,"Davis, UT",1407.0
49013,"Duchesne, UT",894.0
49015,"Emery, UT",662.0
49017,"Garfield, UT",779.0
49019,"Grand, UT",1020.0
49021,"Iron, UT",935.0
49023,"Juab, UT",969.0
49025,"Kane, UT",1124.0
49027,"Millard, UT",801.0
49029,"Morgan, UT",1276.0
49031,"Piute, UT",594.0
49033,"Rich, UT",663.0
49035,"Salt Lake, UT",1394.0
49037,"San Juan, UT",861.0
49039,"Sanpete, UT",910.0
49041,"Sevier, UT",791.0
49043,"Summit, UT",1822.0
49045,"Tooele, UT",1079.0
49047,"Uintah, UT",797.0
49049,"Utah, UT",1330.0
49051,"Wasatch, UT",1586.0
49053,"Washington, UT",1321.0
49055,"Wayne, UT",926.0
49057,"Weber, UT",1188.0
50001,"Addison, VT",1153.0
50003,"Bennington, VT",974.0
50005,"Caledonia, VT",919.0
50007,"Chittenden, VT",1511.0
50009,"Essex, VT",911.0
50011,"Franklin, VT",1125.0
50013,"Grand Isle, VT",1206.0
50015,"Lamoille, VT",1066.0
50017,"Orange, VT",1125.0
50019,"Orleans, VT",898.0
50021,"Rutland, VT",891.0
50023,"Washington, VT",1077.0
50025,"Windham, VT",1031.0
50027,"Windsor, VT",1054.0
51001,"Accomack, VA",974.0
51007,"Amelia, VA",1249.0
51009,"Amherst, VA",811.0
51011,"Appomattox, VA",861.0
51013,"Arlington, VA",2227.0
51017,"Bath, VA",650.0
51019,"Bedford, VA*",939.0
51021,"Bland, VA",705.0
51023,"Botetourt, VA",869.0
51025,"Brunswick, VA",841.0
51027,"Buchanan, VA",728.0
51029,"Buckingham, VA",844.0
51033,"Caroline, VA",1212.0
51036,"Charles City, VA",927.0
51037,"Charlotte, VA",732.0
51041,"Chesterfield, VA",1460.0
51043,"Clarke, VA",1260.0
51045,"Craig, VA",687.0
51047,"Culpeper, VA",1383.0
51049,"Cumberland, VA",803.0
51051,"Dickenson, VA",680.0
51057,"Essex, VA",942.0
51061,"Fauquier, VA",1468.0
51063,"Floyd, VA",809.0
51065,"Fluvanna, VA",1363.0
51067,"Franklin, VA",809.0
51071,"Giles, VA",758.0
51073,"Gloucester, VA",1133.0
51075,"Goochland, VA",1407.0
51077,"Grayson, VA",703.0
51079,"Greene, VA",1277.0
51083,"Halifax, VA",724.0
51085,"Hanover, VA",1392.0
51087,"Henrico, VA",1380.0
51091,"Highland, VA",800.0
51093,"Isle of Wight, VA",1223.0
51097,"King and Queen, VA",1065.0
51099,"King George, VA",1385.0
51101,"King William, VA",1239.0
51103,"Lancaster, VA",959.0
51105,"Lee, VA",651.0
51107,"Loudoun, VA",2195.0
51109,"Louisa, VA",1137.0
51111,"Lunenburg, VA",802.0
51113,"Madison, VA",955.0
51115,"Mathews, VA",966.0
51117,"Mecklenburg, VA",784.0
51119,"Middlesex, VA",1056.0
51125,"Nelson, VA",921.0
51127,"New Kent, VA",1391.0
51131,"Northampton, VA",763.0
51133,"Northumberland, VA",1026.0
51135,"Nottoway, VA",895.0
51137,"Orange, VA",1085.0
51139,"Page, VA",845.0
51141,"Patrick, VA",668.0
51145,"Powhatan, VA",1170.0
51147,"Prince Edward, VA",909.0
51155,"Pulaski, VA",806.0
51157,"Rappahannock, VA",1179.0
51159,"Richmond, VA",915.0
51167,"Russell, VA",668.0
51169,"Scott, VA",621.0
51171,"Shenandoah, VA",950.0
51173,"Smyth, VA",691.0
51179,"Stafford, VA",1828.0
51181,"Surry, VA",888.0
51183,"Sussex, VA",927.0
51185,"Tazewell, VA",733.0
51187,"Warren, VA",1175.0
51193,"Westmoreland, VA",985.0
51197,"Wythe, VA",668.0
51510,"Alexandria (Independent City), VA",1983.0
51550,"Chesapeake (Independent City), VA",1446.0
51650,"Hampton (Independent City), VA",1255.0
51700,"Newport News (Independent City), VA",1209.0
51710,"Norfolk (Independent City), VA",1188.0
51740,"Portsmouth (Independent City), VA",1225.0
51760,"Richmond (Independent City), VA",1227.0
51770,"Roanoke (Independent City), VA",917.0
51800,"Suffolk (Independent City), VA",1376.0
51810,"Virginia Beach (Independent City), VA",1568.0
53001,"Adams, WA",902.0
53003,"Asotin, WA",941.0
53005,"Benton, WA",1166.0
53007,"Chelan, WA",1142.0
53009,"Clallam, WA",1093.0
53011,"Clark, WA",1572.0
53013,"Columbia, WA",847.0
53015,"Cowlitz, WA",1090.0
53017,"Douglas, WA",1181.0
53019,"Ferry, WA",690.0
53021,"Franklin, WA",1124.0
53023,"Garfield, WA",725.0
53025,"Grant, WA",979.0
53027,"Grays Harbor, WA",943.0
53029,"Island, WA",1517.0
53031,"Jefferson, WA",1169.0
53033,"King, WA",1950.0
53035,"Kitsap, WA",1635.0
53037,"Kittitas, WA",1152.0
53039,"Klickitat, WA",986.0
53041,"Lewis, WA",1016.0
53043,"Lincoln, WA",839.0
53045,"Mason, WA",1137.0
53047,"Okanogan, WA",862.0
53049,"Pacific, WA",955.0
53051,"Pend Oreille, WA",793.0
53053,"Pierce, WA",1604.0
53055,"San Juan, WA",1279.0
53057,"Skagit, WA",1350.0
53059,"Skamania, WA",1019.0
53061,"Snohomish, WA",1794.0
53063,"Spokane, WA",1123.0
53065,"Stevens, WA",827.0
53067,"Thurston, WA",1499.0
53069,"Wahkiakum, WA",1110.0
53071,"Walla Walla, WA",1044.0
53073,"Whatcom, WA",1370.0
53075,"Whitman, WA",959.0
53077,"Yakima, WA",1010.0
54001,"Barbour, WV",665.0
54003,"Berkeley, WV",1154.0
54005,"Boone, WV",735.0
54007,"Braxton, WV",595.0
54009,"Brooke, WV",591.0
54011,"Cabell, WV",857.0
54013,"Calhoun, WV",494.0
54015,"Clay, WV",582.0
54017,"Doddridge, WV",556.0
54019,"Fayette, WV",734.0
54021,"Gilmer, WV",670.0
54023,"Grant, WV",648.0
54025,"Greenbrier, WV",790.0
54027,"Hampshire, WV",749.0
54029,"Hancock, WV",731.0
54031,"Hardy, WV",832.0
54033,"Harrison, WV",836.0
54035,"Jackson, WV",700.0
54037,"Jefferson, WV",1073.0
54039,"Kanawha, WV",868.0
54041,"Lewis, WV",726.0
54043,"Lincoln, WV",734.0
54045,"Logan, WV",737.0
54047,"McDowell, WV",601.0
54049,"Marion, WV",870.0
54051,"Marshall, WV",788.0
54053,"Mason, WV",651.0
54055,"Mercer, WV",777.0
54057,"Mineral, WV",713.0
54059,"Mingo, WV",560.0
54061,"Monongalia, WV",929.0
54063,"Monroe, WV",658.0
54065,"Morgan, WV",742.0
54067,"Nicholas, WV",664.0
54069,"Ohio, WV",773.0
54071,"Pendleton, WV",666.0
54073,"Pleasants, WV",640.0
54075,"Pocahontas, WV",678.0
54077,"Preston, WV",738.0
54079,"Putnam, WV",1007.0
54081,"Raleigh, WV",819.0
54083,"Randolph, WV",766.0
54085,"Ritchie, WV",657.0
54087,"Roane, WV",605.0
54089,"Summers, WV",842.0
54091,"Taylor, WV",702.0
54093,"Tucker, WV",783.0
54095,"Tyler, WV",642.0
54097,"Upshur, WV",744.0
54099,"Wayne, WV",865.0
54101,"Webster, WV",678.0
54103,"Wetzel, WV",701.0
54105,"Wirt, WV",490.0
54107,"Wood, WV",780.0
54109,"Wyoming, WV",677.0
55001,"Adams, WI",719.0
55003,"Ashland, WI",658.0
55005,"Barron, WI",814.0
55007,"Bayfield, WI",828.0
55009,"Brown, WI",935.0
55011,"Buffalo, WI",808.0
55013,"Burnett, WI",767.0
55015,"Calumet, WI",948.0
55017,"Chippewa, WI",918.0
55019,"Clark, WI",756.0
55021,"Columbia, WI",911.0
55023,"Crawford, WI",781.0
55025,"Dane, WI",1268.0
55027,"Dodge, WI",929.0
55029,"Door, WI",949.0
55031,"Douglas, WI",833.0
55033,"Dunn, WI",908.0
55035,"Eau Claire, WI",929.0
55037,"Florence, WI",571.0
55039,"Fond du Lac, WI",892.0
55041,"Forest, WI",593.0
55043,"Grant, WI",795.0
55045,"Green, WI",820.0
55047,"Green Lake, WI",781.0
55049,"Iowa, WI",911.0
55051,"Iron, WI",632.0
55053,"Jackson, WI",749.0
55055,"Jefferson, WI",981.0
55057,"Juneau, WI",820.0
55059,"Kenosha, WI",1110.0
55061,"Kewaunee, WI",831.0
55063,"La Crosse, WI",984.0
55065,"Lafayette, WI",796.0
55067,"Langlade, WI",715.0
55069,"Lincoln, WI",706.0
55071,"Manitowoc, WI",747.0
55073,"Marathon, WI",898.0
55075,"Marinette, WI",731.0
55077,"Marquette, WI",773.0
55078,"Menominee, WI",635.0
55079,"Milwaukee, WI",1012.0
55081,"Monroe, WI",919.0
55083,"Oconto, WI",775.0
55085,"Oneida, WI",876.0
55087,"Outagamie, WI",941.0
55089,"Ozaukee, WI",1103.0
55091,"Pepin, WI",778.0
55093,"Pierce, WI",999.0
55095,"Polk, WI",922.0
55097,"Portage, WI",876.0
55099,"Price, WI",759.0
55101,"Racine, WI",985.0
55103,"Richland, WI",755.0
55105,"Rock, WI",981.0
55107,"Rusk, WI",793.0
55109,"St. Croix, WI",1127.0
55111,"Sauk, WI",914.0
55113,"Sawyer, WI",670.0
55115,"Shawano, WI",740.0
55117,"Sheboygan, WI",863.0
55119,"Taylor, WI",750.0
55121,"Trempealeau, WI",864.0
55123,"Vernon, WI",785.0
55125,"Vilas, WI",766.0
55127,"Walworth, WI",1034.0
55129,"Washburn, WI",805.0
55131,"Washington, WI",1073.0
55133,"Waukesha, WI",1235.0
55135,"Waupaca, WI",817.0
55137,"Waushara, WI",779.0
55139,"Winnebago, WI",880.0
55141,"Wood, WI",830.0
56001,"Albany, WY",927.0
56003,"Big Horn, WY",785.0
56005,"Campbell, WY",924.0
56007,"Carbon, WY",825.0
56009,"Converse, WY",928.0
56011,"Crook, WY",778.0
56013,"Fremont, WY",819.0
56015,"Goshen, WY",736.0
56017,"Hot Springs, WY",824.0
56019,"Johnson, WY",932.0
56021,"Laramie, WY",1043.0
56023,"Lincoln, WY",818.0
56025,"Natrona, WY",945.0
56027,"Niobrara, WY",951.0
56029,"Park, WY",877.0
56031,"Platte, WY",788.0
56033,"Sheridan, WY",919.0
56035,"Sublette, WY",985.0
56037,"Sweetwater, WY",899.0
56039,"Teton, WY",1511.0
56041,"Uinta, WY",790.0
56043,"Washakie, WY",689.0
56045,"Weston, WY",767.0
