GeoFIPS,GeoName,Year,Value
10180,"Abilene, TX (MA)",2017,6827152.0
10420,"Akron, OH (MA)",2017,36424857.0
10500,"Albany, GA (MA)",2017,5693673.0
10540,"Albany-Lebanon, OR (MA)",2017,4505965.0
10580,"Albany-Schenectady-Troy, NY (MA)",2017,61024034.0
10740,"Albuquerque, NM (MA)",2017,41881258.0
10780,"Alexandria, LA (MA)",2017,6081708.0
10900,"Allentown-Bethlehem-Easton, PA-NJ (MA)",2017,44541436.0
11020,"Altoona, PA (MA)",2017,5849536.0
11100,"Amarillo, TX (MA)",2017,13044032.0
11180,"Ames, IA (MA)",2017,6445208.0
11260,"Anchorage, AK (MA)",2017,25842697.0
11460,"Ann Arbor, MI (MA)",2017,24040003.0
11500,"Anniston-Oxford, AL (MA)",2017,4244400.0
11540,"Appleton, WI (MA)",2017,13810008.0
11700,"Asheville, NC (MA)",2017,19857995.0
12020,"Athens-Clarke County, GA (MA)",2017,9980018.0
12060,"Atlanta-Sandy Springs-Alpharetta, GA (MA)",2017,398208502.0
12100,"Atlantic City-Hammonton, NJ (MA)",2017,13521560.0
12220,"Auburn-Opelika, AL (MA)",2017,6138724.0
12260,"Augusta-Richmond County, GA-SC (MA)",2017,27076189.0
12420,"Austin-Round Rock-Georgetown, TX (MA)",2017,141102903.0
12540,"Bakersfield, CA (MA)",2017,43812095.0
12580,"Baltimore-Columbia-Towson, MD (MA)",2017,198332437.0
12620,"Bangor, ME (MA)",2017,6360893.0
12700,"Barnstable Town, MA (MA)",2017,12764776.0
12940,"Baton Rouge, LA (MA)",2017,52326375.0
12980,"Battle Creek, MI (MA)",2017,6450941.0
13020,"Bay City, MI (MA)",2017,3539706.0
13140,"Beaumont-Port Arthur, TX (MA)",2017,24454169.0
13220,"Beckley, WV (MA)",2017,3990112.0
13380,"Bellingham, WA (MA)",2017,11651236.0
13460,"Bend, OR (MA)",2017,9523750.0
13740,"Billings, MT (MA)",2017,10233635.0
13780,"Binghamton, NY (MA)",2017,10763033.0
13820,"Birmingham-Hoover, AL (MA)",2017,60645897.0
13900,"Bismarck, ND (MA)",2017,7656673.0
13980,"Blacksburg-Christiansburg, VA (MA)",2017,7016349.0
14010,"Bloomington, IL (MA)",2017,14476949.0
14020,"Bloomington, IN (MA)",2017,7406889.0
14100,"Bloomsburg-Berwick, PA (MA)",2017,4409987.0
14260,"Boise City, ID (MA)",2017,32266790.0
14460,"Boston-Cambridge-Newton, MA-NH (MA)",2017,433844401.0
14500,"Boulder, CO (MA)",2017,26255861.0
14540,"Bowling Green, KY (MA)",2017,7184469.0
14740,"Bremerton-Silverdale-Port Orchard, WA (MA)",2017,11972570.0
14860,"Bridgeport-Stamford-Norwalk, CT (MA)",2017,91838477.0
15180,"Brownsville-Harlingen, TX (MA)",2017,10734203.0
15260,"Brunswick, GA (MA)",2017,4534646.0
15380,"Buffalo-Cheektowaga, NY (MA)",2017,66331075.0
15500,"Burlington, NC (MA)",2017,6087842.0
15540,"Burlington-South Burlington, VT (MA)",2017,13704166.0
15680,"California-Lexington Park, MD (MA)",2017,7354343.0
15940,"Canton-Massillon, OH (MA)",2017,18122356.0
15980,"Cape Coral-Fort Myers, FL (MA)",2017,31283529.0
16020,"Cape Girardeau, MO-IL (MA)",2017,4326578.0
16060,"Carbondale-Marion, IL (MA)",2017,5592572.0
16180,"Carson City, NV (MA)",2017,3397457.0
16220,"Casper, WY (MA)",2017,5594566.0
16300,"Cedar Rapids, IA (MA)",2017,18322704.0
16540,"Chambersburg-Waynesboro, PA (MA)",2017,6302357.0
16580,"Champaign-Urbana, IL (MA)",2017,11567426.0
16620,"Charleston, WV (MA)",2017,12811681.0
16700,"Charleston-North Charleston, SC (MA)",2017,41712863.0
16740,"Charlotte-Concord-Gastonia, NC-SC (MA)",2017,168119917.0
16820,"Charlottesville, VA (MA)",2017,13408130.0
16860,"Chattanooga, TN-GA (MA)",2017,29616001.0
16940,"Cheyenne, WY (MA)",2017,5428708.0
16980,"Chicago-Naperville-Elgin, IL-IN-WI (MA)",2017,674568186.0
17020,"Chico, CA (MA)",2017,9181452.0
17140,"Cincinnati, OH-KY-IN (MA)",2017,145242197.0
17300,"Clarksville, TN-KY (MA)",2017,12303121.0
17420,"Cleveland, TN (MA)",2017,4678425.0
17460,"Cleveland-Elyria, OH (MA)",2017,128644607.0
17660,"Coeur d'Alene, ID (MA)",2017,6045951.0
17780,"College Station-Bryan, TX (MA)",2017,12461621.0
17820,"Colorado Springs, CO (MA)",2017,35086959.0
17860,"Columbia, MO (MA)",2017,9957674.0
17900,"Columbia, SC (MA)",2017,41010232.0
17980,"Columbus, GA-AL (MA)",2017,14601270.0
18020,"Columbus, IN (MA)",2017,6366981.0
18140,"Columbus, OH (MA)",2017,129945459.0
18580,"Corpus Christi, TX (MA)",2017,21073008.0
18700,"Corvallis, OR (MA)",2017,4318847.0
18880,"Crestview-Fort Walton Beach-Destin, FL (MA)",2017,14385761.0
19060,"Cumberland, MD-WV (MA)",2017,3790007.0
19100,"Dallas-Fort Worth-Arlington, TX (MA)",2017,483732021.0
19140,"Dalton, GA (MA)",2017,6885582.0
19180,"Danville, IL (MA)",2017,3203166.0
19300,"Daphne-Fairhope-Foley, AL (MA)",2017,7382558.0
19340,"Davenport-Moline-Rock Island, IA-IL (MA)",2017,21554709.0
19430,"Dayton-Kettering, OH (MA)",2017,42546733.0
19460,"Decatur, AL (MA)",2017,6090215.0
19500,"Decatur, IL (MA)",2017,6950487.0
19660,"Deltona-Daytona Beach-Ormond Beach, FL (MA)",2017,20582041.0
19740,"Denver-Aurora-Lakewood, CO (MA)",2017,202210170.0
19780,"Des Moines-West Des Moines, IA (MA)",2017,51811153.0
19820,"Detroit-Warren-Dearborn, MI (MA)",2017,256207316.0
20020,"Dothan, AL (MA)",2017,6355776.0
20100,"Dover, DE (MA)",2017,7633026.0
20220,"Dubuque, IA (MA)",2017,6389591.0
20260,"Duluth, MN-WI (MA)",2017,13554938.0
20500,"Durham-Chapel Hill, NC (MA)",2017,46431099.0
20700,"East Stroudsburg, PA (MA)",2017,7597383.0
20740,"Eau Claire, WI (MA)",2017,8949759.0
20940,"El Centro, CA (MA)",2017,8039122.0
21060,"Elizabethtown-Fort Knox, KY (MA)",2017,5939236.0
21140,"Elkhart-Goshen, IN (MA)",2017,16441996.0
21300,"Elmira, NY (MA)",2017,3691136.0
21340,"El Paso, TX (MA)",2017,30409532.0
21420,"Enid, OK (MA)",2017,2849100.0
21500,"Erie, PA (MA)",2017,11500326.0
21660,"Eugene-Springfield, OR (MA)",2017,15867405.0
21780,"Evansville, IN-KY (MA)",2017,17861300.0
21820,"Fairbanks, AK (MA)",2017,5765988.0
22020,"Fargo, ND-MN (MA)",2017,14963357.0
22140,"Farmington, NM (MA)",2017,5756828.0
22180,"Fayetteville, NC (MA)",2017,20429752.0
22220,"Fayetteville-Springdale-Rogers, AR (MA)",2017,26264981.0
22380,"Flagstaff, AZ (MA)",2017,7898455.0
22420,"Flint, MI (MA)",2017,15931552.0
22500,"Florence, SC (MA)",2017,9628359.0
22520,"Florence-Muscle Shoals, AL (MA)",2017,5105162.0
22540,"Fond du Lac, WI (MA)",2017,5100413.0
22660,"Fort Collins, CO (MA)",2017,18593761.0
22900,"Fort Smith, AR-OK (MA)",2017,9252836.0
23060,"Fort Wayne, IN (MA)",2017,22444587.0
23420,"Fresno, CA (MA)",2017,42568888.0
23460,"Gadsden, AL (MA)",2017,3095515.0
23540,"Gainesville, FL (MA)",2017,14483506.0
23580,"Gainesville, GA (MA)",2017,10517593.0
23900,"Gettysburg, PA (MA)",2017,4038383.0
24020,"Glens Falls, NY (MA)",2017,6115481.0
24140,"Goldsboro, NC (MA)",2017,4893997.0
24220,"Grand Forks, ND-MN (MA)",2017,5409304.0
24260,"Grand Island, NE (MA)",2017,4050138.0
24300,"Grand Junction, CO (MA)",2017,6404009.0
24340,"Grand Rapids-Kentwood, MI (MA)",2017,58890732.0
24420,"Grants Pass, OR (MA)",2017,2650085.0
24500,"Great Falls, MT (MA)",2017,3715757.0
24540,"Greeley, CO (MA)",2017,18534036.0
24580,"Green Bay, WI (MA)",2017,20005038.0
24660,"Greensboro-High Point, NC (MA)",2017,41215571.0
24780,"Greenville, NC (MA)",2017,9658131.0
24860,"Greenville-Anderson, SC (MA)",2017,43798842.0
25060,"Gulfport-Biloxi, MS (MA)",2017,17329568.0
25180,"Hagerstown-Martinsburg, MD-WV (MA)",2017,11326919.0
25220,"Hammond, LA (MA)",2017,4086210.0
25260,"Hanford-Corcoran, CA (MA)",2017,6443298.0
25420,"Harrisburg-Carlisle, PA (MA)",2017,38684588.0
25500,"Harrisonburg, VA (MA)",2017,7664982.0
25540,"Hartford-East Hartford-Middletown, CT (MA)",2017,100616750.0
25620,"Hattiesburg, MS (MA)",2017,6262313.0
25860,"Hickory-Lenoir-Morganton, NC (MA)",2017,15103484.0
25940,"Hilton Head Island-Bluffton, SC (MA)",2017,8876622.0
25980,"Hinesville, GA (MA)",2017,3790848.0
26140,"Homosassa Springs, FL (MA)",2017,3704389.0
26300,"Hot Springs, AR (MA)",2017,3297461.0
26380,"Houma-Thibodaux, LA (MA)",2017,9241061.0
26420,"Houston-The Woodlands-Sugar Land, TX (MA)",2017,470676136.0
26580,"Huntington-Ashland, WV-KY-OH (MA)",2017,14669576.0
26620,"Huntsville, AL (MA)",2017,27520607.0
26820,"Idaho Falls, ID (MA)",2017,7361547.0
26900,"Indianapolis-Carmel-Anderson, IN (MA)",2017,135881902.0
26980,"Iowa City, IA (MA)",2017,10820185.0
27060,"Ithaca, NY (MA)",2017,6140234.0
27100,"Jackson, MI (MA)",2017,5986766.0
27140,"Jackson, MS (MA)",2017,27649880.0
27180,"Jackson, TN (MA)",2017,8258298.0
27260,"Jacksonville, FL (MA)",2017,80341696.0
27340,"Jacksonville, NC (MA)",2017,8335011.0
27500,"Janesville-Beloit, WI (MA)",2017,6935931.0
27620,"Jefferson City, MO (MA)",2017,7593521.0
27740,"Johnson City, TN (MA)",2017,7311684.0
27780,"Johnstown, PA (MA)",2017,4692840.0
27860,"Jonesboro, AR (MA)",2017,5105989.0
27900,"Joplin, MO (MA)",2017,7558956.0
27980,"Kahului-Wailuku-Lahaina, HI (MA)",2017,9606468.0
28020,"Kalamazoo-Portage, MI (MA)",2017,13678676.0
28100,"Kankakee, IL (MA)",2017,5940652.0
28140,"Kansas City, MO-KS (MA)",2017,133753933.0
28420,"Kennewick-Richland, WA (MA)",2017,14688220.0
28660,"Killeen-Temple, TX (MA)",2017,18366880.0
28700,"Kingsport-Bristol, TN-VA (MA)",2017,13292994.0
28740,"Kingston, NY (MA)",2017,7233714.0
28940,"Knoxville, TN (MA)",2017,43011276.0
29020,"Kokomo, IN (MA)",2017,4279358.0
29100,"La Crosse-Onalaska, WI-MN (MA)",2017,7962972.0
29180,"Lafayette, LA (MA)",2017,21115560.0
29200,"Lafayette-West Lafayette, IN (MA)",2017,11076645.0
29340,"Lake Charles, LA (MA)",2017,16643123.0
29420,"Lake Havasu City-Kingman, AZ (MA)",2017,5323399.0
29460,"Lakeland-Winter Haven, FL (MA)",2017,25742485.0
29540,"Lancaster, PA (MA)",2017,28779773.0
29620,"Lansing-East Lansing, MI (MA)",2017,25569757.0
29700,"Laredo, TX (MA)",2017,11313473.0
29740,"Las Cruces, NM (MA)",2017,7305489.0
29820,"Las Vegas-Henderson-Paradise, NV (MA)",2017,116332382.0
29940,"Lawrence, KS (MA)",2017,4987674.0
30020,"Lawton, OK (MA)",2017,5191990.0
30140,"Lebanon, PA (MA)",2017,5749659.0
30300,"Lewiston, ID-WA (MA)",2017,2618835.0
30340,"Lewiston-Auburn, ME (MA)",2017,4503370.0
30460,"Lexington-Fayette, KY (MA)",2017,28671245.0
30620,"Lima, OH (MA)",2017,7711921.0
30700,"Lincoln, NE (MA)",2017,19552170.0
30780,"Little Rock-North Little Rock-Conway, AR (MA)",2017,36515427.0
30860,"Logan, UT-ID (MA)",2017,5665636.0
30980,"Longview, TX (MA)",2017,14585371.0
31020,"Longview, WA (MA)",2017,4700051.0
31080,"Los Angeles-Long Beach-Anaheim, CA (MA)",2017,965279922.0
31140,"Louisville/Jefferson County, KY-IN (MA)",2017,70802465.0
31180,"Lubbock, TX (MA)",2017,13659578.0
31340,"Lynchburg, VA (MA)",2017,10060609.0
31420,"Macon-Bibb County, GA (MA)",2017,10845986.0
31460,"Madera, CA (MA)",2017,6023623.0
31540,"Madison, WI (MA)",2017,47412823.0
31700,"Manchester-Nashua, NH (MA)",2017,25959140.0
31740,"Manhattan, KS (MA)",2017,7189918.0
31860,"Mankato, MN (MA)",2017,5561722.0
31900,"Mansfield, OH (MA)",2017,4544336.0
32580,"McAllen-Edinburg-Mission, TX (MA)",2017,20721197.0
32780,"Medford, OR (MA)",2017,9087979.0
32820,"Memphis, TN-MS-AR (MA)",2017,75341736.0
32900,"Merced, CA (MA)",2017,9136656.0
33100,"Miami-Fort Lauderdale-Pompano Beach, FL (MA)",2017,346955899.0
33140,"Michigan City-La Porte, IN (MA)",2017,4105788.0
33220,"Midland, MI (MA)",2017,5482023.0
33260,"Midland, TX (MA)",2017,21889250.0
33340,"Milwaukee-Waukesha, WI (MA)",2017,99281237.0
33460,"Minneapolis-St. Paul-Bloomington, MN-WI (MA)",2017,257849094.0
33540,"Missoula, MT (MA)",2017,5530699.0
33660,"Mobile, AL (MA)",2017,20576160.0
33700,"Modesto, CA (MA)",2017,22191928.0
33740,"Monroe, LA (MA)",2017,8330804.0
33780,"Monroe, MI (MA)",2017,5999722.0
33860,"Montgomery, AL (MA)",2017,18161538.0
34060,"Morgantown, WV (MA)",2017,7846985.0
34100,"Morristown, TN (MA)",2017,5112106.0
34580,"Mount Vernon-Anacortes, WA (MA)",2017,6537005.0
34620,"Muncie, IN (MA)",2017,4030138.0
34740,"Muskegon, MI (MA)",2017,5986522.0
34820,"Myrtle Beach-Conway-North Myrtle Beach, SC-NC (MA)",2017,17915888.0
34900,"Napa, CA (MA)",2017,10996519.0
34940,"Naples-Marco Island, FL (MA)",2017,18972217.0
34980,"Nashville-Davidson--Murfreesboro--Franklin, TN (MA)",2017,130549166.0
35100,"New Bern, NC (MA)",2017,5397061.0
35300,"New Haven-Milford, CT (MA)",2017,49698505.0
35380,"New Orleans-Metairie, LA (MA)",2017,78225064.0
35620,"New York-Newark-Jersey City, NY-NJ-PA (MA)",2017,1714074302.0
35660,"Niles, MI (MA)",2017,7684118.0
35840,"North Port-Sarasota-Bradenton, FL (MA)",2017,34411905.0
35980,"Norwich-New London, CT (MA)",2017,18942592.0
36100,"Ocala, FL (MA)",2017,9763722.0
36140,"Ocean City, NJ (MA)",2017,5398534.0
36220,"Odessa, TX (MA)",2017,10478298.0
36260,"Ogden-Clearfield, UT (MA)",2017,27303694.0
36420,"Oklahoma City, OK (MA)",2017,74418907.0
36500,"Olympia-Lacey-Tumwater, WA (MA)",2017,12907242.0
36540,"Omaha-Council Bluffs, NE-IA (MA)",2017,64329518.0
36740,"Orlando-Kissimmee-Sanford, FL (MA)",2017,136223280.0
36780,"Oshkosh-Neenah, WI (MA)",2017,10256853.0
36980,"Owensboro, KY (MA)",2017,5844583.0
37100,"Oxnard-Thousand Oaks-Ventura, CA (MA)",2017,50165884.0
37340,"Palm Bay-Melbourne-Titusville, FL (MA)",2017,24133063.0
37460,"Panama City, FL (MA)",2017,8391383.0
37620,"Parkersburg-Vienna, WV (MA)",2017,3610428.0
37860,"Pensacola-Ferry Pass-Brent, FL (MA)",2017,20210863.0
37900,"Peoria, IL (MA)",2017,21777992.0
37980,"Philadelphia-Camden-Wilmington, PA-NJ-DE-MD (MA)",2017,425373943.0
38060,"Phoenix-Mesa-Chandler, AZ (MA)",2017,246068032.0
38220,"Pine Bluff, AR (MA)",2017,3510237.0
38300,"Pittsburgh, PA (MA)",2017,150697726.0
38340,"Pittsfield, MA (MA)",2017,7025430.0
38540,"Pocatello, ID (MA)",2017,3168627.0
38860,"Portland-South Portland, ME (MA)",2017,31325495.0
38900,"Portland-Vancouver-Hillsboro, OR-WA (MA)",2017,155831974.0
38940,"Port St. Lucie, FL (MA)",2017,16744001.0
39100,"Poughkeepsie-Newburgh-Middletown, NY (MA)",2017,32061816.0
39150,"Prescott Valley-Prescott, AZ (MA)",2017,7229041.0
39300,"Providence-Warwick, RI-MA (MA)",2017,84627951.0
39340,"Provo-Orem, UT (MA)",2017,25475443.0
39380,"Pueblo, CO (MA)",2017,5971695.0
39460,"Punta Gorda, FL (MA)",2017,5181236.0
39540,"Racine, WI (MA)",2017,8168961.0
39580,"Raleigh-Cary, NC (MA)",2017,84942031.0
39660,"Rapid City, SD (MA)",2017,6285618.0
39740,"Reading, PA (MA)",2017,20118171.0
39820,"Redding, CA (MA)",2017,8147396.0
39900,"Reno, NV (MA)",2017,29361104.0
40060,"Richmond, VA (MA)",2017,84500969.0
40140,"Riverside-San Bernardino-Ontario, CA (MA)",2017,171203284.0
40220,"Roanoke, VA (MA)",2017,15918924.0
40340,"Rochester, MN (MA)",2017,13102093.0
40380,"Rochester, NY (MA)",2017,61031225.0
40420,"Rockford, IL (MA)",2017,15826773.0
40580,"Rocky Mount, NC (MA)",2017,7016832.0
40660,"Rome, GA (MA)",2017,4173443.0
40900,"Sacramento-Roseville-Folsom, CA (MA)",2017,131157393.0
40980,"Saginaw, MI (MA)",2017,8198898.0
41060,"St. Cloud, MN (MA)",2017,10581206.0
41100,"St. George, UT (MA)",2017,6234717.0
41140,"St. Joseph, MO-KS (MA)",2017,6080876.0
41180,"St. Louis, MO-IL (MA)",2017,164415211.0
41420,"Salem, OR (MA)",2017,17085587.0
41500,"Salinas, CA (MA)",2017,25923476.0
41540,"Salisbury, MD-DE (MA)",2017,21115455.0
41620,"Salt Lake City, UT (MA)",2017,91954184.0
41660,"San Angelo, TX (MA)",2017,6333829.0
41700,"San Antonio-New Braunfels, TX (MA)",2017,118925670.0
41740,"San Diego-Chula Vista-Carlsbad, CA (MA)",2017,224767520.0
41860,"San Francisco-Oakland-Berkeley, CA (MA)",2017,526582864.0
41940,"San Jose-Sunnyvale-Santa Clara, CA (MA)",2017,282663484.0
42020,"San Luis Obispo-Paso Robles, CA (MA)",2017,16779957.0
42100,"Santa Cruz-Watsonville, CA (MA)",2017,13941610.0
42140,"Santa Fe, NM (MA)",2017,6940839.0
42200,"Santa Maria-Santa Barbara, CA (MA)",2017,27474155.0
42220,"Santa Rosa-Petaluma, CA (MA)",2017,28853518.0
42340,"Savannah, GA (MA)",2017,21178366.0
42540,"Scranton--Wilkes-Barre, PA (MA)",2017,26658860.0
42660,"Seattle-Tacoma-Bellevue, WA (MA)",2017,368193333.0
42680,"Sebastian-Vero Beach, FL (MA)",2017,6355422.0
42700,"Sebring-Avon Park, FL (MA)",2017,2482118.0
43100,"Sheboygan, WI (MA)",2017,7028622.0
43300,"Sherman-Denison, TX (MA)",2017,4703414.0
43340,"Shreveport-Bossier City, LA (MA)",2017,20077806.0
43420,"Sierra Vista-Douglas, AZ (MA)",2017,4585054.0
43580,"Sioux City, IA-NE-SD (MA)",2017,8106261.0
43620,"Sioux Falls, SD (MA)",2017,22154738.0
43780,"South Bend-Mishawaka, IN-MI (MA)",2017,14674694.0
43900,"Spartanburg, SC (MA)",2017,14976954.0
44060,"Spokane-Spokane Valley, WA (MA)",2017,25479986.0
44100,"Springfield, IL (MA)",2017,11297434.0
44140,"Springfield, MA (MA)",2017,32559931.0
44180,"Springfield, MO (MA)",2017,19677536.0
44220,"Springfield, OH (MA)",2017,4661428.0
44300,"State College, PA (MA)",2017,8878239.0
44420,"Staunton, VA (MA)",2017,5064115.0
44700,"Stockton, CA (MA)",2017,29141656.0
44940,"Sumter, SC (MA)",2017,4688263.0
45060,"Syracuse, NY (MA)",2017,39834482.0
45220,"Tallahassee, FL (MA)",2017,17109018.0
45300,"Tampa-St. Petersburg-Clearwater, FL (MA)",2017,152661007.0
45460,"Terre Haute, IN (MA)",2017,7517874.0
45500,"Texarkana, TX-AR (MA)",2017,5453731.0
45540,"The Villages, FL (MA)",2017,3208200.0
45780,"Toledo, OH (MA)",2017,35347722.0
45820,"Topeka, KS (MA)",2017,11518399.0
45940,"Trenton-Princeton, NJ (MA)",2017,32454071.0
46060,"Tucson, AZ (MA)",2017,42330595.0
46140,"Tulsa, OK (MA)",2017,51636504.0
46220,"Tuscaloosa, AL (MA)",2017,11192692.0
46300,"Twin Falls, ID (MA)",2017,4697778.0
46340,"Tyler, TX (MA)",2017,10500988.0
46520,"Urban Honolulu, HI (MA)",2017,65758319.0
46540,"Utica-Rome, NY (MA)",2017,12412079.0
46660,"Valdosta, GA (MA)",2017,5414001.0
46700,"Vallejo, CA (MA)",2017,22725056.0
47020,"Victoria, TX (MA)",2017,4562994.0
47220,"Vineland-Bridgeton, NJ (MA)",2017,6267992.0
47260,"Virginia Beach-Norfolk-Newport News, VA-NC (MA)",2017,94944863.0
47300,"Visalia, CA (MA)",2017,17426838.0
47380,"Waco, TX (MA)",2017,12732714.0
47460,"Walla Walla, WA (MA)",2017,3407116.0
47580,"Warner Robins, GA (MA)",2017,7641333.0
47900,"Washington-Arlington-Alexandria, DC-VA-MD-WV (MA)",2017,528925008.0
47940,"Waterloo-Cedar Falls, IA (MA)",2017,9420056.0
48060,"Watertown-Fort Drum, NY (MA)",2017,6422238.0
48140,"Wausau-Weston, WI (MA)",2017,9711554.0
48260,"Weirton-Steubenville, WV-OH (MA)",2017,5267564.0
48300,"Wenatchee, WA (MA)",2017,6353998.0
48540,"Wheeling, WV-OH (MA)",2017,9583402.0
48620,"Wichita, KS (MA)",2017,35871059.0
48660,"Wichita Falls, TX (MA)",2017,5924040.0
48700,"Williamsport, PA (MA)",2017,5836494.0
48900,"Wilmington, NC (MA)",2017,14061718.0
49020,"Winchester, VA-WV (MA)",2017,6864875.0
49180,"Winston-Salem, NC (MA)",2017,34907504.0
49340,"Worcester, MA-CT (MA)",2017,47239000.0
49420,"Yakima, WA (MA)",2017,9986455.0
49620,"York-Hanover, PA (MA)",2017,21304241.0
49660,"Youngstown-Warren-Boardman, OH-PA (MA)",2017,20570339.0
49700,"Yuba City, CA (MA)",2017,6342091.0
49740,"Yuma, AZ (MA)",2017,7543432.0
10180,"Abilene, TX (MA)",2018,7141273.0
10420,"Akron, OH (MA)",2018,36883382.0
10500,"Albany, GA (MA)",2018,5702355.0
10540,"Albany-Lebanon, OR (MA)",2018,4802294.0
10580,"Albany-Schenectady-Troy, NY (MA)",2018,61119269.0
10740,"Albuquerque, NM (MA)",2018,42671307.0
10780,"Alexandria, LA (MA)",2018,6161095.0
10900,"Allentown-Bethlehem-Easton, PA-NJ (MA)",2018,44764523.0
11020,"Altoona, PA (MA)",2018,5944931.0
11100,"Amarillo, TX (MA)",2018,13439341.0
11180,"Ames, IA (MA)",2018,6563479.0
11260,"Anchorage, AK (MA)",2018,26029809.0
11460,"Ann Arbor, MI (MA)",2018,24649772.0
11500,"Anniston-Oxford, AL (MA)",2018,4342966.0
11540,"Appleton, WI (MA)",2018,14241692.0
11700,"Asheville, NC (MA)",2018,20527515.0
12020,"Athens-Clarke County, GA (MA)",2018,10330759.0
12060,"Atlanta-Sandy Springs-Alpharetta, GA (MA)",2018,413028711.0
12100,"Atlantic City-Hammonton, NJ (MA)",2018,13616155.0
12220,"Auburn-Opelika, AL (MA)",2018,6112260.0
12260,"Augusta-Richmond County, GA-SC (MA)",2018,27499759.0
12420,"Austin-Round Rock-Georgetown, TX (MA)",2018,149306992.0
12540,"Bakersfield, CA (MA)",2018,43894460.0
12580,"Baltimore-Columbia-Towson, MD (MA)",2018,200409767.0
12620,"Bangor, ME (MA)",2018,6599941.0
12700,"Barnstable Town, MA (MA)",2018,13042121.0
12940,"Baton Rouge, LA (MA)",2018,55749428.0
12980,"Battle Creek, MI (MA)",2018,6467348.0
13020,"Bay City, MI (MA)",2018,3631822.0
13140,"Beaumont-Port Arthur, TX (MA)",2018,25657246.0
13220,"Beckley, WV (MA)",2018,4064980.0
13380,"Bellingham, WA (MA)",2018,12557637.0
13460,"Bend, OR (MA)",2018,9881699.0
13740,"Billings, MT (MA)",2018,10293847.0
13780,"Binghamton, NY (MA)",2018,10788110.0
13820,"Birmingham-Hoover, AL (MA)",2018,61853013.0
13900,"Bismarck, ND (MA)",2018,7518448.0
13980,"Blacksburg-Christiansburg, VA (MA)",2018,7365216.0
14010,"Bloomington, IL (MA)",2018,14530626.0
14020,"Bloomington, IN (MA)",2018,7670488.0
14100,"Bloomsburg-Berwick, PA (MA)",2018,4390928.0
14260,"Boise City, ID (MA)",2018,34798490.0
14460,"Boston-Cambridge-Newton, MA-NH (MA)",2018,451335935.0
14500,"Boulder, CO (MA)",2018,27218834.0
14540,"Bowling Green, KY (MA)",2018,7130833.0
14740,"Bremerton-Silverdale-Port Orchard, WA (MA)",2018,12262750.0
14860,"Bridgeport-Stamford-Norwalk, CT (MA)",2018,90874828.0
15180,"Brownsville-Harlingen, TX (MA)",2018,10950425.0
15260,"Brunswick, GA (MA)",2018,4697516.0
15380,"Buffalo-Cheektowaga, NY (MA)",2018,66983121.0
15500,"Burlington, NC (MA)",2018,6124774.0
15540,"Burlington-South Burlington, VT (MA)",2018,13933008.0
15680,"California-Lexington Park, MD (MA)",2018,7391917.0
15940,"Canton-Massillon, OH (MA)",2018,17881022.0
15980,"Cape Coral-Fort Myers, FL (MA)",2018,32564768.0
16020,"Cape Girardeau, MO-IL (MA)",2018,4420708.0
16060,"Carbondale-Marion, IL (MA)",2018,5744517.0
16180,"Carson City, NV (MA)",2018,3474293.0
16220,"Casper, WY (MA)",2018,5920361.0
16300,"Cedar Rapids, IA (MA)",2018,18657739.0
16540,"Chambersburg-Waynesboro, PA (MA)",2018,6400028.0
16580,"Champaign-Urbana, IL (MA)",2018,11476322.0
16620,"Charleston, WV (MA)",2018,13532732.0
16700,"Charleston-North Charleston, SC (MA)",2018,43397855.0
16740,"Charlotte-Concord-Gastonia, NC-SC (MA)",2018,171575711.0
16820,"Charlottesville, VA (MA)",2018,13679393.0
16860,"Chattanooga, TN-GA (MA)",2018,29878030.0
16940,"Cheyenne, WY (MA)",2018,5727043.0
16980,"Chicago-Naperville-Elgin, IL-IN-WI (MA)",2018,691185754.0
17020,"Chico, CA (MA)",2018,9272932.0
17140,"Cincinnati, OH-KY-IN (MA)",2018,145312363.0
17300,"Clarksville, TN-KY (MA)",2018,12435834.0
17420,"Cleveland, TN (MA)",2018,4720435.0
17460,"Cleveland-Elyria, OH (MA)",2018,130644968.0
17660,"Coeur d'Alene, ID (MA)",2018,6422914.0
17780,"College Station-Bryan, TX (MA)",2018,12996849.0
17820,"Colorado Springs, CO (MA)",2018,36241661.0
17860,"Columbia, MO (MA)",2018,10019553.0
17900,"Columbia, SC (MA)",2018,41651691.0
17980,"Columbus, GA-AL (MA)",2018,14626897.0
18020,"Columbus, IN (MA)",2018,6845733.0
18140,"Columbus, OH (MA)",2018,131537720.0
18580,"Corpus Christi, TX (MA)",2018,21758642.0
18700,"Corvallis, OR (MA)",2018,4519396.0
18880,"Crestview-Fort Walton Beach-Destin, FL (MA)",2018,14991042.0
19060,"Cumberland, MD-WV (MA)",2018,3852561.0
19100,"Dallas-Fort Worth-Arlington, TX (MA)",2018,506219605.0
19140,"Dalton, GA (MA)",2018,6843613.0
19180,"Danville, IL (MA)",2018,3211115.0
19300,"Daphne-Fairhope-Foley, AL (MA)",2018,7758980.0
19340,"Davenport-Moline-Rock Island, IA-IL (MA)",2018,21409425.0
19430,"Dayton-Kettering, OH (MA)",2018,43183270.0
19460,"Decatur, AL (MA)",2018,6217087.0
19500,"Decatur, IL (MA)",2018,6752927.0
19660,"Deltona-Daytona Beach-Ormond Beach, FL (MA)",2018,21185572.0
19740,"Denver-Aurora-Lakewood, CO (MA)",2018,211192596.0
19780,"Des Moines-West Des Moines, IA (MA)",2018,51930218.0
19820,"Detroit-Warren-Dearborn, MI (MA)",2018,261548084.0
20020,"Dothan, AL (MA)",2018,6409091.0
20100,"Dover, DE (MA)",2018,7813320.0
20220,"Dubuque, IA (MA)",2018,6378942.0
20260,"Duluth, MN-WI (MA)",2018,13868115.0
20500,"Durham-Chapel Hill, NC (MA)",2018,48726823.0
20700,"East Stroudsburg, PA (MA)",2018,7669423.0
20740,"Eau Claire, WI (MA)",2018,9144818.0
20940,"El Centro, CA (MA)",2018,8000968.0
21060,"Elizabethtown-Fort Knox, KY (MA)",2018,5878170.0
21140,"Elkhart-Goshen, IN (MA)",2018,16607681.0
21300,"Elmira, NY (MA)",2018,3741851.0
21340,"El Paso, TX (MA)",2018,31352307.0
21420,"Enid, OK (MA)",2018,2805923.0
21500,"Erie, PA (MA)",2018,11600425.0
21660,"Eugene-Springfield, OR (MA)",2018,16302256.0
21780,"Evansville, IN-KY (MA)",2018,18372489.0
21820,"Fairbanks, AK (MA)",2018,5667136.0
22020,"Fargo, ND-MN (MA)",2018,15069720.0
22140,"Farmington, NM (MA)",2018,5571010.0
22180,"Fayetteville, NC (MA)",2018,20637146.0
22220,"Fayetteville-Springdale-Rogers, AR (MA)",2018,27042602.0
22380,"Flagstaff, AZ (MA)",2018,7901190.0
22420,"Flint, MI (MA)",2018,16335674.0
22500,"Florence, SC (MA)",2018,9651397.0
22520,"Florence-Muscle Shoals, AL (MA)",2018,5215298.0
22540,"Fond du Lac, WI (MA)",2018,5214222.0
22660,"Fort Collins, CO (MA)",2018,19479555.0
22900,"Fort Smith, AR-OK (MA)",2018,9477180.0
23060,"Fort Wayne, IN (MA)",2018,23295008.0
23420,"Fresno, CA (MA)",2018,43779278.0
23460,"Gadsden, AL (MA)",2018,3131025.0
23540,"Gainesville, FL (MA)",2018,14965419.0
23580,"Gainesville, GA (MA)",2018,11029043.0
23900,"Gettysburg, PA (MA)",2018,3939119.0
24020,"Glens Falls, NY (MA)",2018,6111027.0
24140,"Goldsboro, NC (MA)",2018,4869720.0
24220,"Grand Forks, ND-MN (MA)",2018,5431145.0
24260,"Grand Island, NE (MA)",2018,4106450.0
24300,"Grand Junction, CO (MA)",2018,6686313.0
24340,"Grand Rapids-Kentwood, MI (MA)",2018,60849854.0
24420,"Grants Pass, OR (MA)",2018,2764830.0
24500,"Great Falls, MT (MA)",2018,3765477.0
24540,"Greeley, CO (MA)",2018,20592662.0
24580,"Green Bay, WI (MA)",2018,20648388.0
24660,"Greensboro-High Point, NC (MA)",2018,41409745.0
24780,"Greenville, NC (MA)",2018,9399113.0
24860,"Greenville-Anderson, SC (MA)",2018,45521410.0
25060,"Gulfport-Biloxi, MS (MA)",2018,16998219.0
25180,"Hagerstown-Martinsburg, MD-WV (MA)",2018,11663887.0
25220,"Hammond, LA (MA)",2018,4096259.0
25260,"Hanford-Corcoran, CA (MA)",2018,6336899.0
25420,"Harrisburg-Carlisle, PA (MA)",2018,39391581.0
25500,"Harrisonburg, VA (MA)",2018,7859692.0
25540,"Hartford-East Hartford-Middletown, CT (MA)",2018,100887989.0
25620,"Hattiesburg, MS (MA)",2018,6249222.0
25860,"Hickory-Lenoir-Morganton, NC (MA)",2018,14923589.0
25940,"Hilton Head Island-Bluffton, SC (MA)",2018,9319395.0
25980,"Hinesville, GA (MA)",2018,3833459.0
26140,"Homosassa Springs, FL (MA)",2018,3890477.0
26300,"Hot Springs, AR (MA)",2018,3379134.0
26380,"Houma-Thibodaux, LA (MA)",2018,9579891.0
26420,"Houston-The Woodlands-Sugar Land, TX (MA)",2018,491166782.0
26580,"Huntington-Ashland, WV-KY-OH (MA)",2018,15381602.0
26620,"Huntsville, AL (MA)",2018,28602244.0
26820,"Idaho Falls, ID (MA)",2018,8111156.0
26900,"Indianapolis-Carmel-Anderson, IN (MA)",2018,140736192.0
26980,"Iowa City, IA (MA)",2018,10918793.0
27060,"Ithaca, NY (MA)",2018,6184849.0
27100,"Jackson, MI (MA)",2018,6319957.0
27140,"Jackson, MS (MA)",2018,27640828.0
27180,"Jackson, TN (MA)",2018,8289197.0
27260,"Jacksonville, FL (MA)",2018,82993748.0
27340,"Jacksonville, NC (MA)",2018,8412503.0
27500,"Janesville-Beloit, WI (MA)",2018,7300585.0
27620,"Jefferson City, MO (MA)",2018,7670253.0
27740,"Johnson City, TN (MA)",2018,7446435.0
27780,"Johnstown, PA (MA)",2018,4697005.0
27860,"Jonesboro, AR (MA)",2018,5234530.0
27900,"Joplin, MO (MA)",2018,7656330.0
27980,"Kahului-Wailuku-Lahaina, HI (MA)",2018,10183573.0
28020,"Kalamazoo-Portage, MI (MA)",2018,14546835.0
28100,"Kankakee, IL (MA)",2018,6332562.0
28140,"Kansas City, MO-KS (MA)",2018,136390868.0
28420,"Kennewick-Richland, WA (MA)",2018,15221366.0
28660,"Killeen-Temple, TX (MA)",2018,18495677.0
28700,"Kingsport-Bristol, TN-VA (MA)",2018,13679790.0
28740,"Kingston, NY (MA)",2018,7326583.0
28940,"Knoxville, TN (MA)",2018,44070389.0
29020,"Kokomo, IN (MA)",2018,4391576.0
29100,"La Crosse-Onalaska, WI-MN (MA)",2018,8098515.0
29180,"Lafayette, LA (MA)",2018,22041983.0
29200,"Lafayette-West Lafayette, IN (MA)",2018,11727598.0
29340,"Lake Charles, LA (MA)",2018,16397626.0
29420,"Lake Havasu City-Kingman, AZ (MA)",2018,5437354.0
29460,"Lakeland-Winter Haven, FL (MA)",2018,26450032.0
29540,"Lancaster, PA (MA)",2018,29307162.0
29620,"Lansing-East Lansing, MI (MA)",2018,26063562.0
29700,"Laredo, TX (MA)",2018,10859468.0
29740,"Las Cruces, NM (MA)",2018,7447694.0
29820,"Las Vegas-Henderson-Paradise, NV (MA)",2018,122721414.0
29940,"Lawrence, KS (MA)",2018,5123305.0
30020,"Lawton, OK (MA)",2018,5143664.0
30140,"Lebanon, PA (MA)",2018,5825113.0
30300,"Lewiston, ID-WA (MA)",2018,2610148.0
30340,"Lewiston-Auburn, ME (MA)",2018,4703346.0
30460,"Lexington-Fayette, KY (MA)",2018,29465225.0
30620,"Lima, OH (MA)",2018,8163264.0
30700,"Lincoln, NE (MA)",2018,19940034.0
30780,"Little Rock-North Little Rock-Conway, AR (MA)",2018,37072057.0
30860,"Logan, UT-ID (MA)",2018,6169276.0
30980,"Longview, TX (MA)",2018,15385350.0
31020,"Longview, WA (MA)",2018,4907501.0
31080,"Los Angeles-Long Beach-Anaheim, CA (MA)",2018,991254189.0
31140,"Louisville/Jefferson County, KY-IN (MA)",2018,71637665.0
31180,"Lubbock, TX (MA)",2018,14001212.0
31340,"Lynchburg, VA (MA)",2018,10501057.0
31420,"Macon-Bibb County, GA (MA)",2018,11030811.0
31460,"Madera, CA (MA)",2018,6027876.0
31540,"Madison, WI (MA)",2018,49252686.0
31700,"Manchester-Nashua, NH (MA)",2018,26455143.0
31740,"Manhattan, KS (MA)",2018,7104990.0
31860,"Mankato, MN (MA)",2018,5646562.0
31900,"Mansfield, OH (MA)",2018,4591106.0
32580,"McAllen-Edinburg-Mission, TX (MA)",2018,21184628.0
32780,"Medford, OR (MA)",2018,9236535.0
32820,"Memphis, TN-MS-AR (MA)",2018,75977096.0
32900,"Merced, CA (MA)",2018,9152693.0
33100,"Miami-Fort Lauderdale-Pompano Beach, FL (MA)",2018,359852689.0
33140,"Michigan City-La Porte, IN (MA)",2018,4231110.0
33220,"Midland, MI (MA)",2018,5520755.0
33260,"Midland, TX (MA)",2018,27561089.0
33340,"Milwaukee-Waukesha, WI (MA)",2018,100842067.0
33460,"Minneapolis-St. Paul-Bloomington, MN-WI (MA)",2018,265734698.0
33540,"Missoula, MT (MA)",2018,5598430.0
33660,"Mobile, AL (MA)",2018,20912705.0
33700,"Modesto, CA (MA)",2018,22810079.0
33740,"Monroe, LA (MA)",2018,8467890.0
33780,"Monroe, MI (MA)",2018,5880549.0
33860,"Montgomery, AL (MA)",2018,18181259.0
34060,"Morgantown, WV (MA)",2018,7912910.0
34100,"Morristown, TN (MA)",2018,5072997.0
34580,"Mount Vernon-Anacortes, WA (MA)",2018,6635744.0
34620,"Muncie, IN (MA)",2018,4096420.0
34740,"Muskegon, MI (MA)",2018,6085095.0
34820,"Myrtle Beach-Conway-North Myrtle Beach, SC-NC (MA)",2018,18299683.0
34900,"Napa, CA (MA)",2018,11046992.0
34940,"Naples-Marco Island, FL (MA)",2018,19603770.0
34980,"Nashville-Davidson--Murfreesboro--Franklin, TN (MA)",2018,134555744.0
35100,"New Bern, NC (MA)",2018,5282920.0
35300,"New Haven-Milford, CT (MA)",2018,50711147.0
35380,"New Orleans-Metairie, LA (MA)",2018,78131482.0
35620,"New York-Newark-Jersey City, NY-NJ-PA (MA)",2018,1766287427.0
35660,"Niles, MI (MA)",2018,7498236.0
35840,"North Port-Sarasota-Bradenton, FL (MA)",2018,36196323.0
35980,"Norwich-New London, CT (MA)",2018,19248308.0
36100,"Ocala, FL (MA)",2018,10173070.0
36140,"Ocean City, NJ (MA)",2018,5417247.0
36220,"Odessa, TX (MA)",2018,12490648.0
36260,"Ogden-Clearfield, UT (MA)",2018,28783152.0
36420,"Oklahoma City, OK (MA)",2018,77046911.0
36500,"Olympia-Lacey-Tumwater, WA (MA)",2018,13734622.0
36540,"Omaha-Council Bluffs, NE-IA (MA)",2018,65706869.0
36740,"Orlando-Kissimmee-Sanford, FL (MA)",2018,141200311.0
36780,"Oshkosh-Neenah, WI (MA)",2018,10515988.0
36980,"Owensboro, KY (MA)",2018,5743200.0
37100,"Oxnard-Thousand Oaks-Ventura, CA (MA)",2018,50754467.0
37340,"Palm Bay-Melbourne-Titusville, FL (MA)",2018,25244764.0
37460,"Panama City, FL (MA)",2018,8572539.0
37620,"Parkersburg-Vienna, WV (MA)",2018,3680020.0
37860,"Pensacola-Ferry Pass-Brent, FL (MA)",2018,20439612.0
37900,"Peoria, IL (MA)",2018,22340533.0
37980,"Philadelphia-Camden-Wilmington, PA-NJ-DE-MD (MA)",2018,432303107.0
38060,"Phoenix-Mesa-Chandler, AZ (MA)",2018,257410455.0
38220,"Pine Bluff, AR (MA)",2018,3436911.0
38300,"Pittsburgh, PA (MA)",2018,154324237.0
38340,"Pittsfield, MA (MA)",2018,7117760.0
38540,"Pocatello, ID (MA)",2018,3222781.0
38860,"Portland-South Portland, ME (MA)",2018,32448041.0
38900,"Portland-Vancouver-Hillsboro, OR-WA (MA)",2018,162729750.0
38940,"Port St. Lucie, FL (MA)",2018,17315295.0
39100,"Poughkeepsie-Newburgh-Middletown, NY (MA)",2018,32619657.0
39150,"Prescott Valley-Prescott, AZ (MA)",2018,7345912.0
39300,"Providence-Warwick, RI-MA (MA)",2018,84716700.0
39340,"Provo-Orem, UT (MA)",2018,27586380.0
39380,"Pueblo, CO (MA)",2018,6176243.0
39460,"Punta Gorda, FL (MA)",2018,5363641.0
39540,"Racine, WI (MA)",2018,8307502.0
39580,"Raleigh-Cary, NC (MA)",2018,89495451.0
39660,"Rapid City, SD (MA)",2018,6389384.0
39740,"Reading, PA (MA)",2018,20374240.0
39820,"Redding, CA (MA)",2018,7889537.0
39900,"Reno, NV (MA)",2018,28776037.0
40060,"Richmond, VA (MA)",2018,86528275.0
40140,"Riverside-San Bernardino-Ontario, CA (MA)",2018,177211054.0
40220,"Roanoke, VA (MA)",2018,16183704.0
40340,"Rochester, MN (MA)",2018,13555688.0
40380,"Rochester, NY (MA)",2018,61352704.0
40420,"Rockford, IL (MA)",2018,16253918.0
40580,"Rocky Mount, NC (MA)",2018,6669395.0
40660,"Rome, GA (MA)",2018,4148705.0
40900,"Sacramento-Roseville-Folsom, CA (MA)",2018,136933816.0
40980,"Saginaw, MI (MA)",2018,8459769.0
41060,"St. Cloud, MN (MA)",2018,10676022.0
41100,"St. George, UT (MA)",2018,6619509.0
41140,"St. Joseph, MO-KS (MA)",2018,5960083.0
41180,"St. Louis, MO-IL (MA)",2018,166573763.0
41420,"Salem, OR (MA)",2018,18039924.0
41500,"Salinas, CA (MA)",2018,26770519.0
41540,"Salisbury, MD-DE (MA)",2018,21627958.0
41620,"Salt Lake City, UT (MA)",2018,97160079.0
41660,"San Angelo, TX (MA)",2018,6668905.0
41700,"San Antonio-New Braunfels, TX (MA)",2018,124531674.0
41740,"San Diego-Chula Vista-Carlsbad, CA (MA)",2018,230518588.0
41860,"San Francisco-Oakland-Berkeley, CA (MA)",2018,560553451.0
41940,"San Jose-Sunnyvale-Santa Clara, CA (MA)",2018,304610321.0
42020,"San Luis Obispo-Paso Robles, CA (MA)",2018,17200943.0
42100,"Santa Cruz-Watsonville, CA (MA)",2018,14363961.0
42140,"Santa Fe, NM (MA)",2018,7088694.0
42200,"Santa Maria-Santa Barbara, CA (MA)",2018,28505410.0
42220,"Santa Rosa-Petaluma, CA (MA)",2018,30213474.0
42340,"Savannah, GA (MA)",2018,21468332.0
42540,"Scranton--Wilkes-Barre, PA (MA)",2018,26778970.0
42660,"Seattle-Tacoma-Bellevue, WA (MA)",2018,395709089.0
42680,"Sebastian-Vero Beach, FL (MA)",2018,6668941.0
42700,"Sebring-Avon Park, FL (MA)",2018,2420183.0
43100,"Sheboygan, WI (MA)",2018,7126252.0
43300,"Sherman-Denison, TX (MA)",2018,4970642.0
43340,"Shreveport-Bossier City, LA (MA)",2018,20687072.0
43420,"Sierra Vista-Douglas, AZ (MA)",2018,4589727.0
43580,"Sioux City, IA-NE-SD (MA)",2018,8464099.0
43620,"Sioux Falls, SD (MA)",2018,21889463.0
43780,"South Bend-Mishawaka, IN-MI (MA)",2018,15340527.0
43900,"Spartanburg, SC (MA)",2018,15365922.0
44060,"Spokane-Spokane Valley, WA (MA)",2018,26764528.0
44100,"Springfield, IL (MA)",2018,11623760.0
44140,"Springfield, MA (MA)",2018,32901263.0
44180,"Springfield, MO (MA)",2018,20071555.0
44220,"Springfield, OH (MA)",2018,4620583.0
44300,"State College, PA (MA)",2018,8807131.0
44420,"Staunton, VA (MA)",2018,5135189.0
44700,"Stockton, CA (MA)",2018,30299585.0
44940,"Sumter, SC (MA)",2018,4838506.0
45060,"Syracuse, NY (MA)",2018,39856281.0
45220,"Tallahassee, FL (MA)",2018,17171301.0
45300,"Tampa-St. Petersburg-Clearwater, FL (MA)",2018,158044077.0
45460,"Terre Haute, IN (MA)",2018,7493200.0
45500,"Texarkana, TX-AR (MA)",2018,5422156.0
45540,"The Villages, FL (MA)",2018,3392818.0
45780,"Toledo, OH (MA)",2018,35981768.0
45820,"Topeka, KS (MA)",2018,11852731.0
45940,"Trenton-Princeton, NJ (MA)",2018,33563841.0
46060,"Tucson, AZ (MA)",2018,43891349.0
46140,"Tulsa, OK (MA)",2018,53149908.0
46220,"Tuscaloosa, AL (MA)",2018,11222678.0
46300,"Twin Falls, ID (MA)",2018,4880650.0
46340,"Tyler, TX (MA)",2018,11028005.0
46520,"Urban Honolulu, HI (MA)",2018,66029819.0
46540,"Utica-Rome, NY (MA)",2018,12588500.0
46660,"Valdosta, GA (MA)",2018,5518372.0
46700,"Vallejo, CA (MA)",2018,25846912.0
47020,"Victoria, TX (MA)",2018,4866382.0
47220,"Vineland-Bridgeton, NJ (MA)",2018,6439811.0
47260,"Virginia Beach-Norfolk-Newport News, VA-NC (MA)",2018,93851780.0
47300,"Visalia, CA (MA)",2018,17686115.0
47380,"Waco, TX (MA)",2018,13262378.0
47460,"Walla Walla, WA (MA)",2018,3451733.0
47580,"Warner Robins, GA (MA)",2018,7759664.0
47900,"Washington-Arlington-Alexandria, DC-VA-MD-WV (MA)",2018,542396309.0
47940,"Waterloo-Cedar Falls, IA (MA)",2018,9586012.0
48060,"Watertown-Fort Drum, NY (MA)",2018,6376427.0
48140,"Wausau-Weston, WI (MA)",2018,9907300.0
48260,"Weirton-Steubenville, WV-OH (MA)",2018,5307538.0
48300,"Wenatchee, WA (MA)",2018,6436263.0
48540,"Wheeling, WV-OH (MA)",2018,9651377.0
48620,"Wichita, KS (MA)",2018,35828911.0
48660,"Wichita Falls, TX (MA)",2018,6051825.0
48700,"Williamsport, PA (MA)",2018,5801131.0
48900,"Wilmington, NC (MA)",2018,14486767.0
49020,"Winchester, VA-WV (MA)",2018,7003310.0
49180,"Winston-Salem, NC (MA)",2018,34182092.0
49340,"Worcester, MA-CT (MA)",2018,48099536.0
49420,"Yakima, WA (MA)",2018,10545549.0
49620,"York-Hanover, PA (MA)",2018,21335230.0
49660,"Youngstown-Warren-Boardman, OH-PA (MA)",2018,20514155.0
49700,"Yuba City, CA (MA)",2018,6679728.0
49740,"Yuma, AZ (MA)",2018,7522243.0
10180,"Abilene, TX (MA)",2019,7426609.0
10420,"Akron, OH (MA)",2019,37471099.0
10500,"Albany, GA (MA)",2019,5839867.0
10540,"Albany-Lebanon, OR (MA)",2019,4921026.0
10580,"Albany-Schenectady-Troy, NY (MA)",2019,64250467.0
10740,"Albuquerque, NM (MA)",2019,43913664.0
10780,"Alexandria, LA (MA)",2019,6146501.0
10900,"Allentown-Bethlehem-Easton, PA-NJ (MA)",2019,46551226.0
11020,"Altoona, PA (MA)",2019,6080921.0
11100,"Amarillo, TX (MA)",2019,13720828.0
11180,"Ames, IA (MA)",2019,6654268.0
11260,"Anchorage, AK (MA)",2019,25950062.0
11460,"Ann Arbor, MI (MA)",2019,25481406.0
11500,"Anniston-Oxford, AL (MA)",2019,4555074.0
11540,"Appleton, WI (MA)",2019,14583478.0
11700,"Asheville, NC (MA)",2019,21417415.0
12020,"Athens-Clarke County, GA (MA)",2019,10263944.0
12060,"Atlanta-Sandy Springs-Alpharetta, GA (MA)",2019,429945844.0
12100,"Atlantic City-Hammonton, NJ (MA)",2019,13791800.0
12220,"Auburn-Opelika, AL (MA)",2019,6342058.0
12260,"Augusta-Richmond County, GA-SC (MA)",2019,27974192.0
12420,"Austin-Round Rock-Georgetown, TX (MA)",2019,158684309.0
12540,"Bakersfield, CA (MA)",2019,45414089.0
12580,"Baltimore-Columbia-Towson, MD (MA)",2019,201674700.0
12620,"Bangor, ME (MA)",2019,6762485.0
12700,"Barnstable Town, MA (MA)",2019,13537095.0
12940,"Baton Rouge, LA (MA)",2019,54607468.0
12980,"Battle Creek, MI (MA)",2019,6411827.0
13020,"Bay City, MI (MA)",2019,3535699.0
13140,"Beaumont-Port Arthur, TX (MA)",2019,25098948.0
13220,"Beckley, WV (MA)",2019,4184828.0
13380,"Bellingham, WA (MA)",2019,13655023.0
13460,"Bend, OR (MA)",2019,10463829.0
13740,"Billings, MT (MA)",2019,10047428.0
13780,"Binghamton, NY (MA)",2019,11024592.0
13820,"Birmingham-Hoover, AL (MA)",2019,62865011.0
13900,"Bismarck, ND (MA)",2019,7452829.0
13980,"Blacksburg-Christiansburg, VA (MA)",2019,7264354.0
14010,"Bloomington, IL (MA)",2019,14906310.0
14020,"Bloomington, IN (MA)",2019,7588407.0
14100,"Bloomsburg-Berwick, PA (MA)",2019,4502269.0
14260,"Boise City, ID (MA)",2019,36495225.0
14460,"Boston-Cambridge-Newton, MA-NH (MA)",2019,467519922.0
14500,"Boulder, CO (MA)",2019,29675687.0
14540,"Bowling Green, KY (MA)",2019,7484003.0
14740,"Bremerton-Silverdale-Port Orchard, WA (MA)",2019,12396819.0
14860,"Bridgeport-Stamford-Norwalk, CT (MA)",2019,88934335.0
15180,"Brownsville-Harlingen, TX (MA)",2019,11200319.0
15260,"Brunswick, GA (MA)",2019,4615626.0
15380,"Buffalo-Cheektowaga, NY (MA)",2019,68811628.0
15500,"Burlington, NC (MA)",2019,6295903.0
15540,"Burlington-South Burlington, VT (MA)",2019,14192895.0
15680,"California-Lexington Park, MD (MA)",2019,7535678.0
15940,"Canton-Massillon, OH (MA)",2019,18191600.0
15980,"Cape Coral-Fort Myers, FL (MA)",2019,33089321.0
16020,"Cape Girardeau, MO-IL (MA)",2019,4430209.0
16060,"Carbondale-Marion, IL (MA)",2019,5738902.0
16180,"Carson City, NV (MA)",2019,3694536.0
16220,"Casper, WY (MA)",2019,5678124.0
16300,"Cedar Rapids, IA (MA)",2019,18307608.0
16540,"Chambersburg-Waynesboro, PA (MA)",2019,6238670.0
16580,"Champaign-Urbana, IL (MA)",2019,11607622.0
16620,"Charleston, WV (MA)",2019,12864407.0
16700,"Charleston-North Charleston, SC (MA)",2019,45108303.0
16740,"Charlotte-Concord-Gastonia, NC-SC (MA)",2019,177257582.0
16820,"Charlottesville, VA (MA)",2019,13743783.0
16860,"Chattanooga, TN-GA (MA)",2019,30328402.0
16940,"Cheyenne, WY (MA)",2019,6009411.0
16980,"Chicago-Naperville-Elgin, IL-IN-WI (MA)",2019,697333633.0
17020,"Chico, CA (MA)",2019,9447628.0
17140,"Cincinnati, OH-KY-IN (MA)",2019,152466652.0
17300,"Clarksville, TN-KY (MA)",2019,12615947.0
17420,"Cleveland, TN (MA)",2019,4722087.0
17460,"Cleveland-Elyria, OH (MA)",2019,133967383.0
17660,"Coeur d'Alene, ID (MA)",2019,6575138.0
17780,"College Station-Bryan, TX (MA)",2019,13580356.0
17820,"Colorado Springs, CO (MA)",2019,37712025.0
17860,"Columbia, MO (MA)",2019,10422519.0
17900,"Columbia, SC (MA)",2019,42416718.0
17980,"Columbus, GA-AL (MA)",2019,14869675.0
18020,"Columbus, IN (MA)",2019,6780298.0
18140,"Columbus, OH (MA)",2019,135606719.0
18580,"Corpus Christi, TX (MA)",2019,22343137.0
18700,"Corvallis, OR (MA)",2019,4601570.0
18880,"Crestview-Fort Walton Beach-Destin, FL (MA)",2019,15862463.0
19060,"Cumberland, MD-WV (MA)",2019,3866718.0
19100,"Dallas-Fort Worth-Arlington, TX (MA)",2019,525852321.0
19140,"Dalton, GA (MA)",2019,6878107.0
19180,"Danville, IL (MA)",2019,3200616.0
19300,"Daphne-Fairhope-Foley, AL (MA)",2019,8148786.0
19340,"Davenport-Moline-Rock Island, IA-IL (MA)",2019,21587953.0
19430,"Dayton-Kettering, OH (MA)",2019,44585566.0
19460,"Decatur, AL (MA)",2019,6171068.0
19500,"Decatur, IL (MA)",2019,6477282.0
19660,"Deltona-Daytona Beach-Ormond Beach, FL (MA)",2019,21617720.0
19740,"Denver-Aurora-Lakewood, CO (MA)",2019,222301876.0
19780,"Des Moines-West Des Moines, IA (MA)",2019,53815922.0
19820,"Detroit-Warren-Dearborn, MI (MA)",2019,261186301.0
20020,"Dothan, AL (MA)",2019,6541798.0
20100,"Dover, DE (MA)",2019,8384005.0
20220,"Dubuque, IA (MA)",2019,6624026.0
20260,"Duluth, MN-WI (MA)",2019,14152130.0
20500,"Durham-Chapel Hill, NC (MA)",2019,50043513.0
20700,"East Stroudsburg, PA (MA)",2019,8263470.0
20740,"Eau Claire, WI (MA)",2019,9337250.0
20940,"El Centro, CA (MA)",2019,8285950.0
21060,"Elizabethtown-Fort Knox, KY (MA)",2019,6049395.0
21140,"Elkhart-Goshen, IN (MA)",2019,16064684.0
21300,"Elmira, NY (MA)",2019,3743192.0
21340,"El Paso, TX (MA)",2019,32635022.0
21420,"Enid, OK (MA)",2019,2795832.0
21500,"Erie, PA (MA)",2019,11677494.0
21660,"Eugene-Springfield, OR (MA)",2019,16363906.0
21780,"Evansville, IN-KY (MA)",2019,19411702.0
21820,"Fairbanks, AK (MA)",2019,5668703.0
22020,"Fargo, ND-MN (MA)",2019,15405125.0
22140,"Farmington, NM (MA)",2019,5623271.0
22180,"Fayetteville, NC (MA)",2019,21116877.0
22220,"Fayetteville-Springdale-Rogers, AR (MA)",2019,27665953.0
22380,"Flagstaff, AZ (MA)",2019,7675239.0
22420,"Flint, MI (MA)",2019,16614426.0
22500,"Florence, SC (MA)",2019,9847112.0
22520,"Florence-Muscle Shoals, AL (MA)",2019,5216676.0
22540,"Fond du Lac, WI (MA)",2019,5278635.0
22660,"Fort Collins, CO (MA)",2019,20425737.0
22900,"Fort Smith, AR-OK (MA)",2019,9627289.0
23060,"Fort Wayne, IN (MA)",2019,23463172.0
23420,"Fresno, CA (MA)",2019,44985158.0
23460,"Gadsden, AL (MA)",2019,3067345.0
23540,"Gainesville, FL (MA)",2019,15335342.0
23580,"Gainesville, GA (MA)",2019,11294935.0
23900,"Gettysburg, PA (MA)",2019,3856485.0
24020,"Glens Falls, NY (MA)",2019,6491649.0
24140,"Goldsboro, NC (MA)",2019,4868486.0
24220,"Grand Forks, ND-MN (MA)",2019,5474118.0
24260,"Grand Island, NE (MA)",2019,4122827.0
24300,"Grand Junction, CO (MA)",2019,6825311.0
24340,"Grand Rapids-Kentwood, MI (MA)",2019,61033814.0
24420,"Grants Pass, OR (MA)",2019,2946930.0
24500,"Great Falls, MT (MA)",2019,3719741.0
24540,"Greeley, CO (MA)",2019,21722559.0
24580,"Green Bay, WI (MA)",2019,20744835.0
24660,"Greensboro-High Point, NC (MA)",2019,41097715.0
24780,"Greenville, NC (MA)",2019,9293680.0
24860,"Greenville-Anderson, SC (MA)",2019,46232392.0
25060,"Gulfport-Biloxi, MS (MA)",2019,17452637.0
25180,"Hagerstown-Martinsburg, MD-WV (MA)",2019,11464680.0
25220,"Hammond, LA (MA)",2019,4338972.0
25260,"Hanford-Corcoran, CA (MA)",2019,6453745.0
25420,"Harrisburg-Carlisle, PA (MA)",2019,40622816.0
25500,"Harrisonburg, VA (MA)",2019,7984577.0
25540,"Hartford-East Hartford-Middletown, CT (MA)",2019,101367875.0
25620,"Hattiesburg, MS (MA)",2019,6147668.0
25860,"Hickory-Lenoir-Morganton, NC (MA)",2019,14772281.0
25940,"Hilton Head Island-Bluffton, SC (MA)",2019,9661382.0
25980,"Hinesville, GA (MA)",2019,3849010.0
26140,"Homosassa Springs, FL (MA)",2019,4147491.0
26300,"Hot Springs, AR (MA)",2019,3432909.0
26380,"Houma-Thibodaux, LA (MA)",2019,9539175.0
26420,"Houston-The Woodlands-Sugar Land, TX (MA)",2019,484359415.0
26580,"Huntington-Ashland, WV-KY-OH (MA)",2019,15630673.0
26620,"Huntsville, AL (MA)",2019,30151314.0
26820,"Idaho Falls, ID (MA)",2019,8949739.0
26900,"Indianapolis-Carmel-Anderson, IN (MA)",2019,144383679.0
26980,"Iowa City, IA (MA)",2019,10828353.0
27060,"Ithaca, NY (MA)",2019,6298392.0
27100,"Jackson, MI (MA)",2019,6546808.0
27140,"Jackson, MS (MA)",2019,27543835.0
27180,"Jackson, TN (MA)",2019,8394582.0
27260,"Jacksonville, FL (MA)",2019,86377683.0
27340,"Jacksonville, NC (MA)",2019,8565803.0
27500,"Janesville-Beloit, WI (MA)",2019,7509709.0
27620,"Jefferson City, MO (MA)",2019,8094729.0
27740,"Johnson City, TN (MA)",2019,7651759.0
27780,"Johnstown, PA (MA)",2019,4682004.0
27860,"Jonesboro, AR (MA)",2019,5408759.0
27900,"Joplin, MO (MA)",2019,7580755.0
27980,"Kahului-Wailuku-Lahaina, HI (MA)",2019,10407877.0
28020,"Kalamazoo-Portage, MI (MA)",2019,14955523.0
28100,"Kankakee, IL (MA)",2019,6262410.0
28140,"Kansas City, MO-KS (MA)",2019,139724576.0
28420,"Kennewick-Richland, WA (MA)",2019,15745176.0
28660,"Killeen-Temple, TX (MA)",2019,18834637.0
28700,"Kingsport-Bristol, TN-VA (MA)",2019,13316989.0
28740,"Kingston, NY (MA)",2019,7630419.0
28940,"Knoxville, TN (MA)",2019,44952370.0
29020,"Kokomo, IN (MA)",2019,4386884.0
29100,"La Crosse-Onalaska, WI-MN (MA)",2019,8213299.0
29180,"Lafayette, LA (MA)",2019,21834533.0
29200,"Lafayette-West Lafayette, IN (MA)",2019,11805244.0
29340,"Lake Charles, LA (MA)",2019,16834958.0
29420,"Lake Havasu City-Kingman, AZ (MA)",2019,5639351.0
29460,"Lakeland-Winter Haven, FL (MA)",2019,27402843.0
29540,"Lancaster, PA (MA)",2019,29549059.0
29620,"Lansing-East Lansing, MI (MA)",2019,26363111.0
29700,"Laredo, TX (MA)",2019,11389246.0
29740,"Las Cruces, NM (MA)",2019,7720349.0
29820,"Las Vegas-Henderson-Paradise, NV (MA)",2019,128047468.0
29940,"Lawrence, KS (MA)",2019,5148011.0
30020,"Lawton, OK (MA)",2019,5233018.0
30140,"Lebanon, PA (MA)",2019,5826855.0
30300,"Lewiston, ID-WA (MA)",2019,2756455.0
30340,"Lewiston-Auburn, ME (MA)",2019,4811181.0
30460,"Lexington-Fayette, KY (MA)",2019,30025380.0
30620,"Lima, OH (MA)",2019,7724166.0
30700,"Lincoln, NE (MA)",2019,20346438.0
30780,"Little Rock-North Little Rock-Conway, AR (MA)",2019,37428270.0
30860,"Logan, UT-ID (MA)",2019,6314872.0
30980,"Longview, TX (MA)",2019,15222587.0
31020,"Longview, WA (MA)",2019,5231999.0
31080,"Los Angeles-Long Beach-Anaheim, CA (MA)",2019,1024821682.0
31140,"Louisville/Jefferson County, KY-IN (MA)",2019,74328652.0
31180,"Lubbock, TX (MA)",2019,14377087.0
31340,"Lynchburg, VA (MA)",2019,10494654.0
31420,"Macon-Bibb County, GA (MA)",2019,10872787.0
31460,"Madera, CA (MA)",2019,6244195.0
31540,"Madison, WI (MA)",2019,50639094.0
31700,"Manchester-Nashua, NH (MA)",2019,27030133.0
31740,"Manhattan, KS (MA)",2019,6861437.0
31860,"Mankato, MN (MA)",2019,5622012.0
31900,"Mansfield, OH (MA)",2019,4596440.0
32580,"McAllen-Edinburg-Mission, TX (MA)",2019,21796318.0
32780,"Medford, OR (MA)",2019,9383009.0
32820,"Memphis, TN-MS-AR (MA)",2019,76608304.0
32900,"Merced, CA (MA)",2019,9229029.0
33100,"Miami-Fort Lauderdale-Pompano Beach, FL (MA)",2019,365639679.0
33140,"Michigan City-La Porte, IN (MA)",2019,4120823.0
33220,"Midland, MI (MA)",2019,5351030.0
33260,"Midland, TX (MA)",2019,33733578.0
33340,"Milwaukee-Waukesha, WI (MA)",2019,102444804.0
33460,"Minneapolis-St. Paul-Bloomington, MN-WI (MA)",2019,269646870.0
33540,"Missoula, MT (MA)",2019,5759384.0
33660,"Mobile, AL (MA)",2019,21226460.0
33700,"Modesto, CA (MA)",2019,23293606.0
33740,"Monroe, LA (MA)",2019,8203928.0
33780,"Monroe, MI (MA)",2019,5928026.0
33860,"Montgomery, AL (MA)",2019,18293634.0
34060,"Morgantown, WV (MA)",2019,7661637.0
34100,"Morristown, TN (MA)",2019,5197979.0
34580,"Mount Vernon-Anacortes, WA (MA)",2019,6669840.0
34620,"Muncie, IN (MA)",2019,4128420.0
34740,"Muskegon, MI (MA)",2019,6118683.0
34820,"Myrtle Beach-Conway-North Myrtle Beach, SC-NC (MA)",2019,18661012.0
34900,"Napa, CA (MA)",2019,10987735.0
34940,"Naples-Marco Island, FL (MA)",2019,20295361.0
34980,"Nashville-Davidson--Murfreesboro--Franklin, TN (MA)",2019,139494691.0
35100,"New Bern, NC (MA)",2019,5485766.0
35300,"New Haven-Milford, CT (MA)",2019,51494190.0
35380,"New Orleans-Metairie, LA (MA)",2019,79367490.0
35620,"New York-Newark-Jersey City, NY-NJ-PA (MA)",2019,1803714884.0
35660,"Niles, MI (MA)",2019,7329099.0
35840,"North Port-Sarasota-Bradenton, FL (MA)",2019,37667744.0
35980,"Norwich-New London, CT (MA)",2019,19209683.0
36100,"Ocala, FL (MA)",2019,10291593.0
36140,"Ocean City, NJ (MA)",2019,5335222.0
36220,"Odessa, TX (MA)",2019,13040470.0
36260,"Ogden-Clearfield, UT (MA)",2019,30087730.0
36420,"Oklahoma City, OK (MA)",2019,78352643.0
36500,"Olympia-Lacey-Tumwater, WA (MA)",2019,14060838.0
36540,"Omaha-Council Bluffs, NE-IA (MA)",2019,66511603.0
36740,"Orlando-Kissimmee-Sanford, FL (MA)",2019,146135192.0
36780,"Oshkosh-Neenah, WI (MA)",2019,10856396.0
36980,"Owensboro, KY (MA)",2019,5739439.0
37100,"Oxnard-Thousand Oaks-Ventura, CA (MA)",2019,51639533.0
37340,"Palm Bay-Melbourne-Titusville, FL (MA)",2019,26348425.0
37460,"Panama City, FL (MA)",2019,8658254.0
37620,"Parkersburg-Vienna, WV (MA)",2019,3537875.0
37860,"Pensacola-Ferry Pass-Brent, FL (MA)",2019,20848405.0
37900,"Peoria, IL (MA)",2019,21513254.0
37980,"Philadelphia-Camden-Wilmington, PA-NJ-DE-MD (MA)",2019,436749140.0
38060,"Phoenix-Mesa-Chandler, AZ (MA)",2019,269599619.0
38220,"Pine Bluff, AR (MA)",2019,3395529.0
38300,"Pittsburgh, PA (MA)",2019,155924635.0
38340,"Pittsfield, MA (MA)",2019,6998340.0
38540,"Pocatello, ID (MA)",2019,3293509.0
38860,"Portland-South Portland, ME (MA)",2019,33034941.0
38900,"Portland-Vancouver-Hillsboro, OR-WA (MA)",2019,166879269.0
38940,"Port St. Lucie, FL (MA)",2019,17465492.0
39100,"Poughkeepsie-Newburgh-Middletown, NY (MA)",2019,34272601.0
39150,"Prescott Valley-Prescott, AZ (MA)",2019,7388378.0
39300,"Providence-Warwick, RI-MA (MA)",2019,86512507.0
39340,"Provo-Orem, UT (MA)",2019,30110498.0
39380,"Pueblo, CO (MA)",2019,6417332.0
39460,"Punta Gorda, FL (MA)",2019,5658676.0
39540,"Racine, WI (MA)",2019,8287192.0
39580,"Raleigh-Cary, NC (MA)",2019,92341921.0
39660,"Rapid City, SD (MA)",2019,6514959.0
39740,"Reading, PA (MA)",2019,20313332.0
39820,"Redding, CA (MA)",2019,8349619.0
39900,"Reno, NV (MA)",2019,29840002.0
40060,"Richmond, VA (MA)",2019,88497657.0
40140,"Riverside-San Bernardino-Ontario, CA (MA)",2019,184662178.0
40220,"Roanoke, VA (MA)",2019,16072741.0
40340,"Rochester, MN (MA)",2019,13848335.0
40380,"Rochester, NY (MA)",2019,63572840.0
40420,"Rockford, IL (MA)",2019,16161341.0
40580,"Rocky Mount, NC (MA)",2019,6360941.0
40660,"Rome, GA (MA)",2019,4087017.0
40900,"Sacramento-Roseville-Folsom, CA (MA)",2019,141690024.0
40980,"Saginaw, MI (MA)",2019,8429628.0
41060,"St. Cloud, MN (MA)",2019,10581367.0
41100,"St. George, UT (MA)",2019,6886456.0
41140,"St. Joseph, MO-KS (MA)",2019,5978068.0
41180,"St. Louis, MO-IL (MA)",2019,169262441.0
41420,"Salem, OR (MA)",2019,18591630.0
41500,"Salinas, CA (MA)",2019,27426311.0
41540,"Salisbury, MD-DE (MA)",2019,22495198.0
41620,"Salt Lake City, UT (MA)",2019,102823183.0
41660,"San Angelo, TX (MA)",2019,7301861.0
41700,"San Antonio-New Braunfels, TX (MA)",2019,128536316.0
41740,"San Diego-Chula Vista-Carlsbad, CA (MA)",2019,236250458.0
41860,"San Francisco-Oakland-Berkeley, CA (MA)",2019,590717591.0
41940,"San Jose-Sunnyvale-Santa Clara, CA (MA)",2019,320852934.0
42020,"San Luis Obispo-Paso Robles, CA (MA)",2019,17239485.0
42100,"Santa Cruz-Watsonville, CA (MA)",2019,15339913.0
42140,"Santa Fe, NM (MA)",2019,7137712.0
42200,"Santa Maria-Santa Barbara, CA (MA)",2019,28901426.0
42220,"Santa Rosa-Petaluma, CA (MA)",2019,30422053.0
42340,"Savannah, GA (MA)",2019,22165027.0
42540,"Scranton--Wilkes-Barre, PA (MA)",2019,27148409.0
42660,"Seattle-Tacoma-Bellevue, WA (MA)",2019,417984875.0
42680,"Sebastian-Vero Beach, FL (MA)",2019,6828186.0
42700,"Sebring-Avon Park, FL (MA)",2019,2564490.0
43100,"Sheboygan, WI (MA)",2019,6985730.0
43300,"Sherman-Denison, TX (MA)",2019,4989540.0
43340,"Shreveport-Bossier City, LA (MA)",2019,21298035.0
43420,"Sierra Vista-Douglas, AZ (MA)",2019,4693345.0
43580,"Sioux City, IA-NE-SD (MA)",2019,8536663.0
43620,"Sioux Falls, SD (MA)",2019,22770866.0
43780,"South Bend-Mishawaka, IN-MI (MA)",2019,15712138.0
43900,"Spartanburg, SC (MA)",2019,16118773.0
44060,"Spokane-Spokane Valley, WA (MA)",2019,27522137.0
44100,"Springfield, IL (MA)",2019,11676554.0
44140,"Springfield, MA (MA)",2019,33540389.0
44180,"Springfield, MO (MA)",2019,20718234.0
44220,"Springfield, OH (MA)",2019,4702941.0
44300,"State College, PA (MA)",2019,8867458.0
44420,"Staunton, VA (MA)",2019,5150015.0
44700,"Stockton, CA (MA)",2019,31216949.0
44940,"Sumter, SC (MA)",2019,4931943.0
45060,"Syracuse, NY (MA)",2019,41019276.0
45220,"Tallahassee, FL (MA)",2019,17533225.0
45300,"Tampa-St. Petersburg-Clearwater, FL (MA)",2019,163322298.0
45460,"Terre Haute, IN (MA)",2019,7463320.0
45500,"Texarkana, TX-AR (MA)",2019,5426987.0
45540,"The Villages, FL (MA)",2019,3769715.0
45780,"Toledo, OH (MA)",2019,37279062.0
45820,"Topeka, KS (MA)",2019,11634466.0
45940,"Trenton-Princeton, NJ (MA)",2019,37149619.0
46060,"Tucson, AZ (MA)",2019,45085532.0
46140,"Tulsa, OK (MA)",2019,53148398.0
46220,"Tuscaloosa, AL (MA)",2019,11853491.0
46300,"Twin Falls, ID (MA)",2019,4987157.0
46340,"Tyler, TX (MA)",2019,11421754.0
46520,"Urban Honolulu, HI (MA)",2019,65648269.0
46540,"Utica-Rome, NY (MA)",2019,12948051.0
46660,"Valdosta, GA (MA)",2019,5707862.0
46700,"Vallejo, CA (MA)",2019,29784508.0
47020,"Victoria, TX (MA)",2019,4746446.0
47220,"Vineland-Bridgeton, NJ (MA)",2019,6441352.0
47260,"Virginia Beach-Norfolk-Newport News, VA-NC (MA)",2019,94854065.0
47300,"Visalia, CA (MA)",2019,18501702.0
47380,"Waco, TX (MA)",2019,13079824.0
47460,"Walla Walla, WA (MA)",2019,3469095.0
47580,"Warner Robins, GA (MA)",2019,8023683.0
47900,"Washington-Arlington-Alexandria, DC-VA-MD-WV (MA)",2019,551770316.0
47940,"Waterloo-Cedar Falls, IA (MA)",2019,9506375.0
48060,"Watertown-Fort Drum, NY (MA)",2019,6361905.0
48140,"Wausau-Weston, WI (MA)",2019,10361766.0
48260,"Weirton-Steubenville, WV-OH (MA)",2019,5437583.0
48300,"Wenatchee, WA (MA)",2019,6483516.0
48540,"Wheeling, WV-OH (MA)",2019,9628498.0
48620,"Wichita, KS (MA)",2019,36501383.0
48660,"Wichita Falls, TX (MA)",2019,6267961.0
48700,"Williamsport, PA (MA)",2019,5766772.0
48900,"Wilmington, NC (MA)",2019,15181317.0
49020,"Winchester, VA-WV (MA)",2019,7192529.0
49180,"Winston-Salem, NC (MA)",2019,34801535.0
49340,"Worcester, MA-CT (MA)",2019,48942928.0
49420,"Yakima, WA (MA)",2019,10696037.0
49620,"York-Hanover, PA (MA)",2019,21554288.0
49660,"Youngstown-Warren-Boardman, OH-PA (MA)",2019,20930410.0
49700,"Yuba City, CA (MA)",2019,6781174.0
49740,"Yuma, AZ (MA)",2019,7747758.0
10180,"Abilene, TX (MA)",2020,7354374.0
10420,"Akron, OH (MA)",2020,36099097.0
10500,"Albany, GA (MA)",2020,5797644.0
10540,"Albany-Lebanon, OR (MA)",2020,4788775.0
10580,"Albany-Schenectady-Troy, NY (MA)",2020,62574116.0
10740,"Albuquerque, NM (MA)",2020,43194744.0
10780,"Alexandria, LA (MA)",2020,6020969.0
10900,"Allentown-Bethlehem-Easton, PA-NJ (MA)",2020,44681775.0
11020,"Altoona, PA (MA)",2020,5915856.0
11100,"Amarillo, TX (MA)",2020,13809049.0
11180,"Ames, IA (MA)",2020,6569456.0
11260,"Anchorage, AK (MA)",2020,25373518.0
11460,"Ann Arbor, MI (MA)",2020,24988323.0
11500,"Anniston-Oxford, AL (MA)",2020,4461364.0
11540,"Appleton, WI (MA)",2020,13938476.0
11700,"Asheville, NC (MA)",2020,20262554.0
12020,"Athens-Clarke County, GA (MA)",2020,9826824.0
12060,"Atlanta-Sandy Springs-Alpharetta, GA (MA)",2020,414749739.0
12100,"Atlantic City-Hammonton, NJ (MA)",2020,12986077.0
12220,"Auburn-Opelika, AL (MA)",2020,6187153.0
12260,"Augusta-Richmond County, GA-SC (MA)",2020,27765735.0
12420,"Austin-Round Rock-Georgetown, TX (MA)",2020,163074856.0
12540,"Bakersfield, CA (MA)",2020,45439983.0
12580,"Baltimore-Columbia-Towson, MD (MA)",2020,194651261.0
12620,"Bangor, ME (MA)",2020,6783030.0
12700,"Barnstable Town, MA (MA)",2020,12654827.0
12940,"Baton Rouge, LA (MA)",2020,50510254.0
12980,"Battle Creek, MI (MA)",2020,6372022.0
13020,"Bay City, MI (MA)",2020,3549806.0
13140,"Beaumont-Port Arthur, TX (MA)",2020,21736691.0
13220,"Beckley, WV (MA)",2020,3918031.0
13380,"Bellingham, WA (MA)",2020,14158405.0
13460,"Bend, OR (MA)",2020,10479459.0
13740,"Billings, MT (MA)",2020,9851083.0
13780,"Binghamton, NY (MA)",2020,10409823.0
13820,"Birmingham-Hoover, AL (MA)",2020,62129272.0
13900,"Bismarck, ND (MA)",2020,7152114.0
13980,"Blacksburg-Christiansburg, VA (MA)",2020,7052736.0
14010,"Bloomington, IL (MA)",2020,12328380.0
14020,"Bloomington, IN (MA)",2020,7282855.0
14100,"Bloomsburg-Berwick, PA (MA)",2020,4284974.0
14260,"Boise City, ID (MA)",2020,37045260.0
14460,"Boston-Cambridge-Newton, MA-NH (MA)",2020,460535204.0
14500,"Boulder, CO (MA)",2020,29149041.0
14540,"Bowling Green, KY (MA)",2020,7421699.0
14740,"Bremerton-Silverdale-Port Orchard, WA (MA)",2020,12734085.0
14860,"Bridgeport-Stamford-Norwalk, CT (MA)",2020,83855524.0
15180,"Brownsville-Harlingen, TX (MA)",2020,10912927.0
15260,"Brunswick, GA (MA)",2020,4508473.0
15380,"Buffalo-Cheektowaga, NY (MA)",2020,66831543.0
15500,"Burlington, NC (MA)",2020,6302066.0
15540,"Burlington-South Burlington, VT (MA)",2020,13681245.0
15680,"California-Lexington Park, MD (MA)",2020,7859546.0
15940,"Canton-Massillon, OH (MA)",2020,17171476.0
15980,"Cape Coral-Fort Myers, FL (MA)",2020,33048241.0
16020,"Cape Girardeau, MO-IL (MA)",2020,4281206.0
16060,"Carbondale-Marion, IL (MA)",2020,5490804.0
16180,"Carson City, NV (MA)",2020,3507173.0
16220,"Casper, WY (MA)",2020,5070249.0
16300,"Cedar Rapids, IA (MA)",2020,17878743.0
16540,"Chambersburg-Waynesboro, PA (MA)",2020,5947734.0
16580,"Champaign-Urbana, IL (MA)",2020,11410051.0
16620,"Charleston, WV (MA)",2020,12063490.0
16700,"Charleston-North Charleston, SC (MA)",2020,44302237.0
16740,"Charlotte-Concord-Gastonia, NC-SC (MA)",2020,179456155.0
16820,"Charlottesville, VA (MA)",2020,13188918.0
16860,"Chattanooga, TN-GA (MA)",2020,30203799.0
16940,"Cheyenne, WY (MA)",2020,5664112.0
16980,"Chicago-Naperville-Elgin, IL-IN-WI (MA)",2020,659808286.0
17020,"Chico, CA (MA)",2020,8878582.0
17140,"Cincinnati, OH-KY-IN (MA)",2020,149378970.0
17300,"Clarksville, TN-KY (MA)",2020,12692257.0
17420,"Cleveland, TN (MA)",2020,4866520.0
17460,"Cleveland-Elyria, OH (MA)",2020,129098200.0
17660,"Coeur d'Alene, ID (MA)",2020,6883769.0
17780,"College Station-Bryan, TX (MA)",2020,13563901.0
17820,"Colorado Springs, CO (MA)",2020,38854813.0
17860,"Columbia, MO (MA)",2020,10111109.0
17900,"Columbia, SC (MA)",2020,42243846.0
17980,"Columbus, GA-AL (MA)",2020,14714617.0
18020,"Columbus, IN (MA)",2020,6283094.0
18140,"Columbus, OH (MA)",2020,134047931.0
18580,"Corpus Christi, TX (MA)",2020,21358158.0
18700,"Corvallis, OR (MA)",2020,4518078.0
18880,"Crestview-Fort Walton Beach-Destin, FL (MA)",2020,16298081.0
19060,"Cumberland, MD-WV (MA)",2020,3733268.0
19100,"Dallas-Fort Worth-Arlington, TX (MA)",2020,519282910.0
19140,"Dalton, GA (MA)",2020,6669749.0
19180,"Danville, IL (MA)",2020,3045323.0
19300,"Daphne-Fairhope-Foley, AL (MA)",2020,8102009.0
19340,"Davenport-Moline-Rock Island, IA-IL (MA)",2020,21147871.0
19430,"Dayton-Kettering, OH (MA)",2020,43928550.0
19460,"Decatur, AL (MA)",2020,6296611.0
19500,"Decatur, IL (MA)",2020,6303815.0
19660,"Deltona-Daytona Beach-Ormond Beach, FL (MA)",2020,21845414.0
19740,"Denver-Aurora-Lakewood, CO (MA)",2020,223271130.0
19780,"Des Moines-West Des Moines, IA (MA)",2020,55169453.0
19820,"Detroit-Warren-Dearborn, MI (MA)",2020,250060724.0
20020,"Dothan, AL (MA)",2020,6593419.0
20100,"Dover, DE (MA)",2020,8000617.0
20220,"Dubuque, IA (MA)",2020,6772031.0
20260,"Duluth, MN-WI (MA)",2020,13420343.0
20500,"Durham-Chapel Hill, NC (MA)",2020,51328512.0
20700,"East Stroudsburg, PA (MA)",2020,7897182.0
20740,"Eau Claire, WI (MA)",2020,8846127.0
20940,"El Centro, CA (MA)",2020,8639503.0
21060,"Elizabethtown-Fort Knox, KY (MA)",2020,5967831.0
21140,"Elkhart-Goshen, IN (MA)",2020,15661587.0
21300,"Elmira, NY (MA)",2020,3525046.0
21340,"El Paso, TX (MA)",2020,32605878.0
21420,"Enid, OK (MA)",2020,2632022.0
21500,"Erie, PA (MA)",2020,10980387.0
21660,"Eugene-Springfield, OR (MA)",2020,16258193.0
21780,"Evansville, IN-KY (MA)",2020,18468389.0
21820,"Fairbanks, AK (MA)",2020,5462327.0
22020,"Fargo, ND-MN (MA)",2020,14904121.0
22140,"Farmington, NM (MA)",2020,5198248.0
22180,"Fayetteville, NC (MA)",2020,21156903.0
22220,"Fayetteville-Springdale-Rogers, AR (MA)",2020,28797244.0
22380,"Flagstaff, AZ (MA)",2020,6954326.0
22420,"Flint, MI (MA)",2020,15314342.0
22500,"Florence, SC (MA)",2020,9613005.0
22520,"Florence-Muscle Shoals, AL (MA)",2020,5157194.0
22540,"Fond du Lac, WI (MA)",2020,5020548.0
22660,"Fort Collins, CO (MA)",2020,20431541.0
22900,"Fort Smith, AR-OK (MA)",2020,9527869.0
23060,"Fort Wayne, IN (MA)",2020,21765351.0
23420,"Fresno, CA (MA)",2020,44298577.0
23460,"Gadsden, AL (MA)",2020,2835555.0
23540,"Gainesville, FL (MA)",2020,15386140.0
23580,"Gainesville, GA (MA)",2020,11587468.0
23900,"Gettysburg, PA (MA)",2020,3657037.0
24020,"Glens Falls, NY (MA)",2020,6375126.0
24140,"Goldsboro, NC (MA)",2020,4745323.0
24220,"Grand Forks, ND-MN (MA)",2020,5323252.0
24260,"Grand Island, NE (MA)",2020,4078165.0
24300,"Grand Junction, CO (MA)",2020,6634541.0
24340,"Grand Rapids-Kentwood, MI (MA)",2020,60201782.0
24420,"Grants Pass, OR (MA)",2020,2897886.0
24500,"Great Falls, MT (MA)",2020,3680001.0
24540,"Greeley, CO (MA)",2020,19737477.0
24580,"Green Bay, WI (MA)",2020,20180973.0
24660,"Greensboro-High Point, NC (MA)",2020,39588474.0
24780,"Greenville, NC (MA)",2020,8989861.0
24860,"Greenville-Anderson, SC (MA)",2020,45145826.0
25060,"Gulfport-Biloxi, MS (MA)",2020,17818342.0
25180,"Hagerstown-Martinsburg, MD-WV (MA)",2020,10918927.0
25220,"Hammond, LA (MA)",2020,4222957.0
25260,"Hanford-Corcoran, CA (MA)",2020,6550767.0
25420,"Harrisburg-Carlisle, PA (MA)",2020,38618383.0
25500,"Harrisonburg, VA (MA)",2020,7590097.0
25540,"Hartford-East Hartford-Middletown, CT (MA)",2020,93964687.0
25620,"Hattiesburg, MS (MA)",2020,6054546.0
25860,"Hickory-Lenoir-Morganton, NC (MA)",2020,14427958.0
25940,"Hilton Head Island-Bluffton, SC (MA)",2020,9965023.0
25980,"Hinesville, GA (MA)",2020,3756922.0
26140,"Homosassa Springs, FL (MA)",2020,4208962.0
26300,"Hot Springs, AR (MA)",2020,3396356.0
26380,"Houma-Thibodaux, LA (MA)",2020,8952035.0
26420,"Houston-The Woodlands-Sugar Land, TX (MA)",2020,476638820.0
26580,"Huntington-Ashland, WV-KY-OH (MA)",2020,14396110.0
26620,"Huntsville, AL (MA)",2020,30667180.0
26820,"Idaho Falls, ID (MA)",2020,9008901.0
26900,"Indianapolis-Carmel-Anderson, IN (MA)",2020,142339466.0
26980,"Iowa City, IA (MA)",2020,10362584.0
27060,"Ithaca, NY (MA)",2020,5770441.0
27100,"Jackson, MI (MA)",2020,6366847.0
27140,"Jackson, MS (MA)",2020,27363955.0
27180,"Jackson, TN (MA)",2020,8283691.0
27260,"Jacksonville, FL (MA)",2020,87856849.0
27340,"Jacksonville, NC (MA)",2020,8669727.0
27500,"Janesville-Beloit, WI (MA)",2020,7466909.0
27620,"Jefferson City, MO (MA)",2020,7874225.0
27740,"Johnson City, TN (MA)",2020,7689661.0
27780,"Johnstown, PA (MA)",2020,4615588.0
27860,"Jonesboro, AR (MA)",2020,5458361.0
27900,"Joplin, MO (MA)",2020,7268671.0
27980,"Kahului-Wailuku-Lahaina, HI (MA)",2020,8558733.0
28020,"Kalamazoo-Portage, MI (MA)",2020,15060387.0
28100,"Kankakee, IL (MA)",2020,6140372.0
28140,"Kansas City, MO-KS (MA)",2020,137218306.0
28420,"Kennewick-Richland, WA (MA)",2020,15402986.0
28660,"Killeen-Temple, TX (MA)",2020,19166630.0
28700,"Kingsport-Bristol, TN-VA (MA)",2020,13289225.0
28740,"Kingston, NY (MA)",2020,7196814.0
28940,"Knoxville, TN (MA)",2020,45119424.0
29020,"Kokomo, IN (MA)",2020,4135308.0
29100,"La Crosse-Onalaska, WI-MN (MA)",2020,7905209.0
29180,"Lafayette, LA (MA)",2020,20926340.0
29200,"Lafayette-West Lafayette, IN (MA)",2020,11106663.0
29340,"Lake Charles, LA (MA)",2020,13625578.0
29420,"Lake Havasu City-Kingman, AZ (MA)",2020,5773611.0
29460,"Lakeland-Winter Haven, FL (MA)",2020,28204116.0
29540,"Lancaster, PA (MA)",2020,28301522.0
29620,"Lansing-East Lansing, MI (MA)",2020,26157187.0
29700,"Laredo, TX (MA)",2020,11017375.0
29740,"Las Cruces, NM (MA)",2020,7420783.0
29820,"Las Vegas-Henderson-Paradise, NV (MA)",2020,117201658.0
29940,"Lawrence, KS (MA)",2020,5029137.0
30020,"Lawton, OK (MA)",2020,5097650.0
30140,"Lebanon, PA (MA)",2020,5657333.0
30300,"Lewiston, ID-WA (MA)",2020,2795349.0
30340,"Lewiston-Auburn, ME (MA)",2020,5018298.0
30460,"Lexington-Fayette, KY (MA)",2020,28847390.0
30620,"Lima, OH (MA)",2020,7584144.0
30700,"Lincoln, NE (MA)",2020,20246348.0
30780,"Little Rock-North Little Rock-Conway, AR (MA)",2020,37665927.0
30860,"Logan, UT-ID (MA)",2020,6364778.0
30980,"Longview, TX (MA)",2020,14448248.0
31020,"Longview, WA (MA)",2020,5302398.0
31080,"Los Angeles-Long Beach-Anaheim, CA (MA)",2020,981305230.0
31140,"Louisville/Jefferson County, KY-IN (MA)",2020,72916159.0
31180,"Lubbock, TX (MA)",2020,14473223.0
31340,"Lynchburg, VA (MA)",2020,10064066.0
31420,"Macon-Bibb County, GA (MA)",2020,10132044.0
31460,"Madera, CA (MA)",2020,6240107.0
31540,"Madison, WI (MA)",2020,49423935.0
31700,"Manchester-Nashua, NH (MA)",2020,26988108.0
31740,"Manhattan, KS (MA)",2020,6859746.0
31860,"Mankato, MN (MA)",2020,5400801.0
31900,"Mansfield, OH (MA)",2020,4413506.0
32580,"McAllen-Edinburg-Mission, TX (MA)",2020,21420961.0
32780,"Medford, OR (MA)",2020,9381689.0
32820,"Memphis, TN-MS-AR (MA)",2020,75770941.0
32900,"Merced, CA (MA)",2020,9094702.0
33100,"Miami-Fort Lauderdale-Pompano Beach, FL (MA)",2020,353476756.0
33140,"Michigan City-La Porte, IN (MA)",2020,3990212.0
33220,"Midland, MI (MA)",2020,5689344.0
33260,"Midland, TX (MA)",2020,31463771.0
33340,"Milwaukee-Waukesha, WI (MA)",2020,98378280.0
33460,"Minneapolis-St. Paul-Bloomington, MN-WI (MA)",2020,261228949.0
33540,"Missoula, MT (MA)",2020,5743155.0
33660,"Mobile, AL (MA)",2020,21415829.0
33700,"Modesto, CA (MA)",2020,22610630.0
33740,"Monroe, LA (MA)",2020,7969520.0
33780,"Monroe, MI (MA)",2020,5597580.0
33860,"Montgomery, AL (MA)",2020,17873910.0
34060,"Morgantown, WV (MA)",2020,7593789.0
34100,"Morristown, TN (MA)",2020,5204264.0
34580,"Mount Vernon-Anacortes, WA (MA)",2020,6679499.0
34620,"Muncie, IN (MA)",2020,4029329.0
34740,"Muskegon, MI (MA)",2020,5901734.0
34820,"Myrtle Beach-Conway-North Myrtle Beach, SC-NC (MA)",2020,18942813.0
34900,"Napa, CA (MA)",2020,10386964.0
34940,"Naples-Marco Island, FL (MA)",2020,20239264.0
34980,"Nashville-Davidson--Murfreesboro--Franklin, TN (MA)",2020,138392978.0
35100,"New Bern, NC (MA)",2020,5334062.0
35300,"New Haven-Milford, CT (MA)",2020,49996059.0
35380,"New Orleans-Metairie, LA (MA)",2020,72861022.0
35620,"New York-Newark-Jersey City, NY-NJ-PA (MA)",2020,1740098412.0
35660,"Niles, MI (MA)",2020,7508467.0
35840,"North Port-Sarasota-Bradenton, FL (MA)",2020,37803250.0
35980,"Norwich-New London, CT (MA)",2020,17957743.0
36100,"Ocala, FL (MA)",2020,10698622.0
36140,"Ocean City, NJ (MA)",2020,5221427.0
36220,"Odessa, TX (MA)",2020,10954580.0
36260,"Ogden-Clearfield, UT (MA)",2020,30861702.0
36420,"Oklahoma City, OK (MA)",2020,75889236.0
36500,"Olympia-Lacey-Tumwater, WA (MA)",2020,13747480.0
36540,"Omaha-Council Bluffs, NE-IA (MA)",2020,65479048.0
36740,"Orlando-Kissimmee-Sanford, FL (MA)",2020,140067077.0
36780,"Oshkosh-Neenah, WI (MA)",2020,10683815.0
36980,"Owensboro, KY (MA)",2020,5602414.0
37100,"Oxnard-Thousand Oaks-Ventura, CA (MA)",2020,51144528.0
37340,"Palm Bay-Melbourne-Titusville, FL (MA)",2020,26587950.0
37460,"Panama City, FL (MA)",2020,8771093.0
37620,"Parkersburg-Vienna, WV (MA)",2020,3514673.0
37860,"Pensacola-Ferry Pass-Brent, FL (MA)",2020,20884004.0
37900,"Peoria, IL (MA)",2020,20060453.0
37980,"Philadelphia-Camden-Wilmington, PA-NJ-DE-MD (MA)",2020,419662826.0
38060,"Phoenix-Mesa-Chandler, AZ (MA)",2020,272794254.0
38220,"Pine Bluff, AR (MA)",2020,3208750.0
38300,"Pittsburgh, PA (MA)",2020,147494188.0
38340,"Pittsfield, MA (MA)",2020,6766260.0
38540,"Pocatello, ID (MA)",2020,3351225.0
38860,"Portland-South Portland, ME (MA)",2020,33896554.0
38900,"Portland-Vancouver-Hillsboro, OR-WA (MA)",2020,165137716.0
38940,"Port St. Lucie, FL (MA)",2020,18443057.0
39100,"Poughkeepsie-Newburgh-Middletown, NY (MA)",2020,33252799.0
39150,"Prescott Valley-Prescott, AZ (MA)",2020,7450732.0
39300,"Providence-Warwick, RI-MA (MA)",2020,83975024.0
39340,"Provo-Orem, UT (MA)",2020,31474478.0
39380,"Pueblo, CO (MA)",2020,6179360.0
39460,"Punta Gorda, FL (MA)",2020,5983852.0
39540,"Racine, WI (MA)",2020,8326223.0
39580,"Raleigh-Cary, NC (MA)",2020,92736334.0
39660,"Rapid City, SD (MA)",2020,6676205.0
39740,"Reading, PA (MA)",2020,19600626.0
39820,"Redding, CA (MA)",2020,8133732.0
39900,"Reno, NV (MA)",2020,30088205.0
40060,"Richmond, VA (MA)",2020,86961163.0
40140,"Riverside-San Bernardino-Ontario, CA (MA)",2020,182563278.0
40220,"Roanoke, VA (MA)",2020,15737137.0
40340,"Rochester, MN (MA)",2020,13672605.0
40380,"Rochester, NY (MA)",2020,60832206.0
40420,"Rockford, IL (MA)",2020,14490425.0
40580,"Rocky Mount, NC (MA)",2020,6457270.0
40660,"Rome, GA (MA)",2020,3919567.0
40900,"Sacramento-Roseville-Folsom, CA (MA)",2020,138496151.0
40980,"Saginaw, MI (MA)",2020,8247600.0
41060,"St. Cloud, MN (MA)",2020,10400127.0
41100,"St. George, UT (MA)",2020,7219195.0
41140,"St. Joseph, MO-KS (MA)",2020,5852448.0
41180,"St. Louis, MO-IL (MA)",2020,165804478.0
41420,"Salem, OR (MA)",2020,18550497.0
41500,"Salinas, CA (MA)",2020,26964076.0
41540,"Salisbury, MD-DE (MA)",2020,21578029.0
41620,"Salt Lake City, UT (MA)",2020,102522704.0
41660,"San Angelo, TX (MA)",2020,7316870.0
41700,"San Antonio-New Braunfels, TX (MA)",2020,127093787.0
41740,"San Diego-Chula Vista-Carlsbad, CA (MA)",2020,232701672.0
41860,"San Francisco-Oakland-Berkeley, CA (MA)",2020,591150074.0
41940,"San Jose-Sunnyvale-Santa Clara, CA (MA)",2020,341921437.0
42020,"San Luis Obispo-Paso Robles, CA (MA)",2020,16943323.0
42100,"Santa Cruz-Watsonville, CA (MA)",2020,15222100.0
42140,"Santa Fe, NM (MA)",2020,6698952.0
42200,"Santa Maria-Santa Barbara, CA (MA)",2020,29367094.0
42220,"Santa Rosa-Petaluma, CA (MA)",2020,29521868.0
42340,"Savannah, GA (MA)",2020,21701199.0
42540,"Scranton--Wilkes-Barre, PA (MA)",2020,25901903.0
42660,"Seattle-Tacoma-Bellevue, WA (MA)",2020,419746126.0
42680,"Sebastian-Vero Beach, FL (MA)",2020,6937570.0
42700,"Sebring-Avon Park, FL (MA)",2020,2453455.0
43100,"Sheboygan, WI (MA)",2020,6835019.0
43300,"Sherman-Denison, TX (MA)",2020,4874197.0
43340,"Shreveport-Bossier City, LA (MA)",2020,20070559.0
43420,"Sierra Vista-Douglas, AZ (MA)",2020,4987234.0
43580,"Sioux City, IA-NE-SD (MA)",2020,8465810.0
43620,"Sioux Falls, SD (MA)",2020,21966538.0
43780,"South Bend-Mishawaka, IN-MI (MA)",2020,14793552.0
43900,"Spartanburg, SC (MA)",2020,15726873.0
44060,"Spokane-Spokane Valley, WA (MA)",2020,27715833.0
44100,"Springfield, IL (MA)",2020,10904258.0
44140,"Springfield, MA (MA)",2020,32648107.0
44180,"Springfield, MO (MA)",2020,20331696.0
44220,"Springfield, OH (MA)",2020,4466629.0
44300,"State College, PA (MA)",2020,8528261.0
44420,"Staunton, VA (MA)",2020,4919741.0
44700,"Stockton, CA (MA)",2020,30957345.0
44940,"Sumter, SC (MA)",2020,4774230.0
45060,"Syracuse, NY (MA)",2020,39843117.0
45220,"Tallahassee, FL (MA)",2020,17233905.0
45300,"Tampa-St. Petersburg-Clearwater, FL (MA)",2020,165493071.0
45460,"Terre Haute, IN (MA)",2020,7346568.0
45500,"Texarkana, TX-AR (MA)",2020,5402870.0
45540,"The Villages, FL (MA)",2020,3829805.0
45780,"Toledo, OH (MA)",2020,34834732.0
45820,"Topeka, KS (MA)",2020,11812597.0
45940,"Trenton-Princeton, NJ (MA)",2020,37990291.0
46060,"Tucson, AZ (MA)",2020,44978084.0
46140,"Tulsa, OK (MA)",2020,50271270.0
46220,"Tuscaloosa, AL (MA)",2020,11246406.0
46300,"Twin Falls, ID (MA)",2020,5130187.0
46340,"Tyler, TX (MA)",2020,11144056.0
46520,"Urban Honolulu, HI (MA)",2020,59885935.0
46540,"Utica-Rome, NY (MA)",2020,12608471.0
46660,"Valdosta, GA (MA)",2020,5726436.0
46700,"Vallejo, CA (MA)",2020,30144992.0
47020,"Victoria, TX (MA)",2020,4567831.0
47220,"Vineland-Bridgeton, NJ (MA)",2020,6183632.0
47260,"Virginia Beach-Norfolk-Newport News, VA-NC (MA)",2020,94096148.0
47300,"Visalia, CA (MA)",2020,18133092.0
47380,"Waco, TX (MA)",2020,12626527.0
47460,"Walla Walla, WA (MA)",2020,3238194.0
47580,"Warner Robins, GA (MA)",2020,7989580.0
47900,"Washington-Arlington-Alexandria, DC-VA-MD-WV (MA)",2020,543129300.0
47940,"Waterloo-Cedar Falls, IA (MA)",2020,9493121.0
48060,"Watertown-Fort Drum, NY (MA)",2020,6162157.0
48140,"Wausau-Weston, WI (MA)",2020,9820191.0
48260,"Weirton-Steubenville, WV-OH (MA)",2020,5502833.0
48300,"Wenatchee, WA (MA)",2020,6407321.0
48540,"Wheeling, WV-OH (MA)",2020,9262538.0
48620,"Wichita, KS (MA)",2020,35122043.0
48660,"Wichita Falls, TX (MA)",2020,6150157.0
48700,"Williamsport, PA (MA)",2020,5610828.0
48900,"Wilmington, NC (MA)",2020,15191491.0
49020,"Winchester, VA-WV (MA)",2020,7275035.0
49180,"Winston-Salem, NC (MA)",2020,32387591.0
49340,"Worcester, MA-CT (MA)",2020,47842426.0
49420,"Yakima, WA (MA)",2020,10523373.0
49620,"York-Hanover, PA (MA)",2020,20545120.0
49660,"Youngstown-Warren-Boardman, OH-PA (MA)",2020,19772228.0
49700,"Yuba City, CA (MA)",2020,6740300.0
49740,"Yuma, AZ (MA)",2020,7516153.0
10180,"Abilene, TX (MA)",2021,7573774.0
10420,"Akron, OH (MA)",2021,37510049.0
10500,"Albany, GA (MA)",2021,6068572.0
10540,"Albany-Lebanon, OR (MA)",2021,4893295.0
10580,"Albany-Schenectady-Troy, NY (MA)",2021,66759654.0
10740,"Albuquerque, NM (MA)",2021,45285850.0
10780,"Alexandria, LA (MA)",2021,6127753.0
10900,"Allentown-Bethlehem-Easton, PA-NJ (MA)",2021,46291035.0
11020,"Altoona, PA (MA)",2021,6114417.0
11100,"Amarillo, TX (MA)",2021,14317913.0
11180,"Ames, IA (MA)",2021,6851748.0
11260,"Anchorage, AK (MA)",2021,26090195.0
11460,"Ann Arbor, MI (MA)",2021,26314261.0
11500,"Anniston-Oxford, AL (MA)",2021,4624647.0
11540,"Appleton, WI (MA)",2021,14309091.0
11700,"Asheville, NC (MA)",2021,21458369.0
12020,"Athens-Clarke County, GA (MA)",2021,10364639.0
12060,"Atlanta-Sandy Springs-Alpharetta, GA (MA)",2021,442449357.0
12100,"Atlantic City-Hammonton, NJ (MA)",2021,14017564.0
12220,"Auburn-Opelika, AL (MA)",2021,6561345.0
12260,"Augusta-Richmond County, GA-SC (MA)",2021,28260356.0
12420,"Austin-Round Rock-Georgetown, TX (MA)",2021,180240561.0
12540,"Bakersfield, CA (MA)",2021,45334031.0
12580,"Baltimore-Columbia-Towson, MD (MA)",2021,204204808.0
12620,"Bangor, ME (MA)",2021,7003554.0
12700,"Barnstable Town, MA (MA)",2021,13490964.0
12940,"Baton Rouge, LA (MA)",2021,51156830.0
12980,"Battle Creek, MI (MA)",2021,6912586.0
13020,"Bay City, MI (MA)",2021,3841031.0
13140,"Beaumont-Port Arthur, TX (MA)",2021,22261112.0
13220,"Beckley, WV (MA)",2021,4023333.0
13380,"Bellingham, WA (MA)",2021,14284199.0
13460,"Bend, OR (MA)",2021,11519814.0
13740,"Billings, MT (MA)",2021,10488730.0
13780,"Binghamton, NY (MA)",2021,10715948.0
13820,"Birmingham-Hoover, AL (MA)",2021,65260617.0
13900,"Bismarck, ND (MA)",2021,7387662.0
13980,"Blacksburg-Christiansburg, VA (MA)",2021,7598638.0
14010,"Bloomington, IL (MA)",2021,12368351.0
14020,"Bloomington, IN (MA)",2021,7517075.0
14100,"Bloomsburg-Berwick, PA (MA)",2021,4464452.0
14260,"Boise City, ID (MA)",2021,40145338.0
14460,"Boston-Cambridge-Newton, MA-NH (MA)",2021,492998949.0
14500,"Boulder, CO (MA)",2021,31164647.0
14540,"Bowling Green, KY (MA)",2021,7933371.0
14740,"Bremerton-Silverdale-Port Orchard, WA (MA)",2021,13081004.0
14860,"Bridgeport-Stamford-Norwalk, CT (MA)",2021,87235525.0
15180,"Brownsville-Harlingen, TX (MA)",2021,11660469.0
15260,"Brunswick, GA (MA)",2021,4810326.0
15380,"Buffalo-Cheektowaga, NY (MA)",2021,69328962.0
15500,"Burlington, NC (MA)",2021,6674694.0
15540,"Burlington-South Burlington, VT (MA)",2021,14582139.0
15680,"California-Lexington Park, MD (MA)",2021,7844387.0
15940,"Canton-Massillon, OH (MA)",2021,18081547.0
15980,"Cape Coral-Fort Myers, FL (MA)",2021,35789303.0
16020,"Cape Girardeau, MO-IL (MA)",2021,4422321.0
16060,"Carbondale-Marion, IL (MA)",2021,5561229.0
16180,"Carson City, NV (MA)",2021,3582260.0
16220,"Casper, WY (MA)",2021,5001565.0
16300,"Cedar Rapids, IA (MA)",2021,18846932.0
16540,"Chambersburg-Waynesboro, PA (MA)",2021,6101218.0
16580,"Champaign-Urbana, IL (MA)",2021,11817541.0
16620,"Charleston, WV (MA)",2021,12391989.0
16700,"Charleston-North Charleston, SC (MA)",2021,46532802.0
16740,"Charlotte-Concord-Gastonia, NC-SC (MA)",2021,190503528.0
16820,"Charlottesville, VA (MA)",2021,14344675.0
16860,"Chattanooga, TN-GA (MA)",2021,32135319.0
16940,"Cheyenne, WY (MA)",2021,5986116.0
16980,"Chicago-Naperville-Elgin, IL-IN-WI (MA)",2021,696359946.0
17020,"Chico, CA (MA)",2021,9070391.0
17140,"Cincinnati, OH-KY-IN (MA)",2021,155513292.0
17300,"Clarksville, TN-KY (MA)",2021,13491471.0
17420,"Cleveland, TN (MA)",2021,5103060.0
17460,"Cleveland-Elyria, OH (MA)",2021,135547013.0
17660,"Coeur d'Alene, ID (MA)",2021,7661498.0
17780,"College Station-Bryan, TX (MA)",2021,14174399.0
17820,"Colorado Springs, CO (MA)",2021,40926166.0
17860,"Columbia, MO (MA)",2021,10610366.0
17900,"Columbia, SC (MA)",2021,44430065.0
17980,"Columbus, GA-AL (MA)",2021,14919089.0
18020,"Columbus, IN (MA)",2021,6538720.0
18140,"Columbus, OH (MA)",2021,143197874.0
18580,"Corpus Christi, TX (MA)",2021,22092132.0
18700,"Corvallis, OR (MA)",2021,4721965.0
18880,"Crestview-Fort Walton Beach-Destin, FL (MA)",2021,17870178.0
19060,"Cumberland, MD-WV (MA)",2021,3745774.0
19100,"Dallas-Fort Worth-Arlington, TX (MA)",2021,560290164.0
19140,"Dalton, GA (MA)",2021,7034767.0
19180,"Danville, IL (MA)",2021,3155857.0
19300,"Daphne-Fairhope-Foley, AL (MA)",2021,8738819.0
19340,"Davenport-Moline-Rock Island, IA-IL (MA)",2021,21649139.0
19430,"Dayton-Kettering, OH (MA)",2021,45492566.0
19460,"Decatur, AL (MA)",2021,6432853.0
19500,"Decatur, IL (MA)",2021,6870929.0
19660,"Deltona-Daytona Beach-Ormond Beach, FL (MA)",2021,23013290.0
19740,"Denver-Aurora-Lakewood, CO (MA)",2021,239402096.0
19780,"Des Moines-West Des Moines, IA (MA)",2021,58996258.0
19820,"Detroit-Warren-Dearborn, MI (MA)",2021,264723150.0
20020,"Dothan, AL (MA)",2021,6848500.0
20100,"Dover, DE (MA)",2021,8254518.0
20220,"Dubuque, IA (MA)",2021,7048913.0
20260,"Duluth, MN-WI (MA)",2021,13889180.0
20500,"Durham-Chapel Hill, NC (MA)",2021,54380184.0
20700,"East Stroudsburg, PA (MA)",2021,8360429.0
20740,"Eau Claire, WI (MA)",2021,9138281.0
20940,"El Centro, CA (MA)",2021,8201308.0
21060,"Elizabethtown-Fort Knox, KY (MA)",2021,6322973.0
21140,"Elkhart-Goshen, IN (MA)",2021,18720820.0
21300,"Elmira, NY (MA)",2021,3632541.0
21340,"El Paso, TX (MA)",2021,34497923.0
21420,"Enid, OK (MA)",2021,2774090.0
21500,"Erie, PA (MA)",2021,11164431.0
21660,"Eugene-Springfield, OR (MA)",2021,17375993.0
21780,"Evansville, IN-KY (MA)",2021,20100003.0
21820,"Fairbanks, AK (MA)",2021,5646088.0
22020,"Fargo, ND-MN (MA)",2021,15636755.0
22140,"Farmington, NM (MA)",2021,5137504.0
22180,"Fayetteville, NC (MA)",2021,21991344.0
22220,"Fayetteville-Springdale-Rogers, AR (MA)",2021,31427375.0
22380,"Flagstaff, AZ (MA)",2021,7483588.0
22420,"Flint, MI (MA)",2021,15693584.0
22500,"Florence, SC (MA)",2021,9919433.0
22520,"Florence-Muscle Shoals, AL (MA)",2021,5305740.0
22540,"Fond du Lac, WI (MA)",2021,5150611.0
22660,"Fort Collins, CO (MA)",2021,21886159.0
22900,"Fort Smith, AR-OK (MA)",2021,9841496.0
23060,"Fort Wayne, IN (MA)",2021,23326616.0
23420,"Fresno, CA (MA)",2021,45813064.0
23460,"Gadsden, AL (MA)",2021,2900784.0
23540,"Gainesville, FL (MA)",2021,16325859.0
23580,"Gainesville, GA (MA)",2021,12133816.0
23900,"Gettysburg, PA (MA)",2021,3773754.0
24020,"Glens Falls, NY (MA)",2021,6675211.0
24140,"Goldsboro, NC (MA)",2021,4947218.0
24220,"Grand Forks, ND-MN (MA)",2021,5441765.0
24260,"Grand Island, NE (MA)",2021,4450402.0
24300,"Grand Junction, CO (MA)",2021,6885621.0
24340,"Grand Rapids-Kentwood, MI (MA)",2021,64352072.0
24420,"Grants Pass, OR (MA)",2021,3049886.0
24500,"Great Falls, MT (MA)",2021,3780633.0
24540,"Greeley, CO (MA)",2021,20178684.0
24580,"Green Bay, WI (MA)",2021,20603639.0
24660,"Greensboro-High Point, NC (MA)",2021,41004184.0
24780,"Greenville, NC (MA)",2021,9243013.0
24860,"Greenville-Anderson, SC (MA)",2021,47174321.0
25060,"Gulfport-Biloxi, MS (MA)",2021,18617250.0
25180,"Hagerstown-Martinsburg, MD-WV (MA)",2021,11597559.0
25220,"Hammond, LA (MA)",2021,4382166.0
25260,"Hanford-Corcoran, CA (MA)",2021,6591539.0
25420,"Harrisburg-Carlisle, PA (MA)",2021,40605053.0
25500,"Harrisonburg, VA (MA)",2021,8204969.0
25540,"Hartford-East Hartford-Middletown, CT (MA)",2021,97900840.0
25620,"Hattiesburg, MS (MA)",2021,6488415.0
25860,"Hickory-Lenoir-Morganton, NC (MA)",2021,14896449.0
25940,"Hilton Head Island-Bluffton, SC (MA)",2021,10392469.0
25980,"Hinesville, GA (MA)",2021,4070118.0
26140,"Homosassa Springs, FL (MA)",2021,4459685.0
26300,"Hot Springs, AR (MA)",2021,3488827.0
26380,"Houma-Thibodaux, LA (MA)",2021,8820956.0
26420,"Houston-The Woodlands-Sugar Land, TX (MA)",2021,500984295.0
26580,"Huntington-Ashland, WV-KY-OH (MA)",2021,14700886.0
26620,"Huntsville, AL (MA)",2021,32306829.0
26820,"Idaho Falls, ID (MA)",2021,9137295.0
26900,"Indianapolis-Carmel-Anderson, IN (MA)",2021,151510429.0
26980,"Iowa City, IA (MA)",2021,10662671.0
27060,"Ithaca, NY (MA)",2021,6003916.0
27100,"Jackson, MI (MA)",2021,6877822.0
27140,"Jackson, MS (MA)",2021,28383035.0
27180,"Jackson, TN (MA)",2021,8839508.0
27260,"Jacksonville, FL (MA)",2021,94322715.0
27340,"Jacksonville, NC (MA)",2021,9098987.0
27500,"Janesville-Beloit, WI (MA)",2021,7687625.0
27620,"Jefferson City, MO (MA)",2021,7720115.0
27740,"Johnson City, TN (MA)",2021,8241669.0
27780,"Johnstown, PA (MA)",2021,4626528.0
27860,"Jonesboro, AR (MA)",2021,5936950.0
27900,"Joplin, MO (MA)",2021,7600313.0
27980,"Kahului-Wailuku-Lahaina, HI (MA)",2021,9459908.0
28020,"Kalamazoo-Portage, MI (MA)",2021,16058496.0
28100,"Kankakee, IL (MA)",2021,6679390.0
28140,"Kansas City, MO-KS (MA)",2021,141666330.0
28420,"Kennewick-Richland, WA (MA)",2021,16192367.0
28660,"Killeen-Temple, TX (MA)",2021,19966937.0
28700,"Kingsport-Bristol, TN-VA (MA)",2021,14303997.0
28740,"Kingston, NY (MA)",2021,7429326.0
28940,"Knoxville, TN (MA)",2021,48680233.0
29020,"Kokomo, IN (MA)",2021,4497728.0
29100,"La Crosse-Onalaska, WI-MN (MA)",2021,8136049.0
29180,"Lafayette, LA (MA)",2021,21202980.0
29200,"Lafayette-West Lafayette, IN (MA)",2021,11485626.0
29340,"Lake Charles, LA (MA)",2021,14249067.0
29420,"Lake Havasu City-Kingman, AZ (MA)",2021,6269010.0
29460,"Lakeland-Winter Haven, FL (MA)",2021,29827560.0
29540,"Lancaster, PA (MA)",2021,29558896.0
29620,"Lansing-East Lansing, MI (MA)",2021,27549292.0
29700,"Laredo, TX (MA)",2021,11380569.0
29740,"Las Cruces, NM (MA)",2021,7869402.0
29820,"Las Vegas-Henderson-Paradise, NV (MA)",2021,129198324.0
29940,"Lawrence, KS (MA)",2021,5178674.0
30020,"Lawton, OK (MA)",2021,5281857.0
30140,"Lebanon, PA (MA)",2021,6021295.0
30300,"Lewiston, ID-WA (MA)",2021,2927355.0
30340,"Lewiston-Auburn, ME (MA)",2021,5044783.0
30460,"Lexington-Fayette, KY (MA)",2021,29679198.0
30620,"Lima, OH (MA)",2021,8363968.0
30700,"Lincoln, NE (MA)",2021,20905354.0
30780,"Little Rock-North Little Rock-Conway, AR (MA)",2021,39147275.0
30860,"Logan, UT-ID (MA)",2021,6790728.0
30980,"Longview, TX (MA)",2021,14959167.0
31020,"Longview, WA (MA)",2021,5473446.0
31080,"Los Angeles-Long Beach-Anaheim, CA (MA)",2021,1042007410.0
31140,"Louisville/Jefferson County, KY-IN (MA)",2021,76188675.0
31180,"Lubbock, TX (MA)",2021,14955602.0
31340,"Lynchburg, VA (MA)",2021,10465215.0
31420,"Macon-Bibb County, GA (MA)",2021,10714556.0
31460,"Madera, CA (MA)",2021,6410911.0
31540,"Madison, WI (MA)",2021,52099292.0
31700,"Manchester-Nashua, NH (MA)",2021,29685180.0
31740,"Manhattan, KS (MA)",2021,7097690.0
31860,"Mankato, MN (MA)",2021,5560800.0
31900,"Mansfield, OH (MA)",2021,4599067.0
32580,"McAllen-Edinburg-Mission, TX (MA)",2021,22496207.0
32780,"Medford, OR (MA)",2021,10014915.0
32820,"Memphis, TN-MS-AR (MA)",2021,79423586.0
32900,"Merced, CA (MA)",2021,9236208.0
33100,"Miami-Fort Lauderdale-Pompano Beach, FL (MA)",2021,390532653.0
33140,"Michigan City-La Porte, IN (MA)",2021,4197586.0
33220,"Midland, MI (MA)",2021,5840210.0
33260,"Midland, TX (MA)",2021,31008685.0
33340,"Milwaukee-Waukesha, WI (MA)",2021,102631128.0
33460,"Minneapolis-St. Paul-Bloomington, MN-WI (MA)",2021,273794178.0
33540,"Missoula, MT (MA)",2021,6373555.0
33660,"Mobile, AL (MA)",2021,22277342.0
33700,"Modesto, CA (MA)",2021,23527205.0
33740,"Monroe, LA (MA)",2021,7971955.0
33780,"Monroe, MI (MA)",2021,5738150.0
33860,"Montgomery, AL (MA)",2021,18385455.0
34060,"Morgantown, WV (MA)",2021,7919011.0
34100,"Morristown, TN (MA)",2021,5553067.0
34580,"Mount Vernon-Anacortes, WA (MA)",2021,6730598.0
34620,"Muncie, IN (MA)",2021,4164411.0
34740,"Muskegon, MI (MA)",2021,6155453.0
34820,"Myrtle Beach-Conway-North Myrtle Beach, SC-NC (MA)",2021,20126573.0
34900,"Napa, CA (MA)",2021,11381396.0
34940,"Naples-Marco Island, FL (MA)",2021,22806993.0
34980,"Nashville-Davidson--Murfreesboro--Franklin, TN (MA)",2021,153009022.0
35100,"New Bern, NC (MA)",2021,5605089.0
35300,"New Haven-Milford, CT (MA)",2021,52016888.0
35380,"New Orleans-Metairie, LA (MA)",2021,75211932.0
35620,"New York-Newark-Jersey City, NY-NJ-PA (MA)",2021,1823942483.0
35660,"Niles, MI (MA)",2021,7479801.0
35840,"North Port-Sarasota-Bradenton, FL (MA)",2021,40234292.0
35980,"Norwich-New London, CT (MA)",2021,18262159.0
36100,"Ocala, FL (MA)",2021,11457254.0
36140,"Ocean City, NJ (MA)",2021,5557387.0
36220,"Odessa, TX (MA)",2021,10605581.0
36260,"Ogden-Clearfield, UT (MA)",2021,32136336.0
36420,"Oklahoma City, OK (MA)",2021,76593029.0
36500,"Olympia-Lacey-Tumwater, WA (MA)",2021,14725118.0
36540,"Omaha-Council Bluffs, NE-IA (MA)",2021,68300165.0
36740,"Orlando-Kissimmee-Sanford, FL (MA)",2021,156475297.0
36780,"Oshkosh-Neenah, WI (MA)",2021,10899145.0
36980,"Owensboro, KY (MA)",2021,5613842.0
37100,"Oxnard-Thousand Oaks-Ventura, CA (MA)",2021,52906964.0
37340,"Palm Bay-Melbourne-Titusville, FL (MA)",2021,29191295.0
37460,"Panama City, FL (MA)",2021,9501883.0
37620,"Parkersburg-Vienna, WV (MA)",2021,3672676.0
37860,"Pensacola-Ferry Pass-Brent, FL (MA)",2021,22330360.0
37900,"Peoria, IL (MA)",2021,20928148.0
37980,"Philadelphia-Camden-Wilmington, PA-NJ-DE-MD (MA)",2021,437550234.0
38060,"Phoenix-Mesa-Chandler, AZ (MA)",2021,296340472.0
38220,"Pine Bluff, AR (MA)",2021,3390739.0
38300,"Pittsburgh, PA (MA)",2021,152964506.0
38340,"Pittsfield, MA (MA)",2021,6896795.0
38540,"Pocatello, ID (MA)",2021,3373520.0
38860,"Portland-South Portland, ME (MA)",2021,36340168.0
38900,"Portland-Vancouver-Hillsboro, OR-WA (MA)",2021,174790074.0
38940,"Port St. Lucie, FL (MA)",2021,19125641.0
39100,"Poughkeepsie-Newburgh-Middletown, NY (MA)",2021,34787649.0
39150,"Prescott Valley-Prescott, AZ (MA)",2021,8087008.0
39300,"Providence-Warwick, RI-MA (MA)",2021,88228619.0
39340,"Provo-Orem, UT (MA)",2021,34029795.0
39380,"Pueblo, CO (MA)",2021,6616075.0
39460,"Punta Gorda, FL (MA)",2021,6234758.0
39540,"Racine, WI (MA)",2021,8430514.0
39580,"Raleigh-Cary, NC (MA)",2021,100642564.0
39660,"Rapid City, SD (MA)",2021,6908225.0
39740,"Reading, PA (MA)",2021,20082366.0
39820,"Redding, CA (MA)",2021,8172559.0
39900,"Reno, NV (MA)",2021,32927151.0
40060,"Richmond, VA (MA)",2021,91241142.0
40140,"Riverside-San Bernardino-Ontario, CA (MA)",2021,193689715.0
40220,"Roanoke, VA (MA)",2021,16634246.0
40340,"Rochester, MN (MA)",2021,14128823.0
40380,"Rochester, NY (MA)",2021,63207319.0
40420,"Rockford, IL (MA)",2021,14904989.0
40580,"Rocky Mount, NC (MA)",2021,6724348.0
40660,"Rome, GA (MA)",2021,4138165.0
40900,"Sacramento-Roseville-Folsom, CA (MA)",2021,146940779.0
40980,"Saginaw, MI (MA)",2021,8783209.0
41060,"St. Cloud, MN (MA)",2021,10531622.0
41100,"St. George, UT (MA)",2021,7853248.0
41140,"St. Joseph, MO-KS (MA)",2021,5853623.0
41180,"St. Louis, MO-IL (MA)",2021,175042138.0
41420,"Salem, OR (MA)",2021,19730167.0
41500,"Salinas, CA (MA)",2021,27192351.0
41540,"Salisbury, MD-DE (MA)",2021,23200229.0
41620,"Salt Lake City, UT (MA)",2021,111487331.0
41660,"San Angelo, TX (MA)",2021,7351026.0
41700,"San Antonio-New Braunfels, TX (MA)",2021,134072963.0
41740,"San Diego-Chula Vista-Carlsbad, CA (MA)",2021,250063598.0
41860,"San Francisco-Oakland-Berkeley, CA (MA)",2021,655887146.0
41940,"San Jose-Sunnyvale-Santa Clara, CA (MA)",2021,388071094.0
42020,"San Luis Obispo-Paso Robles, CA (MA)",2021,17484003.0
42100,"Santa Cruz-Watsonville, CA (MA)",2021,16385408.0
42140,"Santa Fe, NM (MA)",2021,7327711.0
42200,"Santa Maria-Santa Barbara, CA (MA)",2021,31365482.0
42220,"Santa Rosa-Petaluma, CA (MA)",2021,31391109.0
42340,"Savannah, GA (MA)",2021,23648248.0
42540,"Scranton--Wilkes-Barre, PA (MA)",2021,26796780.0
42660,"Seattle-Tacoma-Bellevue, WA (MA)",2021,451641468.0
42680,"Sebastian-Vero Beach, FL (MA)",2021,7895295.0
42700,"Sebring-Avon Park, FL (MA)",2021,2513431.0
43100,"Sheboygan, WI (MA)",2021,6975399.0
43300,"Sherman-Denison, TX (MA)",2021,5225085.0
43340,"Shreveport-Bossier City, LA (MA)",2021,20807215.0
43420,"Sierra Vista-Douglas, AZ (MA)",2021,4878561.0
43580,"Sioux City, IA-NE-SD (MA)",2021,9092353.0
43620,"Sioux Falls, SD (MA)",2021,23095755.0
43780,"South Bend-Mishawaka, IN-MI (MA)",2021,15520962.0
43900,"Spartanburg, SC (MA)",2021,16500704.0
44060,"Spokane-Spokane Valley, WA (MA)",2021,29994778.0
44100,"Springfield, IL (MA)",2021,11545110.0
44140,"Springfield, MA (MA)",2021,33684892.0
44180,"Springfield, MO (MA)",2021,21815653.0
44220,"Springfield, OH (MA)",2021,4650364.0
44300,"State College, PA (MA)",2021,8799416.0
44420,"Staunton, VA (MA)",2021,5140168.0
44700,"Stockton, CA (MA)",2021,33356039.0
44940,"Sumter, SC (MA)",2021,4934570.0
45060,"Syracuse, NY (MA)",2021,40906463.0
45220,"Tallahassee, FL (MA)",2021,18305647.0
45300,"Tampa-St. Petersburg-Clearwater, FL (MA)",2021,179026658.0
45460,"Terre Haute, IN (MA)",2021,7868630.0
45500,"Texarkana, TX-AR (MA)",2021,5497979.0
45540,"The Villages, FL (MA)",2021,4464154.0
45780,"Toledo, OH (MA)",2021,37442281.0
45820,"Topeka, KS (MA)",2021,12179736.0
45940,"Trenton-Princeton, NJ (MA)",2021,40960366.0
46060,"Tucson, AZ (MA)",2021,47065575.0
46140,"Tulsa, OK (MA)",2021,52192047.0
46220,"Tuscaloosa, AL (MA)",2021,11281341.0
46300,"Twin Falls, ID (MA)",2021,5329506.0
46340,"Tyler, TX (MA)",2021,11615626.0
46520,"Urban Honolulu, HI (MA)",2021,62531675.0
46540,"Utica-Rome, NY (MA)",2021,12744604.0
46660,"Valdosta, GA (MA)",2021,5926316.0
46700,"Vallejo, CA (MA)",2021,30523673.0
47020,"Victoria, TX (MA)",2021,4773799.0
47220,"Vineland-Bridgeton, NJ (MA)",2021,6426886.0
47260,"Virginia Beach-Norfolk-Newport News, VA-NC (MA)",2021,98382273.0
47300,"Visalia, CA (MA)",2021,18291332.0
47380,"Waco, TX (MA)",2021,13317838.0
47460,"Walla Walla, WA (MA)",2021,3305840.0
47580,"Warner Robins, GA (MA)",2021,8285062.0
47900,"Washington-Arlington-Alexandria, DC-VA-MD-WV (MA)",2021,569554283.0
47940,"Waterloo-Cedar Falls, IA (MA)",2021,10151405.0
48060,"Watertown-Fort Drum, NY (MA)",2021,6333785.0
48140,"Wausau-Weston, WI (MA)",2021,10111880.0
48260,"Weirton-Steubenville, WV-OH (MA)",2021,5378564.0
48300,"Wenatchee, WA (MA)",2021,6669335.0
48540,"Wheeling, WV-OH (MA)",2021,8864464.0
48620,"Wichita, KS (MA)",2021,36019714.0
48660,"Wichita Falls, TX (MA)",2021,6170319.0
48700,"Williamsport, PA (MA)",2021,5663667.0
48900,"Wilmington, NC (MA)",2021,16553478.0
49020,"Winchester, VA-WV (MA)",2021,7665904.0
49180,"Winston-Salem, NC (MA)",2021,34268692.0
49340,"Worcester, MA-CT (MA)",2021,50143755.0
49420,"Yakima, WA (MA)",2021,10676322.0
49620,"York-Hanover, PA (MA)",2021,21095422.0
49660,"Youngstown-Warren-Boardman, OH-PA (MA)",2021,20398971.0
49700,"Yuba City, CA (MA)",2021,7014656.0
49740,"Yuma, AZ (MA)",2021,7658882.0
