dataset,exclusions
ethnicity_post2020_CT,1003990000
ethnicity_post2020_CT,1015981901
ethnicity_post2020_CT,1015981902
ethnicity_post2020_CT,1015981903
ethnicity_post2020_CT,1097990000
ethnicity_post2020_CT,1117980000
ethnicity_post2020_CT,1117980100
ethnicity_post2020_CT,2020980000
ethnicity_post2020_CT,4005980200
ethnicity_post2020_CT,4012980000
ethnicity_post2020_CT,4013216858
ethnicity_post2020_CT,4013319707
ethnicity_post2020_CT,4013319709
ethnicity_post2020_CT,4013422224
ethnicity_post2020_CT,4013422225
ethnicity_post2020_CT,4013422226
ethnicity_post2020_CT,4013522801
ethnicity_post2020_CT,4013617001
ethnicity_post2020_CT,4013619601
ethnicity_post2020_CT,4013980100
ethnicity_post2020_CT,4013980500
ethnicity_post2020_CT,4013980700
ethnicity_post2020_CT,4019980001
ethnicity_post2020_CT,4019980002
ethnicity_post2020_CT,4027980003
ethnicity_post2020_CT,4027980004
ethnicity_post2020_CT,5119980100
ethnicity_post2020_CT,6001444303
ethnicity_post2020_CT,6001990000
ethnicity_post2020_CT,6013990000
ethnicity_post2020_CT,6015990000
ethnicity_post2020_CT,6017990000
ethnicity_post2020_CT,6023990100
ethnicity_post2020_CT,6037277400
ethnicity_post2020_CT,6037980001
ethnicity_post2020_CT,6037980002
ethnicity_post2020_CT,6037980003
ethnicity_post2020_CT,6037980004
ethnicity_post2020_CT,6037980005
ethnicity_post2020_CT,6037980006
ethnicity_post2020_CT,6037980007
ethnicity_post2020_CT,6037980013
ethnicity_post2020_CT,6037980018
ethnicity_post2020_CT,6037980020
ethnicity_post2020_CT,6037980022
ethnicity_post2020_CT,6037980023
ethnicity_post2020_CT,6037980028
ethnicity_post2020_CT,6037980030
ethnicity_post2020_CT,6037980034
ethnicity_post2020_CT,6037980037
ethnicity_post2020_CT,6037980038
ethnicity_post2020_CT,6037980039
ethnicity_post2020_CT,6037990100
ethnicity_post2020_CT,6037990200
ethnicity_post2020_CT,6037990300
ethnicity_post2020_CT,6041990100
ethnicity_post2020_CT,6045990100
ethnicity_post2020_CT,6053980000
ethnicity_post2020_CT,6053990000
ethnicity_post2020_CT,6059990100
ethnicity_post2020_CT,6061990000
ethnicity_post2020_CT,6065980004
ethnicity_post2020_CT,6073009902
ethnicity_post2020_CT,6073990100
ethnicity_post2020_CT,6075980401
ethnicity_post2020_CT,6075990100
ethnicity_post2020_CT,6075990200
ethnicity_post2020_CT,6079990000
ethnicity_post2020_CT,6081984300
ethnicity_post2020_CT,6081990100
ethnicity_post2020_CT,6083980000
ethnicity_post2020_CT,6083990000
ethnicity_post2020_CT,6087990100
ethnicity_post2020_CT,6095980000
ethnicity_post2020_CT,6097990100
ethnicity_post2020_CT,6111990100
ethnicity_post2020_CT,8001988700
ethnicity_post2020_CT,8014980100
ethnicity_post2020_CT,8014980200
ethnicity_post2020_CT,8014980300
ethnicity_post2020_CT,8031980001
ethnicity_post2020_CT,8031980100
ethnicity_post2020_CT,8059980000
ethnicity_post2020_CT,8059980700
ethnicity_post2020_CT,8059980800
ethnicity_post2020_CT,8101980100
ethnicity_post2020_CT,10001990000
ethnicity_post2020_CT,10003980100
ethnicity_post2020_CT,10003990100
ethnicity_post2020_CT,10005980000
ethnicity_post2020_CT,10005990000
ethnicity_post2020_CT,12005990000
ethnicity_post2020_CT,12009069905
ethnicity_post2020_CT,12009980100
ethnicity_post2020_CT,12009990000
ethnicity_post2020_CT,12011990000
ethnicity_post2020_CT,12015990000
ethnicity_post2020_CT,12017990000
ethnicity_post2020_CT,12021990000
ethnicity_post2020_CT,12029990000
ethnicity_post2020_CT,12031990000
ethnicity_post2020_CT,12033990000
ethnicity_post2020_CT,12035990000
ethnicity_post2020_CT,12037990000
ethnicity_post2020_CT,12037990100
ethnicity_post2020_CT,12043990000
ethnicity_post2020_CT,12045990000
ethnicity_post2020_CT,12051990000
ethnicity_post2020_CT,12053990000
ethnicity_post2020_CT,12055980100
ethnicity_post2020_CT,12055980200
ethnicity_post2020_CT,12057980100
ethnicity_post2020_CT,12057980200
ethnicity_post2020_CT,12057980300
ethnicity_post2020_CT,12057980500
ethnicity_post2020_CT,12057980600
ethnicity_post2020_CT,12057980700
ethnicity_post2020_CT,12057990000
ethnicity_post2020_CT,12057990100
ethnicity_post2020_CT,12061980000
ethnicity_post2020_CT,12061990000
ethnicity_post2020_CT,12065990000
ethnicity_post2020_CT,12071980000
ethnicity_post2020_CT,12071990000
ethnicity_post2020_CT,12075990000
ethnicity_post2020_CT,12081990000
ethnicity_post2020_CT,12083980000
ethnicity_post2020_CT,12083980100
ethnicity_post2020_CT,12085990000
ethnicity_post2020_CT,12085990100
ethnicity_post2020_CT,12086980100
ethnicity_post2020_CT,12086980200
ethnicity_post2020_CT,12086980400
ethnicity_post2020_CT,12086980600
ethnicity_post2020_CT,12086980800
ethnicity_post2020_CT,12086980900
ethnicity_post2020_CT,12086981000
ethnicity_post2020_CT,12086981200
ethnicity_post2020_CT,12086990000
ethnicity_post2020_CT,12087990000
ethnicity_post2020_CT,12089990000
ethnicity_post2020_CT,12091990100
ethnicity_post2020_CT,12091990200
ethnicity_post2020_CT,12093990000
ethnicity_post2020_CT,12095990000
ethnicity_post2020_CT,12099007852
ethnicity_post2020_CT,12099008102
ethnicity_post2020_CT,12099980000
ethnicity_post2020_CT,12099980100
ethnicity_post2020_CT,12099980200
ethnicity_post2020_CT,12099980400
ethnicity_post2020_CT,12099980500
ethnicity_post2020_CT,12099990000
ethnicity_post2020_CT,12099990100
ethnicity_post2020_CT,12101990000
ethnicity_post2020_CT,12103990000
ethnicity_post2020_CT,12103990100
ethnicity_post2020_CT,12105980000
ethnicity_post2020_CT,12107980000
ethnicity_post2020_CT,12109990100
ethnicity_post2020_CT,12109990200
ethnicity_post2020_CT,12111980000
ethnicity_post2020_CT,12111990000
ethnicity_post2020_CT,12113990000
ethnicity_post2020_CT,12115990000
ethnicity_post2020_CT,12119980000
ethnicity_post2020_CT,12123990000
ethnicity_post2020_CT,12127990000
ethnicity_post2020_CT,12129990000
ethnicity_post2020_CT,12131990000
ethnicity_post2020_CT,13029980000
ethnicity_post2020_CT,13039990000
ethnicity_post2020_CT,13051980000
ethnicity_post2020_CT,13051990000
ethnicity_post2020_CT,13063980000
ethnicity_post2020_CT,13089980000
ethnicity_post2020_CT,13121980000
ethnicity_post2020_CT,13127990000
ethnicity_post2020_CT,13179990000
ethnicity_post2020_CT,13183980000
ethnicity_post2020_CT,13191980000
ethnicity_post2020_CT,13191990000
ethnicity_post2020_CT,15001990000
ethnicity_post2020_CT,15001990100
ethnicity_post2020_CT,15001990300
ethnicity_post2020_CT,15001990400
ethnicity_post2020_CT,15001990500
ethnicity_post2020_CT,15001990600
ethnicity_post2020_CT,15001990700
ethnicity_post2020_CT,15001990800
ethnicity_post2020_CT,15001990900
ethnicity_post2020_CT,15001991000
ethnicity_post2020_CT,15001991100
ethnicity_post2020_CT,15001991200
ethnicity_post2020_CT,15001991300
ethnicity_post2020_CT,15001991400
ethnicity_post2020_CT,15001991500
ethnicity_post2020_CT,15001991600
ethnicity_post2020_CT,15001991700
ethnicity_post2020_CT,15003980000
ethnicity_post2020_CT,15003980300
ethnicity_post2020_CT,15003980700
ethnicity_post2020_CT,15003980800
ethnicity_post2020_CT,15003981000
ethnicity_post2020_CT,15003981200
ethnicity_post2020_CT,15003982100
ethnicity_post2020_CT,15003990001
ethnicity_post2020_CT,15005990000
ethnicity_post2020_CT,15007041200
ethnicity_post2020_CT,15007990100
ethnicity_post2020_CT,15007990200
ethnicity_post2020_CT,15007990300
ethnicity_post2020_CT,15009980000
ethnicity_post2020_CT,15009990000
ethnicity_post2020_CT,15009990200
ethnicity_post2020_CT,15009991200
ethnicity_post2020_CT,17031381700
ethnicity_post2020_CT,17031980000
ethnicity_post2020_CT,17031980100
ethnicity_post2020_CT,17031990000
ethnicity_post2020_CT,17097990000
ethnicity_post2020_CT,17197980000
ethnicity_post2020_CT,18089990000
ethnicity_post2020_CT,18091990000
ethnicity_post2020_CT,18097390801
ethnicity_post2020_CT,18127980001
ethnicity_post2020_CT,18127980002
ethnicity_post2020_CT,18127990000
ethnicity_post2020_CT,18163980100
ethnicity_post2020_CT,18163980200
ethnicity_post2020_CT,18163980300
ethnicity_post2020_CT,18163980600
ethnicity_post2020_CT,19153011600
ethnicity_post2020_CT,19193940200
ethnicity_post2020_CT,20091980001
ethnicity_post2020_CT,20091980003
ethnicity_post2020_CT,20091980005
ethnicity_post2020_CT,20091980100
ethnicity_post2020_CT,20161980000
ethnicity_post2020_CT,20209044602
ethnicity_post2020_CT,20209044603
ethnicity_post2020_CT,20209980000
ethnicity_post2020_CT,20209980500
ethnicity_post2020_CT,20209980900
ethnicity_post2020_CT,20209981200
ethnicity_post2020_CT,21029980100
ethnicity_post2020_CT,21047980100
ethnicity_post2020_CT,21111980100
ethnicity_post2020_CT,21143980100
ethnicity_post2020_CT,21221980200
ethnicity_post2020_CT,22017980000
ethnicity_post2020_CT,22019980000
ethnicity_post2020_CT,22019980100
ethnicity_post2020_CT,22023990000
ethnicity_post2020_CT,22033980000
ethnicity_post2020_CT,22045990000
ethnicity_post2020_CT,22051980000
ethnicity_post2020_CT,22051990000
ethnicity_post2020_CT,22051990100
ethnicity_post2020_CT,22057990000
ethnicity_post2020_CT,22071980100
ethnicity_post2020_CT,22071990000
ethnicity_post2020_CT,22073980000
ethnicity_post2020_CT,22075990000
ethnicity_post2020_CT,22079980000
ethnicity_post2020_CT,22087990000
ethnicity_post2020_CT,22101990000
ethnicity_post2020_CT,22103990000
ethnicity_post2020_CT,22109990000
ethnicity_post2020_CT,22113990000
ethnicity_post2020_CT,22125951703
ethnicity_post2020_CT,23005990000
ethnicity_post2020_CT,23009990000
ethnicity_post2020_CT,23013990000
ethnicity_post2020_CT,23015990000
ethnicity_post2020_CT,23023990000
ethnicity_post2020_CT,23029990000
ethnicity_post2020_CT,23031990100
ethnicity_post2020_CT,24003990000
ethnicity_post2020_CT,24005980100
ethnicity_post2020_CT,24005980200
ethnicity_post2020_CT,24009990100
ethnicity_post2020_CT,24017990000
ethnicity_post2020_CT,24019990000
ethnicity_post2020_CT,24029990000
ethnicity_post2020_CT,24035990000
ethnicity_post2020_CT,24035990100
ethnicity_post2020_CT,24035990200
ethnicity_post2020_CT,24037990000
ethnicity_post2020_CT,24039990100
ethnicity_post2020_CT,24041990000
ethnicity_post2020_CT,24047980000
ethnicity_post2020_CT,24047990000
ethnicity_post2020_CT,25001990000
ethnicity_post2020_CT,25005990000
ethnicity_post2020_CT,25007990000
ethnicity_post2020_CT,25009990100
ethnicity_post2020_CT,25017359301
ethnicity_post2020_CT,25017359302
ethnicity_post2020_CT,25017980000
ethnicity_post2020_CT,25019990000
ethnicity_post2020_CT,25021980000
ethnicity_post2020_CT,25023990003
ethnicity_post2020_CT,25025061202
ethnicity_post2020_CT,25025981201
ethnicity_post2020_CT,25025981501
ethnicity_post2020_CT,25025981502
ethnicity_post2020_CT,25025981600
ethnicity_post2020_CT,25025981700
ethnicity_post2020_CT,25025981900
ethnicity_post2020_CT,25025990101
ethnicity_post2020_CT,26001990000
ethnicity_post2020_CT,26003990000
ethnicity_post2020_CT,26005990000
ethnicity_post2020_CT,26007990000
ethnicity_post2020_CT,26009990000
ethnicity_post2020_CT,26011990000
ethnicity_post2020_CT,26011990100
ethnicity_post2020_CT,26013990100
ethnicity_post2020_CT,26017990000
ethnicity_post2020_CT,26019990000
ethnicity_post2020_CT,26021990000
ethnicity_post2020_CT,26029990000
ethnicity_post2020_CT,26031990000
ethnicity_post2020_CT,26033980100
ethnicity_post2020_CT,26033990000
ethnicity_post2020_CT,26033990100
ethnicity_post2020_CT,26041990000
ethnicity_post2020_CT,26041990100
ethnicity_post2020_CT,26047990000
ethnicity_post2020_CT,26049980000
ethnicity_post2020_CT,26049980100
ethnicity_post2020_CT,26053990000
ethnicity_post2020_CT,26055990000
ethnicity_post2020_CT,26061990000
ethnicity_post2020_CT,26061990100
ethnicity_post2020_CT,26063990000
ethnicity_post2020_CT,26065980200
ethnicity_post2020_CT,26065980300
ethnicity_post2020_CT,26069990000
ethnicity_post2020_CT,26083990100
ethnicity_post2020_CT,26089990000
ethnicity_post2020_CT,26095980000
ethnicity_post2020_CT,26095990000
ethnicity_post2020_CT,26097990000
ethnicity_post2020_CT,26099980000
ethnicity_post2020_CT,26099980100
ethnicity_post2020_CT,26099982001
ethnicity_post2020_CT,26099982002
ethnicity_post2020_CT,26099982100
ethnicity_post2020_CT,26099990100
ethnicity_post2020_CT,26101990000
ethnicity_post2020_CT,26103990000
ethnicity_post2020_CT,26105990000
ethnicity_post2020_CT,26109990000
ethnicity_post2020_CT,26115990000
ethnicity_post2020_CT,26121990000
ethnicity_post2020_CT,26125981000
ethnicity_post2020_CT,26125981100
ethnicity_post2020_CT,26125981200
ethnicity_post2020_CT,26125981500
ethnicity_post2020_CT,26125981600
ethnicity_post2020_CT,26127990000
ethnicity_post2020_CT,26131990100
ethnicity_post2020_CT,26139990000
ethnicity_post2020_CT,26141990000
ethnicity_post2020_CT,26147990000
ethnicity_post2020_CT,26151990000
ethnicity_post2020_CT,26153990000
ethnicity_post2020_CT,26157990000
ethnicity_post2020_CT,26159990000
ethnicity_post2020_CT,26161980200
ethnicity_post2020_CT,26161980400
ethnicity_post2020_CT,26163981700
ethnicity_post2020_CT,26163981800
ethnicity_post2020_CT,26163981901
ethnicity_post2020_CT,26163981902
ethnicity_post2020_CT,26163982000
ethnicity_post2020_CT,26163982101
ethnicity_post2020_CT,26163982102
ethnicity_post2020_CT,26163982200
ethnicity_post2020_CT,26163982301
ethnicity_post2020_CT,26163982302
ethnicity_post2020_CT,26163982500
ethnicity_post2020_CT,26163982600
ethnicity_post2020_CT,26163982700
ethnicity_post2020_CT,26163982900
ethnicity_post2020_CT,26163983100
ethnicity_post2020_CT,26163983200
ethnicity_post2020_CT,26163983301
ethnicity_post2020_CT,26163983302
ethnicity_post2020_CT,26163983600
ethnicity_post2020_CT,26163983700
ethnicity_post2020_CT,26163983800
ethnicity_post2020_CT,26163983902
ethnicity_post2020_CT,26163983903
ethnicity_post2020_CT,26163984100
ethnicity_post2020_CT,26163984200
ethnicity_post2020_CT,26163985000
ethnicity_post2020_CT,26163985200
ethnicity_post2020_CT,26163985500
ethnicity_post2020_CT,26163985600
ethnicity_post2020_CT,26163985700
ethnicity_post2020_CT,26163985800
ethnicity_post2020_CT,26163985900
ethnicity_post2020_CT,26163986100
ethnicity_post2020_CT,26163986200
ethnicity_post2020_CT,26163986300
ethnicity_post2020_CT,26163986400
ethnicity_post2020_CT,26163986501
ethnicity_post2020_CT,26163986502
ethnicity_post2020_CT,26163986600
ethnicity_post2020_CT,26163987000
ethnicity_post2020_CT,26163990100
ethnicity_post2020_CT,26163990200
ethnicity_post2020_CT,27031990000
ethnicity_post2020_CT,27053980000
ethnicity_post2020_CT,27075990100
ethnicity_post2020_CT,27123980000
ethnicity_post2020_CT,27137990100
ethnicity_post2020_CT,28045990000
ethnicity_post2020_CT,28047990000
ethnicity_post2020_CT,28059990000
ethnicity_post2020_CT,28067980000
ethnicity_post2020_CT,28081980000
ethnicity_post2020_CT,29095980101
ethnicity_post2020_CT,29095980802
ethnicity_post2020_CT,29095989200
ethnicity_post2020_CT,29165980000
ethnicity_post2020_CT,29183980000
ethnicity_post2020_CT,30067980600
ethnicity_post2020_CT,32005990000
ethnicity_post2020_CT,32023980500
ethnicity_post2020_CT,32031980100
ethnicity_post2020_CT,32031980200
ethnicity_post2020_CT,32031990000
ethnicity_post2020_CT,32031990100
ethnicity_post2020_CT,32510990000
ethnicity_post2020_CT,33011980101
ethnicity_post2020_CT,33015980011
ethnicity_post2020_CT,33015990000
ethnicity_post2020_CT,34001990000
ethnicity_post2020_CT,34009990100
ethnicity_post2020_CT,34011990000
ethnicity_post2020_CT,34013980200
ethnicity_post2020_CT,34017980100
ethnicity_post2020_CT,34023980000
ethnicity_post2020_CT,34025990000
ethnicity_post2020_CT,34029980000
ethnicity_post2020_CT,34029980100
ethnicity_post2020_CT,34029990000
ethnicity_post2020_CT,34033990000
ethnicity_post2020_CT,35001940800
ethnicity_post2020_CT,35001980300
ethnicity_post2020_CT,35031980000
ethnicity_post2020_CT,35043940300
ethnicity_post2020_CT,35043980000
ethnicity_post2020_CT,35057980000
ethnicity_post2020_CT,35061980300
ethnicity_post2020_CT,35061980400
ethnicity_post2020_CT,36003940200
ethnicity_post2020_CT,36005001903
ethnicity_post2020_CT,36005001904
ethnicity_post2020_CT,36005002400
ethnicity_post2020_CT,36005006302
ethnicity_post2020_CT,36005011000
ethnicity_post2020_CT,36005011702
ethnicity_post2020_CT,36005016300
ethnicity_post2020_CT,36005017100
ethnicity_post2020_CT,36005024900
ethnicity_post2020_CT,36005043502
ethnicity_post2020_CT,36005048402
ethnicity_post2020_CT,36005050400
ethnicity_post2020_CT,36005051602
ethnicity_post2020_CT,36009940200
ethnicity_post2020_CT,36011990200
ethnicity_post2020_CT,36013990000
ethnicity_post2020_CT,36029990000
ethnicity_post2020_CT,36045990001
ethnicity_post2020_CT,36047001802
ethnicity_post2020_CT,36047001804
ethnicity_post2020_CT,36047003102
ethnicity_post2020_CT,36047005303
ethnicity_post2020_CT,36047008600
ethnicity_post2020_CT,36047011902
ethnicity_post2020_CT,36047015400
ethnicity_post2020_CT,36047017500
ethnicity_post2020_CT,36047017700
ethnicity_post2020_CT,36047031402
ethnicity_post2020_CT,36047035702
ethnicity_post2020_CT,36047040700
ethnicity_post2020_CT,36047044902
ethnicity_post2020_CT,36047054300
ethnicity_post2020_CT,36047057902
ethnicity_post2020_CT,36047058902
ethnicity_post2020_CT,36047066600
ethnicity_post2020_CT,36047070203
ethnicity_post2020_CT,36047070602
ethnicity_post2020_CT,36047096000
ethnicity_post2020_CT,36047102802
ethnicity_post2020_CT,36047103402
ethnicity_post2020_CT,36047107002
ethnicity_post2020_CT,36047107003
ethnicity_post2020_CT,36047118000
ethnicity_post2020_CT,36047990100
ethnicity_post2020_CT,36055980000
ethnicity_post2020_CT,36055990000
ethnicity_post2020_CT,36059990100
ethnicity_post2020_CT,36059990200
ethnicity_post2020_CT,36059990301
ethnicity_post2020_CT,36059990302
ethnicity_post2020_CT,36059990400
ethnicity_post2020_CT,36061000100
ethnicity_post2020_CT,36061000500
ethnicity_post2020_CT,36061008602
ethnicity_post2020_CT,36061014300
ethnicity_post2020_CT,36061031100
ethnicity_post2020_CT,36061031900
ethnicity_post2020_CT,36063940100
ethnicity_post2020_CT,36063990000
ethnicity_post2020_CT,36065980002
ethnicity_post2020_CT,36065980003
ethnicity_post2020_CT,36073990000
ethnicity_post2020_CT,36075990000
ethnicity_post2020_CT,36081000103
ethnicity_post2020_CT,36081003700
ethnicity_post2020_CT,36081005000
ethnicity_post2020_CT,36081009900
ethnicity_post2020_CT,36081010701
ethnicity_post2020_CT,36081017101
ethnicity_post2020_CT,36081019903
ethnicity_post2020_CT,36081021603
ethnicity_post2020_CT,36081021900
ethnicity_post2020_CT,36081022900
ethnicity_post2020_CT,36081024600
ethnicity_post2020_CT,36081028803
ethnicity_post2020_CT,36081029900
ethnicity_post2020_CT,36081033100
ethnicity_post2020_CT,36081038301
ethnicity_post2020_CT,36081038302
ethnicity_post2020_CT,36081053502
ethnicity_post2020_CT,36081061302
ethnicity_post2020_CT,36081062400
ethnicity_post2020_CT,36081064102
ethnicity_post2020_CT,36081065402
ethnicity_post2020_CT,36081065501
ethnicity_post2020_CT,36081066302
ethnicity_post2020_CT,36081066404
ethnicity_post2020_CT,36081071600
ethnicity_post2020_CT,36081079300
ethnicity_post2020_CT,36081089202
ethnicity_post2020_CT,36081091602
ethnicity_post2020_CT,36081091604
ethnicity_post2020_CT,36081097207
ethnicity_post2020_CT,36081099900
ethnicity_post2020_CT,36081107202
ethnicity_post2020_CT,36081120702
ethnicity_post2020_CT,36081121100
ethnicity_post2020_CT,36081128300
ethnicity_post2020_CT,36081990100
ethnicity_post2020_CT,36085005902
ethnicity_post2020_CT,36085015400
ethnicity_post2020_CT,36085022802
ethnicity_post2020_CT,36085990100
ethnicity_post2020_CT,36103990100
ethnicity_post2020_CT,36117990100
ethnicity_post2020_CT,36119005600
ethnicity_post2020_CT,37019990100
ethnicity_post2020_CT,37031980100
ethnicity_post2020_CT,37031990100
ethnicity_post2020_CT,37031990200
ethnicity_post2020_CT,37053990100
ethnicity_post2020_CT,37055990100
ethnicity_post2020_CT,37055990200
ethnicity_post2020_CT,37063980100
ethnicity_post2020_CT,37081980100
ethnicity_post2020_CT,37087980100
ethnicity_post2020_CT,37089980100
ethnicity_post2020_CT,37093980100
ethnicity_post2020_CT,37095990100
ethnicity_post2020_CT,37095990200
ethnicity_post2020_CT,37119980100
ethnicity_post2020_CT,37119980200
ethnicity_post2020_CT,37119980300
ethnicity_post2020_CT,37129980100
ethnicity_post2020_CT,37129990100
ethnicity_post2020_CT,37133990100
ethnicity_post2020_CT,37137990100
ethnicity_post2020_CT,37141990100
ethnicity_post2020_CT,37183980200
ethnicity_post2020_CT,39007990000
ethnicity_post2020_CT,39035980100
ethnicity_post2020_CT,39035980200
ethnicity_post2020_CT,39035980500
ethnicity_post2020_CT,39035980900
ethnicity_post2020_CT,39035981100
ethnicity_post2020_CT,39035990000
ethnicity_post2020_CT,39043990100
ethnicity_post2020_CT,39049980000
ethnicity_post2020_CT,39085990000
ethnicity_post2020_CT,39093990200
ethnicity_post2020_CT,39095990000
ethnicity_post2020_CT,39113980000
ethnicity_post2020_CT,40109107101
ethnicity_post2020_CT,40109980002
ethnicity_post2020_CT,40109980005
ethnicity_post2020_CT,41007990000
ethnicity_post2020_CT,41011990101
ethnicity_post2020_CT,41015990101
ethnicity_post2020_CT,41019990000
ethnicity_post2020_CT,41039990000
ethnicity_post2020_CT,41041990100
ethnicity_post2020_CT,41045940000
ethnicity_post2020_CT,41051980000
ethnicity_post2020_CT,41057990100
ethnicity_post2020_CT,42003980000
ethnicity_post2020_CT,42003980100
ethnicity_post2020_CT,42003980300
ethnicity_post2020_CT,42003980400
ethnicity_post2020_CT,42003980800
ethnicity_post2020_CT,42003981000
ethnicity_post2020_CT,42003981100
ethnicity_post2020_CT,42003981200
ethnicity_post2020_CT,42017980000
ethnicity_post2020_CT,42045980000
ethnicity_post2020_CT,42045980200
ethnicity_post2020_CT,42049990000
ethnicity_post2020_CT,42091980000
ethnicity_post2020_CT,42091980200
ethnicity_post2020_CT,42091980300
ethnicity_post2020_CT,42101980001
ethnicity_post2020_CT,42101980002
ethnicity_post2020_CT,42101980003
ethnicity_post2020_CT,42101980300
ethnicity_post2020_CT,42101980400
ethnicity_post2020_CT,42101980500
ethnicity_post2020_CT,42101980600
ethnicity_post2020_CT,42101980701
ethnicity_post2020_CT,42101980702
ethnicity_post2020_CT,42101980800
ethnicity_post2020_CT,42101980901
ethnicity_post2020_CT,42101980902
ethnicity_post2020_CT,42101980903
ethnicity_post2020_CT,42101980904
ethnicity_post2020_CT,42101980905
ethnicity_post2020_CT,42101980906
ethnicity_post2020_CT,42101989200
ethnicity_post2020_CT,44003980000
ethnicity_post2020_CT,44005990000
ethnicity_post2020_CT,44009990100
ethnicity_post2020_CT,44009990200
ethnicity_post2020_CT,45003980100
ethnicity_post2020_CT,45013990100
ethnicity_post2020_CT,45015980100
ethnicity_post2020_CT,45019990100
ethnicity_post2020_CT,45029990100
ethnicity_post2020_CT,45041980100
ethnicity_post2020_CT,45043990100
ethnicity_post2020_CT,45051990100
ethnicity_post2020_CT,45053990100
ethnicity_post2020_CT,45063980100
ethnicity_post2020_CT,47001980100
ethnicity_post2020_CT,47009980200
ethnicity_post2020_CT,47017980100
ethnicity_post2020_CT,47029980100
ethnicity_post2020_CT,47037980100
ethnicity_post2020_CT,47037980200
ethnicity_post2020_CT,47053980100
ethnicity_post2020_CT,47065980100
ethnicity_post2020_CT,47065980200
ethnicity_post2020_CT,47145980100
ethnicity_post2020_CT,47155980100
ethnicity_post2020_CT,47157980100
ethnicity_post2020_CT,47157980200
ethnicity_post2020_CT,47157980300
ethnicity_post2020_CT,47157980402
ethnicity_post2020_CT,47161980100
ethnicity_post2020_CT,47161980200
ethnicity_post2020_CT,48007990000
ethnicity_post2020_CT,48027980002
ethnicity_post2020_CT,48027980003
ethnicity_post2020_CT,48029980001
ethnicity_post2020_CT,48029980002
ethnicity_post2020_CT,48029980004
ethnicity_post2020_CT,48039990000
ethnicity_post2020_CT,48041980000
ethnicity_post2020_CT,48057990000
ethnicity_post2020_CT,48061980001
ethnicity_post2020_CT,48061980100
ethnicity_post2020_CT,48061990000
ethnicity_post2020_CT,48071710600
ethnicity_post2020_CT,48071990000
ethnicity_post2020_CT,48085030902
ethnicity_post2020_CT,48113980000
ethnicity_post2020_CT,48113980100
ethnicity_post2020_CT,48141980000
ethnicity_post2020_CT,48167990000
ethnicity_post2020_CT,48167990100
ethnicity_post2020_CT,48201324102
ethnicity_post2020_CT,48201340201
ethnicity_post2020_CT,48201980100
ethnicity_post2020_CT,48215980000
ethnicity_post2020_CT,48245980000
ethnicity_post2020_CT,48245990000
ethnicity_post2020_CT,48261990000
ethnicity_post2020_CT,48273990000
ethnicity_post2020_CT,48303980000
ethnicity_post2020_CT,48309980000
ethnicity_post2020_CT,48321990000
ethnicity_post2020_CT,48329980000
ethnicity_post2020_CT,48355980000
ethnicity_post2020_CT,48355990000
ethnicity_post2020_CT,48423980000
ethnicity_post2020_CT,48439980000
ethnicity_post2020_CT,48441980000
ethnicity_post2020_CT,48451980000
ethnicity_post2020_CT,48453980000
ethnicity_post2020_CT,48465980000
ethnicity_post2020_CT,48469980000
ethnicity_post2020_CT,48479980000
ethnicity_post2020_CT,48485980000
ethnicity_post2020_CT,48489990000
ethnicity_post2020_CT,49035980000
ethnicity_post2020_CT,49035980100
ethnicity_post2020_CT,49045980000
ethnicity_post2020_CT,49049980100
ethnicity_post2020_CT,49049980600
ethnicity_post2020_CT,49051980100
ethnicity_post2020_CT,50007980000
ethnicity_post2020_CT,51001980200
ethnicity_post2020_CT,51001990100
ethnicity_post2020_CT,51001990200
ethnicity_post2020_CT,51013980200
ethnicity_post2020_CT,51053980100
ethnicity_post2020_CT,51059980200
ethnicity_post2020_CT,51059980300
ethnicity_post2020_CT,51087980100
ethnicity_post2020_CT,51103990100
ethnicity_post2020_CT,51107980100
ethnicity_post2020_CT,51115990100
ethnicity_post2020_CT,51119990100
ethnicity_post2020_CT,51131990100
ethnicity_post2020_CT,51133990100
ethnicity_post2020_CT,51153980100
ethnicity_post2020_CT,51155980100
ethnicity_post2020_CT,51155980200
ethnicity_post2020_CT,51199990100
ethnicity_post2020_CT,51510980000
ethnicity_post2020_CT,51590980100
ethnicity_post2020_CT,51650990100
ethnicity_post2020_CT,51670980100
ethnicity_post2020_CT,51710980100
ethnicity_post2020_CT,51710980200
ethnicity_post2020_CT,51710980300
ethnicity_post2020_CT,51710990000
ethnicity_post2020_CT,51735990100
ethnicity_post2020_CT,51810990100
ethnicity_post2020_CT,53005012000
ethnicity_post2020_CT,53009990100
ethnicity_post2020_CT,53021980100
ethnicity_post2020_CT,53027990000
ethnicity_post2020_CT,53029992201
ethnicity_post2020_CT,53031990000
ethnicity_post2020_CT,53033990100
ethnicity_post2020_CT,53035990100
ethnicity_post2020_CT,53049990100
ethnicity_post2020_CT,53055990100
ethnicity_post2020_CT,53057990100
ethnicity_post2020_CT,53061990002
ethnicity_post2020_CT,53061990100
ethnicity_post2020_CT,53067990100
ethnicity_post2020_CT,54021980000
ethnicity_post2020_CT,55003990000
ethnicity_post2020_CT,55007990000
ethnicity_post2020_CT,55025991702
ethnicity_post2020_CT,55025991703
ethnicity_post2020_CT,55029990000
ethnicity_post2020_CT,55031990000
ethnicity_post2020_CT,55051990000
ethnicity_post2020_CT,55059990000
ethnicity_post2020_CT,55061990000
ethnicity_post2020_CT,55071990000
ethnicity_post2020_CT,55075990000
ethnicity_post2020_CT,55079980000
ethnicity_post2020_CT,55079990000
ethnicity_post2020_CT,55083990000
ethnicity_post2020_CT,55089990000
ethnicity_post2020_CT,55101990000
ethnicity_post2020_CT,55117990000
ethnicity_post2020_CT,56021980801
population_post2020_CT,9110400101
population_post2020_CT,9110400102
population_post2020_CT,9110400200
population_post2020_CT,9110400300
population_post2020_CT,9110415300
population_post2020_CT,9110415400
population_post2020_CT,9110415500
population_post2020_CT,9110415600
population_post2020_CT,9110415700
population_post2020_CT,9110415800
population_post2020_CT,9110415900
population_post2020_CT,9110416000
population_post2020_CT,9110416100
population_post2020_CT,9110416200
population_post2020_CT,9110416300
population_post2020_CT,9110416400
population_post2020_CT,9110416500
population_post2020_CT,9110416600
population_post2020_CT,9110416700
population_post2020_CT,9110416800
population_post2020_CT,9110417100
population_post2020_CT,9110417200
population_post2020_CT,9110417300
population_post2020_CT,9110417400
population_post2020_CT,9110417500
population_post2020_CT,9110420400
population_post2020_CT,9110420500
population_post2020_CT,9110420601
population_post2020_CT,9110420602
population_post2020_CT,9110420700
population_post2020_CT,9110430100
population_post2020_CT,9110430201
population_post2020_CT,9110430202
population_post2020_CT,9110430203
population_post2020_CT,9110430301
population_post2020_CT,9110430302
population_post2020_CT,9110430400
population_post2020_CT,9110430501
population_post2020_CT,9110430502
population_post2020_CT,9110430602
population_post2020_CT,9110430603
population_post2020_CT,9110430604
population_post2020_CT,9110460100
population_post2020_CT,9110460202
population_post2020_CT,9110460203
population_post2020_CT,9110460204
population_post2020_CT,9110460301
population_post2020_CT,9110460302
population_post2020_CT,9110462101
population_post2020_CT,9110462102
population_post2020_CT,9110462201
population_post2020_CT,9110462202
population_post2020_CT,9110464101
population_post2020_CT,9110464102
population_post2020_CT,9110466101
population_post2020_CT,9110466102
population_post2020_CT,9110466201
population_post2020_CT,9110466202
population_post2020_CT,9110466300
population_post2020_CT,9110466400
population_post2020_CT,9110468101
population_post2020_CT,9110468102
population_post2020_CT,9110470100
population_post2020_CT,9110471100
population_post2020_CT,9110471200
population_post2020_CT,9110471300
population_post2020_CT,9110471400
population_post2020_CT,9110471500
population_post2020_CT,9110473100
population_post2020_CT,9110473400
population_post2020_CT,9110473501
population_post2020_CT,9110473502
population_post2020_CT,9110473601
population_post2020_CT,9110473602
population_post2020_CT,9110473700
population_post2020_CT,9110473800
population_post2020_CT,9110476100
population_post2020_CT,9110476200
population_post2020_CT,9110476300
population_post2020_CT,9110477101
population_post2020_CT,9110477103
population_post2020_CT,9110477104
population_post2020_CT,9110477200
population_post2020_CT,9110480300
population_post2020_CT,9110480400
population_post2020_CT,9110480500
population_post2020_CT,9110480600
population_post2020_CT,9110480700
population_post2020_CT,9110480800
population_post2020_CT,9110480900
population_post2020_CT,9110481000
population_post2020_CT,9110481100
population_post2020_CT,9110481200
population_post2020_CT,9110481300
population_post2020_CT,9110484100
population_post2020_CT,9110484200
population_post2020_CT,9110487100
population_post2020_CT,9110487201
population_post2020_CT,9110487202
population_post2020_CT,9110487300
population_post2020_CT,9110487400
population_post2020_CT,9110487500
population_post2020_CT,9110490100
population_post2020_CT,9110490303
population_post2020_CT,9110490304
population_post2020_CT,9110492100
population_post2020_CT,9110492200
population_post2020_CT,9110492300
population_post2020_CT,9110492400
population_post2020_CT,9110492500
population_post2020_CT,9110492600
population_post2020_CT,9110494100
population_post2020_CT,9110494201
population_post2020_CT,9110494202
population_post2020_CT,9110494300
population_post2020_CT,9110494400
population_post2020_CT,9110494500
population_post2020_CT,9110494600
population_post2020_CT,9110496100
population_post2020_CT,9110496200
population_post2020_CT,9110496300
population_post2020_CT,9110496400
population_post2020_CT,9110496500
population_post2020_CT,9110496600
population_post2020_CT,9110496700
population_post2020_CT,9110496800
population_post2020_CT,9110496900
population_post2020_CT,9110497000
population_post2020_CT,9110497100
population_post2020_CT,9110497200
population_post2020_CT,9110497300
population_post2020_CT,9110497400
population_post2020_CT,9110497500
population_post2020_CT,9110497600
population_post2020_CT,9110497700
population_post2020_CT,9110500100
population_post2020_CT,9110500200
population_post2020_CT,9110500300
population_post2020_CT,9110500400
population_post2020_CT,9110500500
population_post2020_CT,9110500900
population_post2020_CT,9110501200
population_post2020_CT,9110501300
population_post2020_CT,9110501400
population_post2020_CT,9110501500
population_post2020_CT,9110501700
population_post2020_CT,9110501800
population_post2020_CT,9110502100
population_post2020_CT,9110502300
population_post2020_CT,9110502400
population_post2020_CT,9110502500
population_post2020_CT,9110502600
population_post2020_CT,9110502700
population_post2020_CT,9110502800
population_post2020_CT,9110502900
population_post2020_CT,9110503000
population_post2020_CT,9110503101
population_post2020_CT,9110503102
population_post2020_CT,9110503300
population_post2020_CT,9110503500
population_post2020_CT,9110503700
population_post2020_CT,9110503800
population_post2020_CT,9110503900
population_post2020_CT,9110504000
population_post2020_CT,9110504100
population_post2020_CT,9110504200
population_post2020_CT,9110504300
population_post2020_CT,9110504500
population_post2020_CT,9110504800
population_post2020_CT,9110504900
population_post2020_CT,9110510100
population_post2020_CT,9110510200
population_post2020_CT,9110510300
population_post2020_CT,9110510400
population_post2020_CT,9110510500
population_post2020_CT,9110510600
population_post2020_CT,9110510700
population_post2020_CT,9110510800
population_post2020_CT,9110510900
population_post2020_CT,9110511000
population_post2020_CT,9110511100
population_post2020_CT,9110511200
population_post2020_CT,9110511300
population_post2020_CT,9110511400
population_post2020_CT,9110514101
population_post2020_CT,9110514103
population_post2020_CT,9110514104
population_post2020_CT,9110514200
population_post2020_CT,9110514300
population_post2020_CT,9110514400
population_post2020_CT,9110514500
population_post2020_CT,9110514600
population_post2020_CT,9110514700
population_post2020_CT,9110514800
population_post2020_CT,9110514900
population_post2020_CT,9110515000
population_post2020_CT,9110515101
population_post2020_CT,9110515102
population_post2020_CT,9110515200
population_post2020_CT,9110520100
population_post2020_CT,9110520201
population_post2020_CT,9110520202
population_post2020_CT,9110520301
population_post2020_CT,9110520302
population_post2020_CT,9110520400
population_post2020_CT,9110520501
population_post2020_CT,9110524100
population_post2020_CT,9110524200
population_post2020_CT,9110524300
population_post2020_CT,9110524400
population_post2020_CT,9110524501
population_post2020_CT,9110524502
population_post2020_CT,9110524600
population_post2020_CT,9110524700
population_post2020_CT,9110526101
population_post2020_CT,9110526102
population_post2020_CT,9110528100
population_post2020_CT,9110529100
population_post2020_CT,9110530100
population_post2020_CT,9110530200
population_post2020_CT,9110530301
population_post2020_CT,9110530302
population_post2020_CT,9110530400
population_post2020_CT,9110530500
population_post2020_CT,9110530600
population_post2020_CT,9110533102
population_post2020_CT,9110533103
population_post2020_CT,9110533104
population_post2020_CT,9110535101
population_post2020_CT,9110535102
population_post2020_CT,9110535200
population_post2020_CT,9110538100
population_post2020_CT,9110538201
population_post2020_CT,9110538202
population_post2020_CT,9110840100
population_post2020_CT,9110850100
population_post2020_CT,9110850200
population_post2020_CT,9110860100
population_post2020_CT,9110881100
population_post2020_CT,9110881200
population_post2020_CT,9110881300
population_post2020_CT,9110881500
population_post2020_CT,9110890100
population_post2020_CT,9110890202
population_post2020_CT,9110890204
population_post2020_CT,9110980001
population_post2020_CT,9110980002
population_post2020_CT,9110980003
population_post2020_CT,9110980100
population_post2020_CT,9120060100
population_post2020_CT,9120060200
population_post2020_CT,9120060300
population_post2020_CT,9120060400
population_post2020_CT,9120060500
population_post2020_CT,9120060600
population_post2020_CT,9120060700
population_post2020_CT,9120060800
population_post2020_CT,9120060900
population_post2020_CT,9120061000
population_post2020_CT,9120061100
population_post2020_CT,9120061200
population_post2020_CT,9120061300
population_post2020_CT,9120061400
population_post2020_CT,9120061500
population_post2020_CT,9120061600
population_post2020_CT,9120070100
population_post2020_CT,9120070200
population_post2020_CT,9120070300
population_post2020_CT,9120070400
population_post2020_CT,9120070500
population_post2020_CT,9120070600
population_post2020_CT,9120070900
population_post2020_CT,9120071000
population_post2020_CT,9120071100
population_post2020_CT,9120071200
population_post2020_CT,9120071300
population_post2020_CT,9120071400
population_post2020_CT,9120071600
population_post2020_CT,9120071900
population_post2020_CT,9120072000
population_post2020_CT,9120072100
population_post2020_CT,9120072200
population_post2020_CT,9120072300
population_post2020_CT,9120072400
population_post2020_CT,9120072500
population_post2020_CT,9120072600
population_post2020_CT,9120072700
population_post2020_CT,9120072800
population_post2020_CT,9120072900
population_post2020_CT,9120073000
population_post2020_CT,9120073100
population_post2020_CT,9120073200
population_post2020_CT,9120073300
population_post2020_CT,9120073400
population_post2020_CT,9120073500
population_post2020_CT,9120073600
population_post2020_CT,9120073700
population_post2020_CT,9120073800
population_post2020_CT,9120073900
population_post2020_CT,9120074000
population_post2020_CT,9120074300
population_post2020_CT,9120074400
population_post2020_CT,9120080100
population_post2020_CT,9120080200
population_post2020_CT,9120080400
population_post2020_CT,9120080500
population_post2020_CT,9120080600
population_post2020_CT,9120080700
population_post2020_CT,9120080800
population_post2020_CT,9120080900
population_post2020_CT,9120081000
population_post2020_CT,9120081100
population_post2020_CT,9120081200
population_post2020_CT,9120081300
population_post2020_CT,9120090100
population_post2020_CT,9120090200
population_post2020_CT,9120090300
population_post2020_CT,9120090400
population_post2020_CT,9120090500
population_post2020_CT,9120090600
population_post2020_CT,9120090700
population_post2020_CT,9120100100
population_post2020_CT,9120100200
population_post2020_CT,9120100300
population_post2020_CT,9120105100
population_post2020_CT,9120105200
population_post2020_CT,9120257200
population_post2020_CT,9120990000
population_post2020_CT,9130541100
population_post2020_CT,9130541200
population_post2020_CT,9130541301
population_post2020_CT,9130541302
population_post2020_CT,9130541401
population_post2020_CT,9130541402
population_post2020_CT,9130541500
population_post2020_CT,9130541600
population_post2020_CT,9130541700
population_post2020_CT,9130542000
population_post2020_CT,9130542100
population_post2020_CT,9130542200
population_post2020_CT,9130550100
population_post2020_CT,9130550201
population_post2020_CT,9130550202
population_post2020_CT,9130560100
population_post2020_CT,9130560200
population_post2020_CT,9130570100
population_post2020_CT,9130570200
population_post2020_CT,9130570300
population_post2020_CT,9130580100
population_post2020_CT,9130585100
population_post2020_CT,9130590101
population_post2020_CT,9130590102
population_post2020_CT,9130595101
population_post2020_CT,9130595102
population_post2020_CT,9130600100
population_post2020_CT,9130610100
population_post2020_CT,9130610200
population_post2020_CT,9130610300
population_post2020_CT,9130610400
population_post2020_CT,9130620100
population_post2020_CT,9130630101
population_post2020_CT,9130630102
population_post2020_CT,9130640100
population_post2020_CT,9130650100
population_post2020_CT,9130660101
population_post2020_CT,9130660103
population_post2020_CT,9130660104
population_post2020_CT,9130670100
population_post2020_CT,9130670200
population_post2020_CT,9130680101
population_post2020_CT,9130680102
population_post2020_CT,9130680200
population_post2020_CT,9130990100
population_post2020_CT,9140110100
population_post2020_CT,9140110201
population_post2020_CT,9140110202
population_post2020_CT,9140110301
population_post2020_CT,9140110302
population_post2020_CT,9140110400
population_post2020_CT,9140110500
population_post2020_CT,9140110601
population_post2020_CT,9140110602
population_post2020_CT,9140120100
population_post2020_CT,9140120200
population_post2020_CT,9140125100
population_post2020_CT,9140125200
population_post2020_CT,9140125300
population_post2020_CT,9140125400
population_post2020_CT,9140130101
population_post2020_CT,9140130102
population_post2020_CT,9140130201
population_post2020_CT,9140130202
population_post2020_CT,9140341100
population_post2020_CT,9140342100
population_post2020_CT,9140343101
population_post2020_CT,9140343102
population_post2020_CT,9140343200
population_post2020_CT,9140343300
population_post2020_CT,9140343400
population_post2020_CT,9140344100
population_post2020_CT,9140344200
population_post2020_CT,9140345100
population_post2020_CT,9140345201
population_post2020_CT,9140345202
population_post2020_CT,9140345300
population_post2020_CT,9140345400
population_post2020_CT,9140346101
population_post2020_CT,9140346102
population_post2020_CT,9140347100
population_post2020_CT,9140347200
population_post2020_CT,9140348111
population_post2020_CT,9140348122
population_post2020_CT,9140348123
population_post2020_CT,9140348124
population_post2020_CT,9140348125
population_post2020_CT,9140349100
population_post2020_CT,9140349200
population_post2020_CT,9140350101
population_post2020_CT,9140350200
population_post2020_CT,9140350300
population_post2020_CT,9140350400
population_post2020_CT,9140350500
population_post2020_CT,9140350800
population_post2020_CT,9140350900
population_post2020_CT,9140351000
population_post2020_CT,9140351100
population_post2020_CT,9140351200
population_post2020_CT,9140351300
population_post2020_CT,9140351400
population_post2020_CT,9140351500
population_post2020_CT,9140351601
population_post2020_CT,9140351602
population_post2020_CT,9140351700
population_post2020_CT,9140351800
population_post2020_CT,9140351900
population_post2020_CT,9140352000
population_post2020_CT,9140352100
population_post2020_CT,9140352200
population_post2020_CT,9140352300
population_post2020_CT,9140352400
population_post2020_CT,9140352500
population_post2020_CT,9140352600
population_post2020_CT,9140352701
population_post2020_CT,9140352702
population_post2020_CT,9140352800
population_post2020_CT,9140360100
population_post2020_CT,9140360200
population_post2020_CT,9140360300
population_post2020_CT,9140360400
population_post2020_CT,9140361100
population_post2020_CT,9140361200
population_post2020_CT,9140361300
population_post2020_CT,9140362101
population_post2020_CT,9140362102
population_post2020_CT,9140405100
population_post2020_CT,9140405200
population_post2020_CT,9140405300
population_post2020_CT,9140405401
population_post2020_CT,9140405402
population_post2020_CT,9140405500
population_post2020_CT,9140405600
population_post2020_CT,9140405700
population_post2020_CT,9140405801
population_post2020_CT,9140405802
population_post2020_CT,9140405900
population_post2020_CT,9140406001
population_post2020_CT,9140406002
population_post2020_CT,9140406100
population_post2020_CT,9140425300
population_post2020_CT,9140425400
population_post2020_CT,9140425500
population_post2020_CT,9150708100
population_post2020_CT,9150815000
population_post2020_CT,9150820000
population_post2020_CT,9150825000
population_post2020_CT,9150830100
population_post2020_CT,9150890203
population_post2020_CT,9150900100
population_post2020_CT,9150900200
population_post2020_CT,9150901101
population_post2020_CT,9150901102
population_post2020_CT,9150902200
population_post2020_CT,9150902500
population_post2020_CT,9150903101
population_post2020_CT,9150903102
population_post2020_CT,9150903200
population_post2020_CT,9150904101
population_post2020_CT,9150904102
population_post2020_CT,9150904400
population_post2020_CT,9150904500
population_post2020_CT,9150905101
population_post2020_CT,9150905102
population_post2020_CT,9150906100
population_post2020_CT,9150907100
population_post2020_CT,9150907200
population_post2020_CT,9150907300
population_post2020_CT,9150908100
population_post2020_CT,9160260200
population_post2020_CT,9160261100
population_post2020_CT,9160262100
population_post2020_CT,9160263200
population_post2020_CT,9160265100
population_post2020_CT,9160266100
population_post2020_CT,9160267100
population_post2020_CT,9160268100
population_post2020_CT,9160290100
population_post2020_CT,9160293100
population_post2020_CT,9160296100
population_post2020_CT,9160298300
population_post2020_CT,9160298400
population_post2020_CT,9160300100
population_post2020_CT,9160300400
population_post2020_CT,9160300500
population_post2020_CT,9160303100
population_post2020_CT,9160306100
population_post2020_CT,9160310100
population_post2020_CT,9160310200
population_post2020_CT,9160310300
population_post2020_CT,9160310400
population_post2020_CT,9160310500
population_post2020_CT,9160310601
population_post2020_CT,9160310602
population_post2020_CT,9160310700
population_post2020_CT,9160310801
population_post2020_CT,9160310803
population_post2020_CT,9160310804
population_post2020_CT,9160320101
population_post2020_CT,9160320102
population_post2020_CT,9160320200
population_post2020_CT,9160330100
population_post2020_CT,9160410101
population_post2020_CT,9160410102
population_post2020_CT,9160425601
population_post2020_CT,9160425602
population_post2020_CT,9170140101
population_post2020_CT,9170140102
population_post2020_CT,9170140200
population_post2020_CT,9170140300
population_post2020_CT,9170140400
population_post2020_CT,9170140500
population_post2020_CT,9170140600
population_post2020_CT,9170140700
population_post2020_CT,9170140800
population_post2020_CT,9170140900
population_post2020_CT,9170141000
population_post2020_CT,9170141100
population_post2020_CT,9170141200
population_post2020_CT,9170141301
population_post2020_CT,9170141400
population_post2020_CT,9170141500
population_post2020_CT,9170141600
population_post2020_CT,9170141800
population_post2020_CT,9170141900
population_post2020_CT,9170142000
population_post2020_CT,9170142100
population_post2020_CT,9170142200
population_post2020_CT,9170142300
population_post2020_CT,9170142400
population_post2020_CT,9170142500
population_post2020_CT,9170142601
population_post2020_CT,9170142604
population_post2020_CT,9170142605
population_post2020_CT,9170142700
population_post2020_CT,9170142800
population_post2020_CT,9170150100
population_post2020_CT,9170150200
population_post2020_CT,9170150300
population_post2020_CT,9170150400
population_post2020_CT,9170150500
population_post2020_CT,9170150600
population_post2020_CT,9170150700
population_post2020_CT,9170150800
population_post2020_CT,9170150900
population_post2020_CT,9170151000
population_post2020_CT,9170151100
population_post2020_CT,9170151200
population_post2020_CT,9170154101
population_post2020_CT,9170154102
population_post2020_CT,9170154200
population_post2020_CT,9170154500
population_post2020_CT,9170154600
population_post2020_CT,9170154700
population_post2020_CT,9170154800
population_post2020_CT,9170154900
population_post2020_CT,9170155000
population_post2020_CT,9170155100
population_post2020_CT,9170157100
population_post2020_CT,9170157200
population_post2020_CT,9170157300
population_post2020_CT,9170157400
population_post2020_CT,9170160100
population_post2020_CT,9170160200
population_post2020_CT,9170161100
population_post2020_CT,9170165100
population_post2020_CT,9170165200
population_post2020_CT,9170165300
population_post2020_CT,9170165400
population_post2020_CT,9170165500
population_post2020_CT,9170165600
population_post2020_CT,9170165700
population_post2020_CT,9170165801
population_post2020_CT,9170165802
population_post2020_CT,9170165900
population_post2020_CT,9170166002
population_post2020_CT,9170166003
population_post2020_CT,9170166004
population_post2020_CT,9170167101
population_post2020_CT,9170167102
population_post2020_CT,9170167201
population_post2020_CT,9170167202
population_post2020_CT,9170167301
population_post2020_CT,9170170100
population_post2020_CT,9170170200
population_post2020_CT,9170170300
population_post2020_CT,9170170400
population_post2020_CT,9170170500
population_post2020_CT,9170170600
population_post2020_CT,9170170700
population_post2020_CT,9170170800
population_post2020_CT,9170170900
population_post2020_CT,9170171000
population_post2020_CT,9170171100
population_post2020_CT,9170171201
population_post2020_CT,9170171202
population_post2020_CT,9170171300
population_post2020_CT,9170171400
population_post2020_CT,9170171500
population_post2020_CT,9170171600
population_post2020_CT,9170171700
population_post2020_CT,9170175100
population_post2020_CT,9170175200
population_post2020_CT,9170175300
population_post2020_CT,9170175400
population_post2020_CT,9170175501
population_post2020_CT,9170175502
population_post2020_CT,9170175600
population_post2020_CT,9170175700
population_post2020_CT,9170175800
population_post2020_CT,9170175900
population_post2020_CT,9170176000
population_post2020_CT,9170180101
population_post2020_CT,9170180102
population_post2020_CT,9170180200
population_post2020_CT,9170180300
population_post2020_CT,9170180400
population_post2020_CT,9170180500
population_post2020_CT,9170180601
population_post2020_CT,9170180602
population_post2020_CT,9170184101
population_post2020_CT,9170184200
population_post2020_CT,9170184300
population_post2020_CT,9170184400
population_post2020_CT,9170184500
population_post2020_CT,9170184600
population_post2020_CT,9170184700
population_post2020_CT,9170186100
population_post2020_CT,9170186200
population_post2020_CT,9170190100
population_post2020_CT,9170190200
population_post2020_CT,9170190301
population_post2020_CT,9170190302
population_post2020_CT,9170190303
population_post2020_CT,9170194101
population_post2020_CT,9170194102
population_post2020_CT,9170194201
population_post2020_CT,9170194202
population_post2020_CT,9170361401
population_post2020_CT,9170361402
population_post2020_CT,9170361500
population_post2020_CT,9170990000
population_post2020_CT,9180690300
population_post2020_CT,9180690400
population_post2020_CT,9180690500
population_post2020_CT,9180690700
population_post2020_CT,9180690800
population_post2020_CT,9180690900
population_post2020_CT,9180693300
population_post2020_CT,9180693400
population_post2020_CT,9180693500
population_post2020_CT,9180693600
population_post2020_CT,9180693700
population_post2020_CT,9180695201
population_post2020_CT,9180695202
population_post2020_CT,9180696100
population_post2020_CT,9180696200
population_post2020_CT,9180696300
population_post2020_CT,9180696401
population_post2020_CT,9180696500
population_post2020_CT,9180696600
population_post2020_CT,9180696701
population_post2020_CT,9180696800
population_post2020_CT,9180697000
population_post2020_CT,9180700100
population_post2020_CT,9180701100
population_post2020_CT,9180701200
population_post2020_CT,9180702100
population_post2020_CT,9180702300
population_post2020_CT,9180702400
population_post2020_CT,9180702500
population_post2020_CT,9180702600
population_post2020_CT,9180702700
population_post2020_CT,9180702800
population_post2020_CT,9180702900
population_post2020_CT,9180703000
population_post2020_CT,9180705101
population_post2020_CT,9180705102
population_post2020_CT,9180705200
population_post2020_CT,9180705300
population_post2020_CT,9180705400
population_post2020_CT,9180707100
population_post2020_CT,9180709100
population_post2020_CT,9180709200
population_post2020_CT,9180710100
population_post2020_CT,9180711100
population_post2020_CT,9180712100
population_post2020_CT,9180713100
population_post2020_CT,9180714101
population_post2020_CT,9180714103
population_post2020_CT,9180714104
population_post2020_CT,9180715100
population_post2020_CT,9180716101
population_post2020_CT,9180716102
population_post2020_CT,9180800300
population_post2020_CT,9180800400
population_post2020_CT,9180800501
population_post2020_CT,9180800502
population_post2020_CT,9180800600
population_post2020_CT,9180800700
population_post2020_CT,9180870100
population_post2020_CT,9180870200
population_post2020_CT,9180870300
population_post2020_CT,9180870501
population_post2020_CT,9180870502
population_post2020_CT,9180870701
population_post2020_CT,9180870703
population_post2020_CT,9180870704
population_post2020_CT,9180980000
population_post2020_CT,9180990100
population_post2020_CT,9190010101
population_post2020_CT,9190010102
population_post2020_CT,9190010201
population_post2020_CT,9190010202
population_post2020_CT,9190010300
population_post2020_CT,9190010400
population_post2020_CT,9190010500
population_post2020_CT,9190010600
population_post2020_CT,9190010700
population_post2020_CT,9190010800
population_post2020_CT,9190010900
population_post2020_CT,9190011000
population_post2020_CT,9190011100
population_post2020_CT,9190011200
population_post2020_CT,9190011300
population_post2020_CT,9190020101
population_post2020_CT,9190020102
population_post2020_CT,9190020200
population_post2020_CT,9190020301
population_post2020_CT,9190020302
population_post2020_CT,9190020400
population_post2020_CT,9190020500
population_post2020_CT,9190020600
population_post2020_CT,9190020700
population_post2020_CT,9190020800
population_post2020_CT,9190020900
population_post2020_CT,9190021000
population_post2020_CT,9190021100
population_post2020_CT,9190021200
population_post2020_CT,9190021300
population_post2020_CT,9190021401
population_post2020_CT,9190021402
population_post2020_CT,9190021501
population_post2020_CT,9190021502
population_post2020_CT,9190021601
population_post2020_CT,9190021602
population_post2020_CT,9190021701
population_post2020_CT,9190021702
population_post2020_CT,9190021801
population_post2020_CT,9190021802
population_post2020_CT,9190021900
population_post2020_CT,9190022000
population_post2020_CT,9190022101
population_post2020_CT,9190022102
population_post2020_CT,9190022201
population_post2020_CT,9190022202
population_post2020_CT,9190022300
population_post2020_CT,9190022400
population_post2020_CT,9190030100
population_post2020_CT,9190030200
population_post2020_CT,9190030300
population_post2020_CT,9190030400
population_post2020_CT,9190030500
population_post2020_CT,9190035101
population_post2020_CT,9190035102
population_post2020_CT,9190035200
population_post2020_CT,9190035300
population_post2020_CT,9190035400
population_post2020_CT,9190042500
population_post2020_CT,9190042600
population_post2020_CT,9190042700
population_post2020_CT,9190042800
population_post2020_CT,9190042900
population_post2020_CT,9190043000
population_post2020_CT,9190043100
population_post2020_CT,9190043200
population_post2020_CT,9190043300
population_post2020_CT,9190043400
population_post2020_CT,9190043500
population_post2020_CT,9190043600
population_post2020_CT,9190043700
population_post2020_CT,9190043800
population_post2020_CT,9190043900
population_post2020_CT,9190044000
population_post2020_CT,9190044100
population_post2020_CT,9190044200
population_post2020_CT,9190044300
population_post2020_CT,9190044400
population_post2020_CT,9190044500
population_post2020_CT,9190044600
population_post2020_CT,9190045101
population_post2020_CT,9190045102
population_post2020_CT,9190045200
population_post2020_CT,9190045300
population_post2020_CT,9190045400
population_post2020_CT,9190050100
population_post2020_CT,9190050200
population_post2020_CT,9190050301
population_post2020_CT,9190050302
population_post2020_CT,9190050400
population_post2020_CT,9190050500
population_post2020_CT,9190050600
population_post2020_CT,9190055100
population_post2020_CT,9190055200
population_post2020_CT,9190200100
population_post2020_CT,9190200200
population_post2020_CT,9190200301
population_post2020_CT,9190200302
population_post2020_CT,9190205100
population_post2020_CT,9190205200
population_post2020_CT,9190205300
population_post2020_CT,9190210101
population_post2020_CT,9190210102
population_post2020_CT,9190210201
population_post2020_CT,9190210202
population_post2020_CT,9190210300
population_post2020_CT,9190210401
population_post2020_CT,9190210402
population_post2020_CT,9190210501
population_post2020_CT,9190210502
population_post2020_CT,9190210600
population_post2020_CT,9190210701
population_post2020_CT,9190210702
population_post2020_CT,9190210800
population_post2020_CT,9190210900
population_post2020_CT,9190211000
population_post2020_CT,9190211100
population_post2020_CT,9190211201
population_post2020_CT,9190211202
population_post2020_CT,9190211300
population_post2020_CT,9190211400
population_post2020_CT,9190220100
population_post2020_CT,9190220200
population_post2020_CT,9190220300
population_post2020_CT,9190230100
population_post2020_CT,9190230200
population_post2020_CT,9190230300
population_post2020_CT,9190230400
population_post2020_CT,9190230501
population_post2020_CT,9190230502
population_post2020_CT,9190240100
population_post2020_CT,9190240200
population_post2020_CT,9190245100
population_post2020_CT,9190245200
population_post2020_CT,9190245300
population_post2020_CT,9190245400
population_post2020_CT,9190245500
population_post2020_CT,9190245600
population_post2020_CT,9190250100
population_post2020_CT,9190253100
population_post2020_CT,9190253200
population_post2020_CT,9190253400
population_post2020_CT,9190253500
population_post2020_CT,9190257100
population_post2020_CT,9190425700
population_post2020_CT,9190990000
urbanicity_post2020_CT,1003990000
urbanicity_post2020_CT,1015981903
urbanicity_post2020_CT,1097990000
urbanicity_post2020_CT,2020980000
urbanicity_post2020_CT,4005980100
urbanicity_post2020_CT,4005980200
urbanicity_post2020_CT,4012980000
urbanicity_post2020_CT,4013216858
urbanicity_post2020_CT,4013319709
urbanicity_post2020_CT,4013422224
urbanicity_post2020_CT,4013422225
urbanicity_post2020_CT,4013422226
urbanicity_post2020_CT,4013522801
urbanicity_post2020_CT,4013619601
urbanicity_post2020_CT,4013980500
urbanicity_post2020_CT,4013980700
urbanicity_post2020_CT,4019980100
urbanicity_post2020_CT,4027980003
urbanicity_post2020_CT,4027980005
urbanicity_post2020_CT,6001990000
urbanicity_post2020_CT,6013990000
urbanicity_post2020_CT,6015990000
urbanicity_post2020_CT,6017990000
urbanicity_post2020_CT,6023990100
urbanicity_post2020_CT,6029004603
urbanicity_post2020_CT,6031980100
urbanicity_post2020_CT,6031981800
urbanicity_post2020_CT,6037901003
urbanicity_post2020_CT,6037920200
urbanicity_post2020_CT,6037980003
urbanicity_post2020_CT,6037980004
urbanicity_post2020_CT,6037980006
urbanicity_post2020_CT,6037980012
urbanicity_post2020_CT,6037980018
urbanicity_post2020_CT,6037980022
urbanicity_post2020_CT,6037980030
urbanicity_post2020_CT,6037980037
urbanicity_post2020_CT,6037980039
urbanicity_post2020_CT,6037990100
urbanicity_post2020_CT,6037990200
urbanicity_post2020_CT,6037990300
urbanicity_post2020_CT,6041990100
urbanicity_post2020_CT,6045990100
urbanicity_post2020_CT,6053990000
urbanicity_post2020_CT,6059990100
urbanicity_post2020_CT,6061990000
urbanicity_post2020_CT,6071012202
urbanicity_post2020_CT,6071012300
urbanicity_post2020_CT,6073990100
urbanicity_post2020_CT,6075980401
urbanicity_post2020_CT,6075990100
urbanicity_post2020_CT,6075990200
urbanicity_post2020_CT,6079011400
urbanicity_post2020_CT,6079990000
urbanicity_post2020_CT,6081984300
urbanicity_post2020_CT,6081990100
urbanicity_post2020_CT,6083990000
urbanicity_post2020_CT,6087990100
urbanicity_post2020_CT,6097990100
urbanicity_post2020_CT,6109985202
urbanicity_post2020_CT,6111980000
urbanicity_post2020_CT,6111990100
urbanicity_post2020_CT,8001988700
urbanicity_post2020_CT,8014980100
urbanicity_post2020_CT,8014980200
urbanicity_post2020_CT,8014980300
urbanicity_post2020_CT,8031980001
urbanicity_post2020_CT,8043980100
urbanicity_post2020_CT,8043980200
urbanicity_post2020_CT,8043980300
urbanicity_post2020_CT,8059980000
urbanicity_post2020_CT,8059980700
urbanicity_post2020_CT,8101980100
urbanicity_post2020_CT,10001990000
urbanicity_post2020_CT,10003980100
urbanicity_post2020_CT,10003990100
urbanicity_post2020_CT,10005990000
urbanicity_post2020_CT,12005990000
urbanicity_post2020_CT,12009980100
urbanicity_post2020_CT,12009990000
urbanicity_post2020_CT,12011990000
urbanicity_post2020_CT,12015990000
urbanicity_post2020_CT,12017990000
urbanicity_post2020_CT,12021990000
urbanicity_post2020_CT,12029990000
urbanicity_post2020_CT,12031990000
urbanicity_post2020_CT,12033990000
urbanicity_post2020_CT,12035990000
urbanicity_post2020_CT,12037990000
urbanicity_post2020_CT,12037990100
urbanicity_post2020_CT,12043990000
urbanicity_post2020_CT,12045990000
urbanicity_post2020_CT,12051990000
urbanicity_post2020_CT,12053990000
urbanicity_post2020_CT,12055980100
urbanicity_post2020_CT,12055980200
urbanicity_post2020_CT,12057980100
urbanicity_post2020_CT,12057980200
urbanicity_post2020_CT,12057980300
urbanicity_post2020_CT,12057990000
urbanicity_post2020_CT,12057990100
urbanicity_post2020_CT,12061980000
urbanicity_post2020_CT,12061990000
urbanicity_post2020_CT,12065990000
urbanicity_post2020_CT,12071980000
urbanicity_post2020_CT,12071990000
urbanicity_post2020_CT,12075990000
urbanicity_post2020_CT,12081990000
urbanicity_post2020_CT,12083980000
urbanicity_post2020_CT,12083980100
urbanicity_post2020_CT,12085990000
urbanicity_post2020_CT,12085990100
urbanicity_post2020_CT,12086980100
urbanicity_post2020_CT,12086980200
urbanicity_post2020_CT,12086980600
urbanicity_post2020_CT,12086980900
urbanicity_post2020_CT,12086981200
urbanicity_post2020_CT,12086990000
urbanicity_post2020_CT,12087990000
urbanicity_post2020_CT,12089990000
urbanicity_post2020_CT,12091990100
urbanicity_post2020_CT,12091990200
urbanicity_post2020_CT,12093990000
urbanicity_post2020_CT,12095990000
urbanicity_post2020_CT,12099007852
urbanicity_post2020_CT,12099008102
urbanicity_post2020_CT,12099980000
urbanicity_post2020_CT,12099980400
urbanicity_post2020_CT,12099980500
urbanicity_post2020_CT,12099990000
urbanicity_post2020_CT,12099990100
urbanicity_post2020_CT,12101990000
urbanicity_post2020_CT,12103990000
urbanicity_post2020_CT,12103990100
urbanicity_post2020_CT,12107980000
urbanicity_post2020_CT,12109990100
urbanicity_post2020_CT,12109990200
urbanicity_post2020_CT,12111990000
urbanicity_post2020_CT,12113990000
urbanicity_post2020_CT,12115990000
urbanicity_post2020_CT,12123990000
urbanicity_post2020_CT,12127990000
urbanicity_post2020_CT,12129990000
urbanicity_post2020_CT,12131990000
urbanicity_post2020_CT,13029980000
urbanicity_post2020_CT,13039990000
urbanicity_post2020_CT,13051980000
urbanicity_post2020_CT,13051990000
urbanicity_post2020_CT,13063980000
urbanicity_post2020_CT,13089980000
urbanicity_post2020_CT,13121980000
urbanicity_post2020_CT,13127990000
urbanicity_post2020_CT,13179990000
urbanicity_post2020_CT,13183980000
urbanicity_post2020_CT,13191980000
urbanicity_post2020_CT,13191990000
urbanicity_post2020_CT,15001990000
urbanicity_post2020_CT,15001990100
urbanicity_post2020_CT,15001990300
urbanicity_post2020_CT,15001990400
urbanicity_post2020_CT,15001990500
urbanicity_post2020_CT,15001990600
urbanicity_post2020_CT,15001990700
urbanicity_post2020_CT,15001990800
urbanicity_post2020_CT,15001990900
urbanicity_post2020_CT,15001991000
urbanicity_post2020_CT,15001991100
urbanicity_post2020_CT,15001991200
urbanicity_post2020_CT,15001991300
urbanicity_post2020_CT,15001991400
urbanicity_post2020_CT,15001991500
urbanicity_post2020_CT,15001991600
urbanicity_post2020_CT,15001991700
urbanicity_post2020_CT,15003980000
urbanicity_post2020_CT,15003980700
urbanicity_post2020_CT,15003981200
urbanicity_post2020_CT,15003982100
urbanicity_post2020_CT,15003990001
urbanicity_post2020_CT,15005990000
urbanicity_post2020_CT,15007990100
urbanicity_post2020_CT,15007990200
urbanicity_post2020_CT,15007990300
urbanicity_post2020_CT,15009980000
urbanicity_post2020_CT,15009990000
urbanicity_post2020_CT,15009990200
urbanicity_post2020_CT,15009991200
urbanicity_post2020_CT,17031381700
urbanicity_post2020_CT,17031980000
urbanicity_post2020_CT,17031990000
urbanicity_post2020_CT,17097990000
urbanicity_post2020_CT,17197980000
urbanicity_post2020_CT,18089990000
urbanicity_post2020_CT,18091990000
urbanicity_post2020_CT,18127980002
urbanicity_post2020_CT,18127990000
urbanicity_post2020_CT,18163980200
urbanicity_post2020_CT,18163980300
urbanicity_post2020_CT,18163980600
urbanicity_post2020_CT,19099980000
urbanicity_post2020_CT,19153011600
urbanicity_post2020_CT,19193940200
urbanicity_post2020_CT,20091980100
urbanicity_post2020_CT,20209044602
urbanicity_post2020_CT,20209044603
urbanicity_post2020_CT,20209980000
urbanicity_post2020_CT,21047980100
urbanicity_post2020_CT,21143980100
urbanicity_post2020_CT,21221980100
urbanicity_post2020_CT,22017980000
urbanicity_post2020_CT,22019980000
urbanicity_post2020_CT,22019980100
urbanicity_post2020_CT,22023990000
urbanicity_post2020_CT,22033980000
urbanicity_post2020_CT,22045990000
urbanicity_post2020_CT,22051980000
urbanicity_post2020_CT,22051990000
urbanicity_post2020_CT,22051990100
urbanicity_post2020_CT,22057990000
urbanicity_post2020_CT,22071990000
urbanicity_post2020_CT,22073980000
urbanicity_post2020_CT,22075990000
urbanicity_post2020_CT,22079980000
urbanicity_post2020_CT,22087990000
urbanicity_post2020_CT,22101990000
urbanicity_post2020_CT,22103990000
urbanicity_post2020_CT,22109990000
urbanicity_post2020_CT,22113990000
urbanicity_post2020_CT,23005990000
urbanicity_post2020_CT,23009990000
urbanicity_post2020_CT,23013990000
urbanicity_post2020_CT,23015990000
urbanicity_post2020_CT,23023990000
urbanicity_post2020_CT,23029990000
urbanicity_post2020_CT,23031990100
urbanicity_post2020_CT,24003740400
urbanicity_post2020_CT,24003980000
urbanicity_post2020_CT,24003990000
urbanicity_post2020_CT,24005980100
urbanicity_post2020_CT,24009990100
urbanicity_post2020_CT,24017990000
urbanicity_post2020_CT,24019990000
urbanicity_post2020_CT,24029990000
urbanicity_post2020_CT,24035990000
urbanicity_post2020_CT,24035990100
urbanicity_post2020_CT,24035990200
urbanicity_post2020_CT,24037990000
urbanicity_post2020_CT,24039990100
urbanicity_post2020_CT,24041990000
urbanicity_post2020_CT,24047980000
urbanicity_post2020_CT,24047990000
urbanicity_post2020_CT,25001990000
urbanicity_post2020_CT,25005990000
urbanicity_post2020_CT,25007990000
urbanicity_post2020_CT,25009990100
urbanicity_post2020_CT,25015820802
urbanicity_post2020_CT,25017359301
urbanicity_post2020_CT,25017359302
urbanicity_post2020_CT,25017980000
urbanicity_post2020_CT,25019990000
urbanicity_post2020_CT,25023990003
urbanicity_post2020_CT,25025061202
urbanicity_post2020_CT,25025980101
urbanicity_post2020_CT,25025981201
urbanicity_post2020_CT,25025981900
urbanicity_post2020_CT,25025990101
urbanicity_post2020_CT,26001990000
urbanicity_post2020_CT,26003990000
urbanicity_post2020_CT,26005990000
urbanicity_post2020_CT,26007990000
urbanicity_post2020_CT,26009990000
urbanicity_post2020_CT,26011990000
urbanicity_post2020_CT,26011990100
urbanicity_post2020_CT,26013990100
urbanicity_post2020_CT,26017990000
urbanicity_post2020_CT,26019990000
urbanicity_post2020_CT,26021990000
urbanicity_post2020_CT,26029990000
urbanicity_post2020_CT,26031990000
urbanicity_post2020_CT,26033980100
urbanicity_post2020_CT,26033980200
urbanicity_post2020_CT,26033980300
urbanicity_post2020_CT,26033990000
urbanicity_post2020_CT,26033990100
urbanicity_post2020_CT,26041990000
urbanicity_post2020_CT,26041990100
urbanicity_post2020_CT,26047990000
urbanicity_post2020_CT,26049980100
urbanicity_post2020_CT,26053990000
urbanicity_post2020_CT,26055990000
urbanicity_post2020_CT,26057000400
urbanicity_post2020_CT,26061990000
urbanicity_post2020_CT,26061990100
urbanicity_post2020_CT,26063990000
urbanicity_post2020_CT,26069990000
urbanicity_post2020_CT,26075005800
urbanicity_post2020_CT,26083980100
urbanicity_post2020_CT,26083990100
urbanicity_post2020_CT,26087336500
urbanicity_post2020_CT,26089990000
urbanicity_post2020_CT,26095980000
urbanicity_post2020_CT,26095990000
urbanicity_post2020_CT,26097990000
urbanicity_post2020_CT,26099980000
urbanicity_post2020_CT,26099980100
urbanicity_post2020_CT,26099990100
urbanicity_post2020_CT,26101990000
urbanicity_post2020_CT,26103990000
urbanicity_post2020_CT,26105990000
urbanicity_post2020_CT,26109990000
urbanicity_post2020_CT,26115990000
urbanicity_post2020_CT,26121990000
urbanicity_post2020_CT,26125981000
urbanicity_post2020_CT,26125981100
urbanicity_post2020_CT,26125981200
urbanicity_post2020_CT,26125981600
urbanicity_post2020_CT,26127990000
urbanicity_post2020_CT,26131990100
urbanicity_post2020_CT,26139990000
urbanicity_post2020_CT,26141990000
urbanicity_post2020_CT,26147990000
urbanicity_post2020_CT,26151990000
urbanicity_post2020_CT,26153990000
urbanicity_post2020_CT,26157990000
urbanicity_post2020_CT,26159990000
urbanicity_post2020_CT,26161980200
urbanicity_post2020_CT,26161980400
urbanicity_post2020_CT,26163981700
urbanicity_post2020_CT,26163981800
urbanicity_post2020_CT,26163981901
urbanicity_post2020_CT,26163981902
urbanicity_post2020_CT,26163982302
urbanicity_post2020_CT,26163982500
urbanicity_post2020_CT,26163982900
urbanicity_post2020_CT,26163983100
urbanicity_post2020_CT,26163983200
urbanicity_post2020_CT,26163983301
urbanicity_post2020_CT,26163983302
urbanicity_post2020_CT,26163983700
urbanicity_post2020_CT,26163983800
urbanicity_post2020_CT,26163983901
urbanicity_post2020_CT,26163983902
urbanicity_post2020_CT,26163983903
urbanicity_post2020_CT,26163984200
urbanicity_post2020_CT,26163985500
urbanicity_post2020_CT,26163985600
urbanicity_post2020_CT,26163985700
urbanicity_post2020_CT,26163985800
urbanicity_post2020_CT,26163985900
urbanicity_post2020_CT,26163986200
urbanicity_post2020_CT,26163986501
urbanicity_post2020_CT,26163986502
urbanicity_post2020_CT,26163986600
urbanicity_post2020_CT,26163990100
urbanicity_post2020_CT,26163990200
urbanicity_post2020_CT,27031990000
urbanicity_post2020_CT,27075990100
urbanicity_post2020_CT,27123980000
urbanicity_post2020_CT,27137990100
urbanicity_post2020_CT,28045990000
urbanicity_post2020_CT,28047980000
urbanicity_post2020_CT,28047990000
urbanicity_post2020_CT,28059990000
urbanicity_post2020_CT,28081980000
urbanicity_post2020_CT,30101980000
urbanicity_post2020_CT,31109003500
urbanicity_post2020_CT,32005990000
urbanicity_post2020_CT,32023980500
urbanicity_post2020_CT,32031980100
urbanicity_post2020_CT,32031980200
urbanicity_post2020_CT,32031990000
urbanicity_post2020_CT,32031990100
urbanicity_post2020_CT,32510990000
urbanicity_post2020_CT,33011980101
urbanicity_post2020_CT,33015990000
urbanicity_post2020_CT,34001990000
urbanicity_post2020_CT,34009990100
urbanicity_post2020_CT,34011010103
urbanicity_post2020_CT,34011020502
urbanicity_post2020_CT,34011990000
urbanicity_post2020_CT,34025990000
urbanicity_post2020_CT,34029990000
urbanicity_post2020_CT,34033990000
urbanicity_post2020_CT,35001980500
urbanicity_post2020_CT,35043940300
urbanicity_post2020_CT,35043980000
urbanicity_post2020_CT,35057980000
urbanicity_post2020_CT,35061980200
urbanicity_post2020_CT,35061980400
urbanicity_post2020_CT,36005001904
urbanicity_post2020_CT,36005006302
urbanicity_post2020_CT,36005011000
urbanicity_post2020_CT,36005011702
urbanicity_post2020_CT,36005043502
urbanicity_post2020_CT,36005051602
urbanicity_post2020_CT,36011990200
urbanicity_post2020_CT,36013990000
urbanicity_post2020_CT,36027640001
urbanicity_post2020_CT,36029980400
urbanicity_post2020_CT,36029990000
urbanicity_post2020_CT,36045990001
urbanicity_post2020_CT,36047001804
urbanicity_post2020_CT,36047003102
urbanicity_post2020_CT,36047005303
urbanicity_post2020_CT,36047008600
urbanicity_post2020_CT,36047011902
urbanicity_post2020_CT,36047031402
urbanicity_post2020_CT,36047035702
urbanicity_post2020_CT,36047057902
urbanicity_post2020_CT,36047058902
urbanicity_post2020_CT,36047070203
urbanicity_post2020_CT,36047103402
urbanicity_post2020_CT,36047107002
urbanicity_post2020_CT,36047107003
urbanicity_post2020_CT,36047990100
urbanicity_post2020_CT,36055980000
urbanicity_post2020_CT,36055990000
urbanicity_post2020_CT,36059980100
urbanicity_post2020_CT,36059990100
urbanicity_post2020_CT,36059990200
urbanicity_post2020_CT,36059990301
urbanicity_post2020_CT,36059990302
urbanicity_post2020_CT,36059990400
urbanicity_post2020_CT,36061000100
urbanicity_post2020_CT,36061008602
urbanicity_post2020_CT,36061031100
urbanicity_post2020_CT,36063940100
urbanicity_post2020_CT,36063990000
urbanicity_post2020_CT,36073990000
urbanicity_post2020_CT,36075990000
urbanicity_post2020_CT,36081005000
urbanicity_post2020_CT,36081009900
urbanicity_post2020_CT,36081019903
urbanicity_post2020_CT,36081021603
urbanicity_post2020_CT,36081022900
urbanicity_post2020_CT,36081024600
urbanicity_post2020_CT,36081033100
urbanicity_post2020_CT,36081038301
urbanicity_post2020_CT,36081053502
urbanicity_post2020_CT,36081061302
urbanicity_post2020_CT,36081062400
urbanicity_post2020_CT,36081066404
urbanicity_post2020_CT,36081089202
urbanicity_post2020_CT,36081091604
urbanicity_post2020_CT,36081099900
urbanicity_post2020_CT,36081107202
urbanicity_post2020_CT,36081128300
urbanicity_post2020_CT,36081990100
urbanicity_post2020_CT,36085990100
urbanicity_post2020_CT,36099950801
urbanicity_post2020_CT,36103990100
urbanicity_post2020_CT,36117990100
urbanicity_post2020_CT,36119005600
urbanicity_post2020_CT,36121970201
urbanicity_post2020_CT,37007980000
urbanicity_post2020_CT,37019990100
urbanicity_post2020_CT,37031980100
urbanicity_post2020_CT,37031990100
urbanicity_post2020_CT,37031990200
urbanicity_post2020_CT,37053990100
urbanicity_post2020_CT,37055990100
urbanicity_post2020_CT,37055990200
urbanicity_post2020_CT,37077970704
urbanicity_post2020_CT,37081980100
urbanicity_post2020_CT,37089980100
urbanicity_post2020_CT,37091980000
urbanicity_post2020_CT,37095990100
urbanicity_post2020_CT,37095990200
urbanicity_post2020_CT,37119980100
urbanicity_post2020_CT,37129990100
urbanicity_post2020_CT,37133990100
urbanicity_post2020_CT,37137990100
urbanicity_post2020_CT,37141990100
urbanicity_post2020_CT,37183980200
urbanicity_post2020_CT,39007990000
urbanicity_post2020_CT,39035980200
urbanicity_post2020_CT,39035980900
urbanicity_post2020_CT,39035981100
urbanicity_post2020_CT,39035990000
urbanicity_post2020_CT,39043990100
urbanicity_post2020_CT,39085990000
urbanicity_post2020_CT,39093990200
urbanicity_post2020_CT,39095990000
urbanicity_post2020_CT,39113980000
urbanicity_post2020_CT,39129021300
urbanicity_post2020_CT,40109980002
urbanicity_post2020_CT,40109980003
urbanicity_post2020_CT,40109980004
urbanicity_post2020_CT,40109980006
urbanicity_post2020_CT,40109980008
urbanicity_post2020_CT,41007990000
urbanicity_post2020_CT,41011990101
urbanicity_post2020_CT,41015990101
urbanicity_post2020_CT,41019990000
urbanicity_post2020_CT,41039990000
urbanicity_post2020_CT,41041990100
urbanicity_post2020_CT,41045940000
urbanicity_post2020_CT,41051980000
urbanicity_post2020_CT,41057990100
urbanicity_post2020_CT,42003010301
urbanicity_post2020_CT,42003980000
urbanicity_post2020_CT,42003980300
urbanicity_post2020_CT,42003980900
urbanicity_post2020_CT,42003981100
urbanicity_post2020_CT,42003981200
urbanicity_post2020_CT,42017980000
urbanicity_post2020_CT,42045980000
urbanicity_post2020_CT,42045980200
urbanicity_post2020_CT,42049990000
urbanicity_post2020_CT,42091980000
urbanicity_post2020_CT,42101980003
urbanicity_post2020_CT,42101980400
urbanicity_post2020_CT,42101980701
urbanicity_post2020_CT,42101980902
urbanicity_post2020_CT,42101980905
urbanicity_post2020_CT,42101980906
urbanicity_post2020_CT,42101989200
urbanicity_post2020_CT,44003980000
urbanicity_post2020_CT,44005990000
urbanicity_post2020_CT,44009990100
urbanicity_post2020_CT,44009990200
urbanicity_post2020_CT,45003980100
urbanicity_post2020_CT,45013990100
urbanicity_post2020_CT,45015980100
urbanicity_post2020_CT,45019990100
urbanicity_post2020_CT,45027980000
urbanicity_post2020_CT,45029990100
urbanicity_post2020_CT,45041980100
urbanicity_post2020_CT,45043990100
urbanicity_post2020_CT,45051990100
urbanicity_post2020_CT,45053990100
urbanicity_post2020_CT,45061920301
urbanicity_post2020_CT,45089970802
urbanicity_post2020_CT,47001980100
urbanicity_post2020_CT,47009980100
urbanicity_post2020_CT,47017980100
urbanicity_post2020_CT,47065980100
urbanicity_post2020_CT,47065980200
urbanicity_post2020_CT,47145980100
urbanicity_post2020_CT,47157980300
urbanicity_post2020_CT,47157980401
urbanicity_post2020_CT,47161980200
urbanicity_post2020_CT,48007990000
urbanicity_post2020_CT,48027980001
urbanicity_post2020_CT,48027980002
urbanicity_post2020_CT,48029980002
urbanicity_post2020_CT,48039990000
urbanicity_post2020_CT,48057990000
urbanicity_post2020_CT,48061980001
urbanicity_post2020_CT,48061990000
urbanicity_post2020_CT,48071710600
urbanicity_post2020_CT,48071990000
urbanicity_post2020_CT,48167990000
urbanicity_post2020_CT,48167990100
urbanicity_post2020_CT,48201324102
urbanicity_post2020_CT,48201340201
urbanicity_post2020_CT,48215980000
urbanicity_post2020_CT,48245980200
urbanicity_post2020_CT,48245990000
urbanicity_post2020_CT,48261990000
urbanicity_post2020_CT,48273990000
urbanicity_post2020_CT,48303980000
urbanicity_post2020_CT,48321990000
urbanicity_post2020_CT,48329980000
urbanicity_post2020_CT,48355980000
urbanicity_post2020_CT,48355990000
urbanicity_post2020_CT,48423980000
urbanicity_post2020_CT,48441980000
urbanicity_post2020_CT,48465980000
urbanicity_post2020_CT,48469980000
urbanicity_post2020_CT,48485980000
urbanicity_post2020_CT,48489990000
urbanicity_post2020_CT,49045980000
urbanicity_post2020_CT,49049980100
urbanicity_post2020_CT,49049980600
urbanicity_post2020_CT,50007980000
urbanicity_post2020_CT,51001980200
urbanicity_post2020_CT,51001990100
urbanicity_post2020_CT,51001990200
urbanicity_post2020_CT,51013980200
urbanicity_post2020_CT,51053980100
urbanicity_post2020_CT,51059980200
urbanicity_post2020_CT,51059980300
urbanicity_post2020_CT,51081880102
urbanicity_post2020_CT,51087980100
urbanicity_post2020_CT,51103990100
urbanicity_post2020_CT,51115990100
urbanicity_post2020_CT,51119990100
urbanicity_post2020_CT,51131990100
urbanicity_post2020_CT,51133990100
urbanicity_post2020_CT,51155980100
urbanicity_post2020_CT,51183870202
urbanicity_post2020_CT,51199990100
urbanicity_post2020_CT,51510980000
urbanicity_post2020_CT,51650990100
urbanicity_post2020_CT,51670980100
urbanicity_post2020_CT,51710980100
urbanicity_post2020_CT,51710980300
urbanicity_post2020_CT,51710990000
urbanicity_post2020_CT,51735990100
urbanicity_post2020_CT,51740980100
urbanicity_post2020_CT,51810990100
urbanicity_post2020_CT,53009990100
urbanicity_post2020_CT,53021980100
urbanicity_post2020_CT,53027990000
urbanicity_post2020_CT,53029992201
urbanicity_post2020_CT,53031990000
urbanicity_post2020_CT,53033990100
urbanicity_post2020_CT,53035990100
urbanicity_post2020_CT,53049990100
urbanicity_post2020_CT,53055990100
urbanicity_post2020_CT,53057990100
urbanicity_post2020_CT,53061990002
urbanicity_post2020_CT,53061990100
urbanicity_post2020_CT,53067990100
urbanicity_post2020_CT,54021980000
urbanicity_post2020_CT,55003990000
urbanicity_post2020_CT,55007990000
urbanicity_post2020_CT,55009980000
urbanicity_post2020_CT,55025991702
urbanicity_post2020_CT,55025991703
urbanicity_post2020_CT,55029990000
urbanicity_post2020_CT,55031990000
urbanicity_post2020_CT,55051990000
urbanicity_post2020_CT,55059990000
urbanicity_post2020_CT,55061990000
urbanicity_post2020_CT,55071990000
urbanicity_post2020_CT,55075990000
urbanicity_post2020_CT,55079990000
urbanicity_post2020_CT,55083990000
urbanicity_post2020_CT,55089990000
urbanicity_post2020_CT,55101990000
urbanicity_post2020_CT,55117990000
industry_post2020_CT,1015981901
industry_post2020_CT,1015981902
industry_post2020_CT,1117980000
industry_post2020_CT,1117980100
industry_post2020_CT,4013061017
industry_post2020_CT,4013114705
industry_post2020_CT,4013116733
industry_post2020_CT,4013319707
industry_post2020_CT,4013617001
industry_post2020_CT,4013980100
industry_post2020_CT,4013981000
industry_post2020_CT,4019980001
industry_post2020_CT,4019980002
industry_post2020_CT,4019980200
industry_post2020_CT,4019980300
industry_post2020_CT,4019980400
industry_post2020_CT,4021000903
industry_post2020_CT,4027980004
industry_post2020_CT,5069000102
industry_post2020_CT,5119980100
industry_post2020_CT,6001444303
industry_post2020_CT,6013980000
industry_post2020_CT,6029004302
industry_post2020_CT,6029004601
industry_post2020_CT,6029006002
industry_post2020_CT,6037277400
industry_post2020_CT,6037980001
industry_post2020_CT,6037980002
industry_post2020_CT,6037980005
industry_post2020_CT,6037980007
industry_post2020_CT,6037980013
industry_post2020_CT,6037980020
industry_post2020_CT,6037980023
industry_post2020_CT,6037980026
industry_post2020_CT,6037980028
industry_post2020_CT,6037980033
industry_post2020_CT,6037980034
industry_post2020_CT,6037980038
industry_post2020_CT,6041122000
industry_post2020_CT,6053010900
industry_post2020_CT,6053980000
industry_post2020_CT,6065980004
industry_post2020_CT,6065981000
industry_post2020_CT,6071980100
industry_post2020_CT,6071980200
industry_post2020_CT,6073009902
industry_post2020_CT,6073010016
industry_post2020_CT,6075980200
industry_post2020_CT,6075980501
industry_post2020_CT,6077980000
industry_post2020_CT,6083980000
industry_post2020_CT,6095253000
industry_post2020_CT,6095980000
industry_post2020_CT,8031980100
industry_post2020_CT,8059980400
industry_post2020_CT,8059980800
industry_post2020_CT,8101000300
industry_post2020_CT,10001980000
industry_post2020_CT,10005980000
industry_post2020_CT,12009069905
industry_post2020_CT,12009980000
industry_post2020_CT,12057980500
industry_post2020_CT,12057980600
industry_post2020_CT,12057980700
industry_post2020_CT,12077980000
industry_post2020_CT,12086980400
industry_post2020_CT,12086980800
industry_post2020_CT,12086981000
industry_post2020_CT,12099980100
industry_post2020_CT,12099980200
industry_post2020_CT,12105980000
industry_post2020_CT,12111980000
industry_post2020_CT,12119980000
industry_post2020_CT,12119980100
industry_post2020_CT,13089023115
industry_post2020_CT,13215010606
industry_post2020_CT,15003980200
industry_post2020_CT,15003980300
industry_post2020_CT,15003980600
industry_post2020_CT,15003980800
industry_post2020_CT,15003981000
industry_post2020_CT,15003981900
industry_post2020_CT,15003982200
industry_post2020_CT,15007041200
industry_post2020_CT,17031980100
industry_post2020_CT,18095011600
industry_post2020_CT,18097390801
industry_post2020_CT,18127980001
industry_post2020_CT,18163980100
industry_post2020_CT,20091980001
industry_post2020_CT,20091980003
industry_post2020_CT,20091980005
industry_post2020_CT,20161980000
industry_post2020_CT,20209980500
industry_post2020_CT,20209980900
industry_post2020_CT,20209981200
industry_post2020_CT,21029980100
industry_post2020_CT,21111980100
industry_post2020_CT,21163980100
industry_post2020_CT,21221980200
industry_post2020_CT,22071001600
industry_post2020_CT,22071014500
industry_post2020_CT,22071980000
industry_post2020_CT,22071980100
industry_post2020_CT,22125951703
industry_post2020_CT,24005980200
industry_post2020_CT,24043011000
industry_post2020_CT,24510100300
industry_post2020_CT,25021980000
industry_post2020_CT,25025980700
industry_post2020_CT,25025981501
industry_post2020_CT,25025981502
industry_post2020_CT,25025981600
industry_post2020_CT,25025981700
industry_post2020_CT,26049980000
industry_post2020_CT,26065980200
industry_post2020_CT,26065980300
industry_post2020_CT,26067982200
industry_post2020_CT,26099982001
industry_post2020_CT,26099982002
industry_post2020_CT,26099982100
industry_post2020_CT,26125981400
industry_post2020_CT,26125981500
industry_post2020_CT,26161980300
industry_post2020_CT,26163982000
industry_post2020_CT,26163982101
industry_post2020_CT,26163982102
industry_post2020_CT,26163982200
industry_post2020_CT,26163982301
industry_post2020_CT,26163982400
industry_post2020_CT,26163982600
industry_post2020_CT,26163982700
industry_post2020_CT,26163983600
industry_post2020_CT,26163984100
industry_post2020_CT,26163985000
industry_post2020_CT,26163985200
industry_post2020_CT,26163986100
industry_post2020_CT,26163986300
industry_post2020_CT,26163986400
industry_post2020_CT,26163987000
industry_post2020_CT,27053980000
industry_post2020_CT,27163070801
industry_post2020_CT,27163070802
industry_post2020_CT,28067980000
industry_post2020_CT,28143980000
industry_post2020_CT,29095980101
industry_post2020_CT,29095980802
industry_post2020_CT,29095989200
industry_post2020_CT,29165980000
industry_post2020_CT,29183980000
industry_post2020_CT,30067980600
industry_post2020_CT,31109003601
industry_post2020_CT,32003007802
industry_post2020_CT,33015980011
industry_post2020_CT,34011010402
industry_post2020_CT,34013980200
industry_post2020_CT,34017980100
industry_post2020_CT,34021980000
industry_post2020_CT,34023980000
industry_post2020_CT,34029980000
industry_post2020_CT,34029980100
industry_post2020_CT,35001940800
industry_post2020_CT,35001980300
industry_post2020_CT,35031980000
industry_post2020_CT,35061980300
industry_post2020_CT,36003940200
industry_post2020_CT,36005000100
industry_post2020_CT,36005001903
industry_post2020_CT,36005002400
industry_post2020_CT,36005009302
industry_post2020_CT,36005016300
industry_post2020_CT,36005017100
industry_post2020_CT,36005024900
industry_post2020_CT,36005048402
industry_post2020_CT,36005050400
industry_post2020_CT,36009940200
industry_post2020_CT,36015000300
industry_post2020_CT,36039080800
industry_post2020_CT,36047001801
industry_post2020_CT,36047001802
industry_post2020_CT,36047001803
industry_post2020_CT,36047015400
industry_post2020_CT,36047017500
industry_post2020_CT,36047017700
industry_post2020_CT,36047040700
industry_post2020_CT,36047044902
industry_post2020_CT,36047054300
industry_post2020_CT,36047066600
industry_post2020_CT,36047070602
industry_post2020_CT,36047096000
industry_post2020_CT,36047102802
industry_post2020_CT,36047118000
industry_post2020_CT,36055009403
industry_post2020_CT,36055980200
industry_post2020_CT,36061000500
industry_post2020_CT,36061014300
industry_post2020_CT,36061029700
industry_post2020_CT,36061031900
industry_post2020_CT,36065025900
industry_post2020_CT,36065980002
industry_post2020_CT,36065980003
industry_post2020_CT,36073040602
industry_post2020_CT,36081000103
industry_post2020_CT,36081003700
industry_post2020_CT,36081010701
industry_post2020_CT,36081017101
industry_post2020_CT,36081021900
industry_post2020_CT,36081028803
industry_post2020_CT,36081029900
industry_post2020_CT,36081038302
industry_post2020_CT,36081064102
industry_post2020_CT,36081065402
industry_post2020_CT,36081065501
industry_post2020_CT,36081066302
industry_post2020_CT,36081071600
industry_post2020_CT,36081079300
industry_post2020_CT,36081091602
industry_post2020_CT,36081097207
industry_post2020_CT,36081120702
industry_post2020_CT,36081121100
industry_post2020_CT,36085005902
industry_post2020_CT,36085015400
industry_post2020_CT,36085022802
industry_post2020_CT,36119982000
industry_post2020_CT,37051980100
industry_post2020_CT,37063980100
industry_post2020_CT,37087980100
industry_post2020_CT,37093980100
industry_post2020_CT,37119980200
industry_post2020_CT,37119980300
industry_post2020_CT,37129980100
industry_post2020_CT,37173980200
industry_post2020_CT,39035980100
industry_post2020_CT,39035980500
industry_post2020_CT,39035981000
industry_post2020_CT,39049980000
industry_post2020_CT,39099800502
industry_post2020_CT,39165031700
industry_post2020_CT,40031002401
industry_post2020_CT,40109107101
industry_post2020_CT,40109980001
industry_post2020_CT,40109980005
industry_post2020_CT,42003980100
industry_post2020_CT,42003980400
industry_post2020_CT,42003980500
industry_post2020_CT,42003980800
industry_post2020_CT,42003981000
industry_post2020_CT,42027011202
industry_post2020_CT,42041981001
industry_post2020_CT,42049010108
industry_post2020_CT,42091980100
industry_post2020_CT,42091980200
industry_post2020_CT,42091980300
industry_post2020_CT,42101036901
industry_post2020_CT,42101980001
industry_post2020_CT,42101980002
industry_post2020_CT,42101980300
industry_post2020_CT,42101980500
industry_post2020_CT,42101980600
industry_post2020_CT,42101980702
industry_post2020_CT,42101980800
industry_post2020_CT,42101980901
industry_post2020_CT,42101980903
industry_post2020_CT,42101980904
industry_post2020_CT,42101989300
industry_post2020_CT,45063980100
industry_post2020_CT,47009980200
industry_post2020_CT,47029980100
industry_post2020_CT,47037013002
industry_post2020_CT,47037980100
industry_post2020_CT,47037980200
industry_post2020_CT,47053980100
industry_post2020_CT,47155980100
industry_post2020_CT,47157021200
industry_post2020_CT,47157980100
industry_post2020_CT,47157980200
industry_post2020_CT,47157980402
industry_post2020_CT,47161980100
industry_post2020_CT,48001950402
industry_post2020_CT,48027980003
industry_post2020_CT,48029980001
industry_post2020_CT,48029980004
industry_post2020_CT,48041980000
industry_post2020_CT,48061980100
industry_post2020_CT,48085030902
industry_post2020_CT,48113010002
industry_post2020_CT,48113980000
industry_post2020_CT,48113980100
industry_post2020_CT,48141980000
industry_post2020_CT,48169980000
industry_post2020_CT,48201980100
industry_post2020_CT,48245980000
industry_post2020_CT,48245980300
industry_post2020_CT,48253020102
industry_post2020_CT,48309980000
industry_post2020_CT,48339693904
industry_post2020_CT,48371980000
industry_post2020_CT,48375980000
industry_post2020_CT,48439980000
industry_post2020_CT,48451980000
industry_post2020_CT,48453980000
industry_post2020_CT,48479001827
industry_post2020_CT,48479980000
industry_post2020_CT,49035112818
industry_post2020_CT,49035980000
industry_post2020_CT,49035980100
industry_post2020_CT,49051980100
industry_post2020_CT,51025930202
industry_post2020_CT,51059440504
industry_post2020_CT,51059980100
industry_post2020_CT,51107980100
industry_post2020_CT,51153980100
industry_post2020_CT,51155980200
industry_post2020_CT,51175200300
industry_post2020_CT,51590980100
industry_post2020_CT,51710980200
industry_post2020_CT,53005012000
industry_post2020_CT,53071920400
industry_post2020_CT,55079980000
industry_post2020_CT,56021980801
industry_post2020_CT,4019980100
